78.377151	87.951599	0	2.38	0
78.375542	88.051582	0	2.38	0
78.373665	88.151566	0	2.38	0
78.371513	88.251541	0	2.38	0
78.369087	88.351517	0	2.38	0
78.366386	88.451477	0	2.38	0
78.363411	88.551437	0	2.38	0
78.360168	88.651382	0	2.38	0
78.356644	88.751312	0	2.38	0
78.352844	88.851242	0	2.38	0
78.348778	88.951164	0	2.38	0
78.344437	89.051071	0	2.38	0
78.339813	89.150963	0	2.38	0
78.33493	89.250839	0	2.38	0
78.329758	89.350708	0	2.38	0
78.324326	89.450562	0	2.38	0
78.318619	89.5504	0	2.38	0
78.312622	89.650223	0	2.38	0
78.306374	89.750023	0	2.38	0
78.29985	89.849808	0	2.38	0
78.293045	89.949577	0	2.38	0
78.285965	90.049332	0	2.38	0
78.278625	90.149055	0	2.38	0
78.271004	90.248764	0	2.38	0
78.263107	90.34845	0	2.38	0
78.254944	90.44812	0	2.38	0
78.246513	90.54776	0	2.38	0
78.237808	90.647385	0	2.38	0
78.228828	90.746979	0	2.38	0
78.219574	90.84655	0	2.38	0
78.210052	90.946098	0	2.38	0
78.200256	91.045616	0	2.38	0
78.190193	91.145111	0	2.38	0
78.179855	91.244568	0	2.38	0
78.16925	91.344009	0	2.38	0
78.158371	91.443413	0	2.38	0
78.147224	91.542786	0	2.38	0
78.135803	91.642136	0	2.38	0
78.124115	91.741455	0	2.38	0
78.11216	91.840729	0	2.38	0
78.09993	91.939987	0	2.38	0
78.087433	92.0392	0	2.38	0
78.074661	92.138382	0	2.38	0
78.061615	92.237526	0	2.38	0
78.048309	92.336639	0	2.38	0
78.034729	92.435715	0	2.38	0
78.020889	92.534744	0	2.38	0
78.006775	92.633743	0	2.38	0
77.992386	92.732704	0	2.38	0
77.977737	92.831627	0	2.38	0
77.962814	92.930511	0	2.38	0
77.947624	93.029343	0	2.38	0
77.932159	93.128143	0	2.38	0
77.916443	93.226898	0	2.38	0
77.900444	93.325607	0	2.38	0
77.884186	93.424286	0	2.38	0
77.867653	93.522903	0	2.38	0
77.850861	93.62149	0	2.38	0
77.833801	93.720016	0	2.38	0
77.816467	93.818504	0	2.38	0
77.798874	93.916946	0	2.38	0
77.781006	94.015335	0	2.38	0
77.762878	94.113678	0	2.38	0
77.744476	94.211975	0	2.38	0
77.725822	94.310219	0	2.38	0
77.706894	94.408409	0	2.38	0
77.687698	94.506546	0	2.38	0
77.668243	94.604637	0	2.38	0
77.648521	94.702675	0	2.38	0
77.628532	94.800659	0	2.38	0
77.608276	94.898582	0	2.38	0
77.587769	94.99646	0	2.38	0
77.566986	95.094276	0	2.38	0
77.545937	95.192032	0	2.38	0
77.524628	95.289734	0	2.38	0
77.503052	95.387383	0	2.38	0
77.481216	95.48497	0	2.38	0
77.459122	95.582497	0	2.38	0
77.43676	95.679962	0	2.38	0
77.414139	95.777374	0	2.38	0
77.391251	95.874718	0	2.38	0
77.368103	95.972	0	2.38	0
77.344688	96.069221	0	2.38	0
77.321014	96.166382	0	2.38	0
77.297073	96.263474	0	2.38	0
77.272881	96.360504	0	2.38	0
77.248428	96.457466	0	2.38	0
77.223709	96.554359	0	2.38	0
77.19873	96.651192	0	2.38	0
77.173492	96.747955	0	2.38	0
77.147987	96.84465	0	2.38	0
77.122231	96.941269	0	2.38	0
77.096207	97.037827	0	2.38	0
77.069931	97.134315	0	2.38	0
77.043396	97.230728	0	2.38	0
77.016602	97.327072	0	2.38	0
76.989548	97.42334	0	2.38	0
76.962234	97.519539	0	2.38	0
76.934662	97.615662	0	2.38	0
76.90683	97.711716	0	2.38	0
76.878738	97.807686	0	2.38	0
76.850403	97.903587	0	2.38	0
76.821793	97.999405	0	2.38	0
76.792938	98.095154	0	2.38	0
76.763824	98.190826	0	2.38	0
76.734451	98.286407	0	2.38	0
76.704819	98.38192	0	2.38	0
76.674942	98.477356	0	2.38	0
76.644806	98.572701	0	2.38	0
76.61441	98.667969	0	2.38	0
76.583755	98.763161	0	2.38	0
76.552856	98.858261	0	2.38	0
76.521698	98.953285	0	2.38	0
76.49028	99.048225	0	2.38	0
76.458618	99.143082	0	2.38	0
76.426704	99.237846	0	2.38	0
76.394531	99.332535	0	2.38	0
76.362106	99.427132	0	2.38	0
76.32943	99.521637	0	2.38	0
76.296494	99.616058	0	2.38	0
76.263321	99.710396	0	2.38	0
76.229881	99.804642	0	2.38	0
76.196198	99.898796	0	2.38	0
76.162262	99.992859	0	2.38	0
76.128075	100.086838	0	2.38	0
76.093636	100.180717	0	2.38	0
76.058945	100.274513	0	2.38	0
76.02401	100.36821	0	2.38	0
75.988815	100.461815	0	2.38	0
75.953384	100.555321	0	2.38	0
75.917694	100.648743	0	2.38	0
75.88176	100.742058	0	2.38	0
75.845581	100.835281	0	2.38	0
75.809143	100.928413	0	2.38	0
75.772469	101.021439	0	2.38	0
75.735542	101.114372	0	2.38	0
75.698364	101.207207	0	2.38	0
75.66095	101.299942	0	2.38	0
75.623276	101.392578	0	2.38	0
75.585373	101.485107	0	2.38	0
75.547211	101.577545	0	2.38	0
75.508804	101.669876	0	2.38	0
75.470154	101.7621	0	2.38	0
75.431259	101.854233	0	2.38	0
75.39212	101.946251	0	2.38	0
75.352737	102.03817	0	2.38	0
75.31311	102.129982	0	2.38	0
75.273239	102.221695	0	2.38	0
75.233124	102.313293	0	2.38	0
75.192764	102.404785	0	2.38	0
75.152168	102.496178	0	2.38	0
75.111328	102.587456	0	2.38	0
75.070251	102.678627	0	2.38	0
75.028923	102.769691	0	2.38	0
74.98735	102.860641	0	2.38	0
74.945549	102.951485	0	2.38	0
74.903503	103.042213	0	2.38	0
74.861214	103.132835	0	2.38	0
74.818687	103.223343	0	2.38	0
74.775925	103.313736	0	2.38	0
74.732918	103.404015	0	2.38	0
74.689674	103.494179	0	2.38	0
74.646194	103.584229	0	2.38	0
74.60247	103.674171	0	2.38	0
74.558517	103.763992	0	2.38	0
74.51432	103.853691	0	2.38	0
74.469894	103.943283	0	2.38	0
74.425217	104.032753	0	2.38	0
74.380318	104.122101	0	2.38	0
74.335175	104.211334	0	2.38	0
74.289803	104.300446	0	2.38	0
74.244186	104.389435	0	2.38	0
74.198349	104.47831	0	2.38	0
74.152267	104.567062	0	2.38	0
74.105957	104.655693	0	2.38	0
74.05941	104.744202	0	2.38	0
74.012634	104.832581	0	2.38	0
73.965622	104.920837	0	2.38	0
73.918373	105.00898	0	2.38	0
73.870895	105.096985	0	2.38	0
73.823189	105.184875	0	2.38	0
73.775253	105.272636	0	2.38	0
73.727081	105.360268	0	2.38	0
73.67868	105.447777	0	2.38	0
73.630051	105.535156	0	2.38	0
73.581192	105.622406	0	2.38	0
73.532097	105.709526	0	2.38	0
73.48278	105.796516	0	2.38	0
73.433235	105.883377	0	2.38	0
73.383453	105.970116	0	2.38	0
73.333458	106.056717	0	2.38	0
73.283226	106.143188	0	2.38	0
73.232773	106.229523	0	2.38	0
73.182083	106.315727	0	2.38	0
73.13118	106.401794	0	2.38	0
73.080048	106.487732	0	2.38	0
73.028687	106.57354	0	2.38	0
72.977097	106.65921	0	2.38	0
72.925293	106.744736	0	2.38	0
72.87326	106.830132	0	2.38	0
72.820999	106.91539	0	2.38	0
72.768517	107.000519	0	2.38	0
72.71582	107.085503	0	2.38	0
72.662888	107.170349	0	2.38	0
72.609741	107.255051	0	2.38	0
72.556374	107.339622	0	2.38	0
72.502785	107.424042	0	2.38	0
72.448975	107.508339	0	2.38	0
72.394943	107.592484	0	2.38	0
72.340691	107.676491	0	2.38	0
72.286224	107.760353	0	2.38	0
72.231537	107.84407	0	2.38	0
72.17662	107.92765	0	2.38	0
72.121498	108.011086	0	2.38	0
72.066154	108.094376	0	2.38	0
72.01059	108.177521	0	2.38	0
71.954819	108.260513	0	2.38	0
71.898819	108.343369	0	2.38	0
71.842613	108.426079	0	2.38	0
71.786186	108.508636	0	2.38	0
71.729546	108.591049	0	2.38	0
71.672684	108.673309	0	2.38	0
71.615616	108.755432	0	2.38	0
71.558334	108.837395	0	2.38	0
71.500839	108.919212	0	2.38	0
71.44313	109.000885	0	2.38	0
71.385208	109.082397	0	2.38	0
71.327072	109.163765	0	2.38	0
71.268723	109.24498	0	2.38	0
71.210167	109.326035	0	2.38	0
71.151398	109.406952	0	2.38	0
71.092422	109.487701	0	2.38	0
71.033234	109.568306	0	2.38	0
70.973831	109.648758	0	2.38	0
70.91423	109.72905	0	2.38	0
70.854416	109.809189	0	2.38	0
70.794388	109.889168	0	2.38	0
70.734161	109.968994	0	2.38	0
70.673721	110.048668	0	2.38	0
70.613083	110.128181	0	2.38	0
70.552231	110.207535	0	2.38	0
70.491173	110.286728	0	2.38	0
70.429909	110.365768	0	2.38	0
70.368439	110.444649	0	2.38	0
70.306778	110.523369	0	2.38	0
70.244904	110.601929	0	2.38	0
70.182823	110.680328	0	2.38	0
70.120544	110.75856	0	2.38	0
70.05806	110.836639	0	2.38	0
69.995377	110.914551	0	2.38	0
69.932487	110.992302	0	2.38	0
69.8694	111.069893	0	2.38	0
69.806107	111.147316	0	2.38	0
69.742622	111.224579	0	2.38	0
69.678932	111.301674	0	2.38	0
69.615044	111.378601	0	2.38	0
69.550957	111.455368	0	2.38	0
69.486679	111.531967	0	2.38	0
69.422195	111.608398	0	2.38	0
69.357513	111.684669	0	2.38	0
69.292633	111.760765	0	2.38	0
69.22757	111.8367	0	2.38	0
69.162292	111.91246	0	2.38	0
69.096832	111.988068	0	2.38	0
69.031174	112.063484	0	2.38	0
68.965324	112.138741	0	2.38	0
68.899277	112.213821	0	2.38	0
68.833038	112.288742	0	2.38	0
68.766602	112.36348	0	2.38	0
68.699974	112.438057	0	2.38	0
68.633163	112.512451	0	2.38	0
68.566147	112.586685	0	2.38	0
68.498947	112.660736	0	2.38	0
68.431564	112.734619	0	2.38	0
68.363983	112.808327	0	2.38	0
68.296211	112.881866	0	2.38	0
68.228256	112.955223	0	2.38	0
68.160103	113.028404	0	2.38	0
68.091766	113.101418	0	2.38	0
68.023247	113.174248	0	2.38	0
67.954536	113.246902	0	2.38	0
67.885643	113.319382	0	2.38	0
67.816559	113.391685	0	2.38	0
67.747292	113.463814	0	2.38	0
67.677841	113.535759	0	2.38	0
67.6082	113.607529	0	2.38	0
67.538376	113.679115	0	2.38	0
67.468376	113.750526	0	2.38	0
67.398186	113.821754	0	2.38	0
67.32782	113.892807	0	2.38	0
67.257263	113.963676	0	2.38	0
67.186531	114.034363	0	2.38	0
67.115616	114.104866	0	2.38	0
67.044525	114.175194	0	2.38	0
66.973251	114.245331	0	2.38	0
66.901794	114.315292	0	2.38	0
66.830162	114.385071	0	2.38	0
66.758347	114.454659	0	2.38	0
66.686356	114.524071	0	2.38	0
66.614197	114.593292	0	2.38	0
66.541847	114.662331	0	2.38	0
66.46933	114.731186	0	2.38	0
66.396637	114.79985	0	2.38	0
66.323761	114.86834	0	2.38	0
66.250717	114.93663	0	2.38	0
66.177498	115.004738	0	2.38	0
66.104103	115.072662	0	2.38	0
66.030533	115.140396	0	2.38	0
65.956802	115.207939	0	2.38	0
65.882881	115.275299	0	2.38	0
65.8088	115.342468	0	2.38	0
65.734543	115.409447	0	2.38	0
65.660118	115.476234	0	2.38	0
65.585526	115.542839	0	2.38	0
65.510757	115.609245	0	2.38	0
65.435822	115.675468	0	2.38	0
65.360725	115.741493	0	2.38	0
65.285454	115.807327	0	2.38	0
65.210014	115.872971	0	2.38	0
65.134415	115.938423	0	2.38	0
65.05864	116.003685	0	2.38	0
64.982704	116.068748	0	2.38	0
64.906601	116.133621	0	2.38	0
64.830338	116.198303	0	2.38	0
64.753906	116.262787	0	2.38	0
64.677307	116.327072	0	2.38	0
64.600548	116.391174	0	2.38	0
64.523628	116.45507	0	2.38	0
64.446548	116.518776	0	2.38	0
64.369301	116.582283	0	2.38	0
64.291901	116.645599	0	2.38	0
64.214333	116.70871	0	2.38	0
64.136604	116.771629	0	2.38	0
64.058716	116.834351	0	2.38	0
63.980675	116.896873	0	2.38	0
63.902473	116.959198	0	2.38	0
63.824112	117.021324	0	2.38	0
63.745598	117.083252	0	2.38	0
63.666924	117.144981	0	2.38	0
63.588093	117.206512	0	2.38	0
63.509106	117.267838	0	2.38	0
63.429962	117.328964	0	2.38	0
63.35067	117.389893	0	2.38	0
63.271221	117.450623	0	2.38	0
63.19162	117.511147	0	2.38	0
63.111862	117.571472	0	2.38	0
63.031952	117.631592	0	2.38	0
62.951897	117.691513	0	2.38	0
62.871681	117.751236	0	2.38	0
62.791321	117.810745	0	2.38	0
62.710808	117.870056	0	2.38	0
62.63015	117.929169	0	2.38	0
62.549339	117.988068	0	2.38	0
62.46838	118.046768	0	2.38	0
62.387276	118.10527	0	2.38	0
62.306019	118.163559	0	2.38	0
62.224617	118.221642	0	2.38	0
62.14307	118.279518	0	2.38	0
62.061378	118.337196	0	2.38	0
61.979538	118.394661	0	2.38	0
61.89756	118.451927	0	2.38	0
61.81543	118.50898	0	2.38	0
61.733162	118.565826	0	2.38	0
61.650749	118.622467	0	2.38	0
61.568192	118.678902	0	2.38	0
61.485497	118.735123	0	2.38	0
61.402657	118.791138	0	2.38	0
61.319679	118.846947	0	2.38	0
61.236557	118.902542	0	2.38	0
61.153297	118.957932	0	2.38	0
61.069901	119.013115	0	2.38	0
60.986366	119.068085	0	2.38	0
60.902691	119.122841	0	2.38	0
60.818878	119.177391	0	2.38	0
60.734932	119.231728	0	2.38	0
60.650848	119.285858	0	2.38	0
60.566628	119.339775	0	2.38	0
60.482269	119.393478	0	2.38	0
60.397781	119.446976	0	2.38	0
60.313156	119.500252	0	2.38	0
60.228401	119.553322	0	2.38	0
60.143513	119.606178	0	2.38	0
60.058491	119.658829	0	2.38	0
59.973335	119.71125	0	2.38	0
59.888054	119.763466	0	2.38	0
59.802635	119.815468	0	2.38	0
59.717094	119.867256	0	2.38	0
59.631416	119.918831	0	2.38	0
59.545616	119.970192	0	2.38	0
59.459682	120.021332	0	2.38	0
59.373623	120.072266	0	2.38	0
59.287437	120.122978	0	2.38	0
59.201126	120.173477	0	2.38	0
59.114685	120.223755	0	2.38	0
59.028122	120.273827	0	2.38	0
58.941429	120.323677	0	2.38	0
58.854618	120.373306	0	2.38	0
58.767681	120.422722	0	2.38	0
58.680618	120.471924	0	2.38	0
58.593437	120.520905	0	2.38	0
58.506134	120.569664	0	2.38	0
58.418709	120.61821	0	2.38	0
58.331161	120.666542	0	2.38	0
58.243492	120.714645	0	2.38	0
58.155708	120.762535	0	2.38	0
58.067802	120.810211	0	2.38	0
57.979774	120.857658	0	2.38	0
57.891632	120.904892	0	2.38	0
57.803375	120.951904	0	2.38	0
57.714996	120.998703	0	2.38	0
57.626503	121.045273	0	2.38	0
57.537895	121.091629	0	2.38	0
57.449173	121.137756	0	2.38	0
57.360336	121.18367	0	2.38	0
57.271385	121.229355	0	2.38	0
57.18232	121.274826	0	2.38	0
57.09314	121.320076	0	2.38	0
57.003849	121.365097	0	2.38	0
56.914448	121.409904	0	2.38	0
56.824936	121.454483	0	2.38	0
56.735313	121.49884	0	2.38	0
56.64558	121.542976	0	2.38	0
56.55574	121.586891	0	2.38	0
56.46579	121.630585	0	2.38	0
56.375729	121.674049	0	2.38	0
56.285561	121.717293	0	2.38	0
56.19529	121.760315	0	2.38	0
56.104908	121.803108	0	2.38	0
56.014423	121.84568	0	2.38	0
55.923832	121.888031	0	2.38	0
55.833138	121.930153	0	2.38	0
55.74234	121.972054	0	2.38	0
55.651436	122.013725	0	2.38	0
55.560432	122.055176	0	2.38	0
55.469322	122.096397	0	2.38	0
55.378113	122.137398	0	2.38	0
55.286804	122.178169	0	2.38	0
55.195389	122.218712	0	2.38	0
55.103882	122.259033	0	2.38	0
55.012268	122.299126	0	2.38	0
54.920563	122.338997	0	2.38	0
54.828751	122.378639	0	2.38	0
54.736847	122.418053	0	2.38	0
54.644844	122.457237	0	2.38	0
54.55275	122.496193	0	2.38	0
54.460552	122.534927	0	2.38	0
54.368263	122.573433	0	2.38	0
54.275879	122.61171	0	2.38	0
54.183403	122.649757	0	2.38	0
54.090828	122.687584	0	2.38	0
53.998161	122.725174	0	2.38	0
53.905407	122.762543	0	2.38	0
53.812557	122.799675	0	2.38	0
53.71962	122.836578	0	2.38	0
53.626587	122.87326	0	2.38	0
53.533466	122.909706	0	2.38	0
53.440254	122.94593	0	2.38	0
53.346958	122.981918	0	2.38	0
53.253571	123.017685	0	2.38	0
53.160095	123.053215	0	2.38	0
53.066536	123.088516	0	2.38	0
52.972885	123.123589	0	2.38	0
52.87915	123.158424	0	2.38	0
52.785332	123.193039	0	2.38	0
52.691429	123.227417	0	2.38	0
52.597439	123.261566	0	2.38	0
52.503368	123.295486	0	2.38	0
52.409214	123.329178	0	2.38	0
52.314976	123.362633	0	2.38	0
52.220657	123.395859	0	2.38	0
52.126259	123.428856	0	2.38	0
52.031776	123.461617	0	2.38	0
51.937218	123.494148	0	2.38	0
51.842575	123.526443	0	2.38	0
51.747856	123.558517	0	2.38	0
51.653061	123.590347	0	2.38	0
51.558186	123.621956	0	2.38	0
51.463234	123.653328	0	2.38	0
51.368206	123.684464	0	2.38	0
51.273102	123.71537	0	2.38	0
51.177921	123.746048	0	2.38	0
51.082668	123.776482	0	2.38	0
50.987339	123.806694	0	2.38	0
50.891937	123.83667	0	2.38	0
50.796463	123.866409	0	2.38	0
50.700916	123.89592	0	2.38	0
50.605297	123.925194	0	2.38	0
50.509605	123.954239	0	2.38	0
50.413849	123.98304	0	2.38	0
50.318016	124.01162	0	2.38	0
50.222115	124.039955	0	2.38	0
50.126148	124.068062	0	2.38	0
50.030109	124.09594	0	2.38	0
49.934006	124.123573	0	2.38	0
49.837833	124.150978	0	2.38	0
49.741596	124.178146	0	2.38	0
49.64529	124.205086	0	2.38	0
49.548923	124.231781	0	2.38	0
49.452488	124.258247	0	2.38	0
49.355988	124.284485	0	2.38	0
49.25943	124.310478	0	2.38	0
49.162804	124.336243	0	2.38	0
49.066116	124.361763	0	2.38	0
48.969368	124.387054	0	2.38	0
48.872559	124.412109	0	2.38	0
48.775688	124.436935	0	2.38	0
48.678757	124.461517	0	2.38	0
48.581764	124.48587	0	2.38	0
48.484718	124.509979	0	2.38	0
48.387611	124.533859	0	2.38	0
48.290443	124.557503	0	2.38	0
48.193222	124.58091	0	2.38	0
48.095943	124.60408	0	2.38	0
47.998611	124.627014	0	2.38	0
47.901222	124.649719	0	2.38	0
47.803776	124.67218	0	2.38	0
47.706276	124.694405	0	2.38	0
47.608727	124.7164	0	2.38	0
47.51112	124.738152	0	2.38	0
47.413464	124.759666	0	2.38	0
47.315754	124.780952	0	2.38	0
47.217995	124.801994	0	2.38	0
47.120182	124.822807	0	2.38	0
47.02232	124.843376	0	2.38	0
46.924408	124.863708	0	2.38	0
46.82645	124.883812	0	2.38	0
46.728443	124.903671	0	2.38	0
46.630386	124.923294	0	2.38	0
46.532284	124.94268	0	2.38	0
46.434135	124.961838	0	2.38	0
46.335941	124.980751	0	2.38	0
46.237701	124.999428	0	2.38	0
46.139416	125.017868	0	2.38	0
46.041084	125.036064	0	2.38	0
45.942715	125.054031	0	2.38	0
45.844299	125.071762	0	2.38	0
45.745838	125.089249	0	2.38	0
45.647339	125.106506	0	2.38	0
45.548798	125.12352	0	2.38	0
45.450214	125.140305	0	2.38	0
45.351593	125.156845	0	2.38	0
45.25293	125.173149	0	2.38	0
45.154228	125.189209	0	2.38	0
45.055489	125.20504	0	2.38	0
44.956715	125.220634	0	2.38	0
44.857899	125.235985	0	2.38	0
44.759048	125.251099	0	2.38	0
44.66016	125.265984	0	2.38	0
44.561237	125.280624	0	2.38	0
44.46228	125.295021	0	2.38	0
44.363289	125.309189	0	2.38	0
44.264263	125.32312	0	2.38	0
44.165207	125.336807	0	2.38	0
44.066116	125.350258	0	2.38	0
43.966991	125.363472	0	2.38	0
43.867836	125.37645	0	2.38	0
43.768654	125.389191	0	2.38	0
43.669437	125.401688	0	2.38	0
43.57019	125.413956	0	2.38	0
43.470917	125.42598	0	2.38	0
43.371613	125.437767	0	2.38	0
43.272285	125.449318	0	2.38	0
43.172924	125.460625	0	2.38	0
43.07354	125.471703	0	2.38	0
42.974129	125.482536	0	2.38	0
42.874691	125.493134	0	2.38	0
42.77523	125.503494	0	2.38	0
42.675743	125.513618	0	2.38	0
42.576233	125.523506	0	2.38	0
42.4767	125.53315	0	2.38	0
42.377144	125.542557	0	2.38	0
42.277565	125.551727	0	2.38	0
42.177967	125.560669	0	2.38	0
42.078346	125.569359	0	2.38	0
41.978703	125.57782	0	2.38	0
41.87904	125.586037	0	2.38	0
41.779362	125.594017	0	2.38	0
41.679661	125.601761	0	2.38	0
41.579941	125.609268	0	2.38	0
41.480206	125.616539	0	2.38	0
41.380455	125.623573	0	2.38	0
41.280685	125.630363	0	2.38	0
41.180901	125.636917	0	2.38	0
41.0811	125.643242	0	2.38	0
40.981285	125.649323	0	2.38	0
40.881458	125.655167	0	2.38	0
40.781612	125.660767	0	2.38	0
40.681759	125.666138	0	2.38	0
40.58189	125.671265	0	2.38	0
40.48201	125.676163	0	2.38	0
40.382118	125.680817	0	2.38	0
40.282215	125.685234	0	2.38	0
40.182304	125.689415	0	2.38	0
40.082382	125.693359	0	2.38	0
39.982449	125.697067	0	2.38	0
39.882511	125.700539	0	2.38	0
39.782562	125.703766	0	2.38	0
39.682606	125.706764	0	2.38	0
39.582645	125.709518	0	2.38	0
39.482677	125.712044	0	2.38	0
39.382702	125.714325	0	2.38	0
39.282722	125.716377	0	2.38	0
39.182739	125.718185	0	2.38	0
39.082752	125.719757	0	2.38	0
38.982761	125.7211	0	2.38	0
38.882767	125.722198	0	2.38	0
38.782772	125.723061	0	2.38	0
38.682774	125.723686	0	2.38	0
38.582775	125.724075	0	2.38	0
38.482777	125.724228	0	2.38	0
38.382774	125.724152	0	2.38	0
38.282776	125.723831	0	2.38	0
38.182777	125.723274	0	2.38	0
38.082779	125.722481	0	2.38	0
37.982388	125.721481	0	2.38	0
37.882393	125.720245	0	2.38	0
37.782406	125.718781	0	2.38	0
37.682419	125.717102	0	2.38	0
37.582436	125.715195	0	2.38	0
37.48246	125.713081	0	2.38	0
37.382488	125.710747	0	2.38	0
37.28252	125.708191	0	2.38	0
37.18256	125.705414	0	2.38	0
37.082603	125.702423	0	2.38	0
36.982655	125.699203	0	2.38	0
36.882713	125.69577	0	2.38	0
36.78278	125.692123	0	2.38	0
36.682854	125.688248	0	2.38	0
36.582939	125.684158	0	2.38	0
36.483032	125.67984	0	2.38	0
36.383137	125.675308	0	2.38	0
36.283249	125.670563	0	2.38	0
36.183372	125.665588	0	2.38	0
36.083508	125.660385	0	2.38	0
35.983654	125.654976	0	2.38	0
35.883812	125.649338	0	2.38	0
35.783985	125.643486	0	2.38	0
35.68417	125.637405	0	2.38	0
35.584366	125.631119	0	2.38	0
35.484581	125.624596	0	2.38	0
35.384808	125.617859	0	2.38	0
35.285049	125.610901	0	2.38	0
35.185307	125.603714	0	2.38	0
35.085583	125.596313	0	2.38	0
34.985874	125.588692	0	2.38	0
34.886181	125.580841	0	2.38	0
34.786507	125.572784	0	2.38	0
34.686852	125.564491	0	2.38	0
34.587215	125.555984	0	2.38	0
34.487595	125.547249	0	2.38	0
34.387997	125.5383	0	2.38	0
34.288422	125.529121	0	2.38	0
34.188862	125.519722	0	2.38	0
34.089325	125.510101	0	2.38	0
33.989811	125.500259	0	2.38	0
33.89032	125.490196	0	2.38	0
33.790852	125.479912	0	2.38	0
33.691402	125.469406	0	2.38	0
33.59198	125.458672	0	2.38	0
33.492584	125.447723	0	2.38	0
33.393208	125.436539	0	2.38	0
33.293861	125.42514	0	2.38	0
33.194538	125.413521	0	2.38	0
33.095242	125.40168	0	2.38	0
32.995972	125.38961	0	2.38	0
32.896732	125.377319	0	2.38	0
32.797516	125.364807	0	2.38	0
32.69833	125.352074	0	2.38	0
32.599174	125.339111	0	2.38	0
32.500046	125.325935	0	2.38	0
32.400951	125.312531	0	2.38	0
32.301884	125.298904	0	2.38	0
32.202847	125.285049	0	2.38	0
32.103844	125.270981	0	2.38	0
32.004871	125.256676	0	2.38	0
31.905928	125.242157	0	2.38	0
31.80702	125.227417	0	2.38	0
31.708147	125.212448	0	2.38	0
31.609308	125.19725	0	2.38	0
31.510504	125.181839	0	2.38	0
31.411734	125.166199	0	2.38	0
31.313002	125.15033	0	2.38	0
31.214304	125.134247	0	2.38	0
31.115641	125.117935	0	2.38	0
31.017019	125.10141	0	2.38	0
30.918432	125.084648	0	2.38	0
30.819883	125.067665	0	2.38	0
30.721376	125.050461	0	2.38	0
30.622908	125.033035	0	2.38	0
30.524477	125.015381	0	2.38	0
30.426088	124.997498	0	2.38	0
30.327738	124.979401	0	2.38	0
30.229433	124.961075	0	2.38	0
30.131166	124.942528	0	2.38	0
30.032946	124.923752	0	2.38	0
29.934767	124.904755	0	2.38	0
29.83663	124.885536	0	2.38	0
29.738541	124.866089	0	2.38	0
29.640493	124.84642	0	2.38	0
29.542492	124.82653	0	2.38	0
29.444536	124.806412	0	2.38	0
29.346628	124.786072	0	2.38	0
29.248766	124.765503	0	2.38	0
29.150951	124.744713	0	2.38	0
29.053183	124.723701	0	2.38	0
28.955465	124.702461	0	2.38	0
28.857796	124.681	0	2.38	0
28.760176	124.659317	0	2.38	0
28.662605	124.637405	0	2.38	0
28.565086	124.615265	0	2.38	0
28.467617	124.592911	0	2.38	0
28.370201	124.570328	0	2.38	0
28.272837	124.547516	0	2.38	0
28.175526	124.524483	0	2.38	0
28.078268	124.501221	0	2.38	0
27.981064	124.477745	0	2.38	0
27.883913	124.454041	0	2.38	0
27.786819	124.430115	0	2.38	0
27.689779	124.40596	0	2.38	0
27.592796	124.381577	0	2.38	0
27.495871	124.356979	0	2.38	0
27.399	124.332153	0	2.38	0
27.302189	124.307098	0	2.38	0
27.205435	124.28183	0	2.38	0
27.108742	124.256332	0	2.38	0
27.012106	124.230606	0	2.38	0
26.915529	124.204666	0	2.38	0
26.819016	124.178497	0	2.38	0
26.722561	124.1521	0	2.38	0
26.626169	124.125481	0	2.38	0
26.529839	124.09864	0	2.38	0
26.433571	124.071579	0	2.38	0
26.337366	124.044281	0	2.38	0
26.241226	124.016769	0	2.38	0
26.145151	123.989029	0	2.38	0
26.049139	123.961075	0	2.38	0
25.953194	123.932892	0	2.38	0
25.857313	123.90448	0	2.38	0
25.761499	123.875839	0	2.38	0
25.665754	123.846985	0	2.38	0
25.570076	123.817909	0	2.38	0
25.474466	123.788605	0	2.38	0
25.378922	123.759079	0	2.38	0
25.283453	123.729324	0	2.38	0
25.188049	123.699356	0	2.38	0
25.092718	123.669159	0	2.38	0
24.997458	123.638733	0	2.38	0
24.902269	123.608093	0	2.38	0
24.807152	123.577225	0	2.38	0
24.712107	123.546135	0	2.38	0
24.617136	123.514824	0	2.38	0
24.52224	123.483292	0	2.38	0
24.427416	123.451523	0	2.38	0
24.332668	123.41954	0	2.38	0
24.237997	123.387344	0	2.38	0
24.1434	123.354912	0	2.38	0
24.048882	123.322266	0	2.38	0
23.954439	123.289391	0	2.38	0
23.860075	123.256294	0	2.38	0
23.765787	123.222977	0	2.38	0
23.671581	123.189438	0	2.38	0
23.577454	123.15567	0	2.38	0
23.483404	123.121689	0	2.38	0
23.389439	123.087479	0	2.38	0
23.295551	123.053047	0	2.38	0
23.201748	123.018394	0	2.38	0
23.108027	122.983521	0	2.38	0
23.014387	122.948425	0	2.38	0
22.920832	122.913109	0	2.38	0
22.82736	122.877563	0	2.38	0
22.733973	122.841812	0	2.38	0
22.640671	122.805824	0	2.38	0
22.547455	122.769623	0	2.38	0
22.454325	122.7332	0	2.38	0
22.361282	122.696548	0	2.38	0
22.268326	122.659683	0	2.38	0
22.175457	122.622589	0	2.38	0
22.08268	122.585281	0	2.38	0
21.98999	122.547745	0	2.38	0
21.89739	122.509995	0	2.38	0
21.80488	122.472023	0	2.38	0
21.712461	122.43383	0	2.38	0
21.620134	122.395416	0	2.38	0
21.527899	122.356781	0	2.38	0
21.435755	122.317932	0	2.38	0
21.343704	122.278854	0	2.38	0
21.251749	122.239563	0	2.38	0
21.159887	122.200043	0	2.38	0
21.068121	122.160309	0	2.38	0
20.976452	122.120354	0	2.38	0
20.884874	122.080185	0	2.38	0
20.793394	122.039787	0	2.38	0
20.702013	121.999176	0	2.38	0
20.610729	121.958344	0	2.38	0
20.519545	121.917297	0	2.38	0
20.428457	121.876022	0	2.38	0
20.337469	121.834534	0	2.38	0
20.246582	121.792831	0	2.38	0
20.155796	121.7509	0	2.38	0
20.065111	121.708755	0	2.38	0
19.974527	121.666397	0	2.38	0
19.884047	121.62381	0	2.38	0
19.793669	121.581009	0	2.38	0
19.703394	121.537994	0	2.38	0
19.613222	121.494759	0	2.38	0
19.523157	121.451309	0	2.38	0
19.433197	121.407639	0	2.38	0
19.343342	121.363754	0	2.38	0
19.253593	121.319641	0	2.38	0
19.163952	121.275322	0	2.38	0
19.074417	121.230789	0	2.38	0
18.984991	121.186035	0	2.38	0
18.895676	121.141052	0	2.38	0
18.806467	121.095871	0	2.38	0
18.717369	121.050461	0	2.38	0
18.628382	121.004845	0	2.38	0
18.539505	120.959007	0	2.38	0
18.450741	120.912956	0	2.38	0
18.362089	120.866684	0	2.38	0
18.273548	120.820206	0	2.38	0
18.185122	120.773506	0	2.38	0
18.096809	120.726593	0	2.38	0
18.008612	120.679459	0	2.38	0
17.920528	120.632118	0	2.38	0
17.832561	120.584564	0	2.38	0
17.744711	120.536789	0	2.38	0
17.656977	120.4888	0	2.38	0
17.569361	120.440598	0	2.38	0
17.481863	120.392181	0	2.38	0
17.394482	120.343552	0	2.38	0
17.307222	120.294716	0	2.38	0
17.220081	120.245659	0	2.38	0
17.13306	120.196396	0	2.38	0
17.04616	120.146912	0	2.38	0
16.959381	120.097214	0	2.38	0
16.872725	120.047302	0	2.38	0
16.786192	119.997192	0	2.38	0
16.699781	119.946854	0	2.38	0
16.613495	119.896317	0	2.38	0
16.527332	119.845558	0	2.38	0
16.441296	119.794594	0	2.38	0
16.355385	119.743416	0	2.38	0
16.269598	119.692024	0	2.38	0
16.183941	119.640427	0	2.38	0
16.09841	119.588615	0	2.38	0
16.013004	119.536591	0	2.38	0
15.927731	119.48436	0	2.38	0
15.842586	119.431915	0	2.38	0
15.757567	119.379265	0	2.38	0
15.672681	119.326401	0	2.38	0
15.587926	119.273331	0	2.38	0
15.503301	119.220055	0	2.38	0
15.418809	119.166565	0	2.38	0
15.334452	119.112869	0	2.38	0
15.250224	119.05896	0	2.38	0
15.166132	119.004845	0	2.38	0
15.082174	118.950523	0	2.38	0
14.99835	118.895988	0	2.38	0
14.914663	118.841248	0	2.38	0
14.83111	118.786308	0	2.38	0
14.747696	118.731155	0	2.38	0
14.664417	118.675797	0	2.38	0
14.581276	118.620224	0	2.38	0
14.498274	118.564453	0	2.38	0
14.415411	118.508469	0	2.38	0
14.332687	118.452286	0	2.38	0
14.250105	118.395897	0	2.38	0
14.167662	118.339302	0	2.38	0
14.08536	118.282501	0	2.38	0
14.003201	118.225494	0	2.38	0
13.921183	118.168282	0	2.38	0
13.839308	118.110863	0	2.38	0
13.757578	118.053246	0	2.38	0
13.675991	117.995422	0	2.38	0
13.594549	117.937393	0	2.38	0
13.513254	117.879166	0	2.38	0
13.432102	117.820724	0	2.38	0
13.351099	117.762085	0	2.38	0
13.270241	117.703247	0	2.38	0
13.189531	117.644211	0	2.38	0
13.108971	117.584961	0	2.38	0
13.028557	117.52552	0	2.38	0
12.948294	117.465866	0	2.38	0
12.868181	117.406021	0	2.38	0
12.788219	117.34597	0	2.38	0
12.708406	117.285721	0	2.38	0
12.628746	117.225273	0	2.38	0
12.549238	117.164619	0	2.38	0
12.469885	117.103767	0	2.38	0
12.390682	117.042725	0	2.38	0
12.311636	116.981468	0	2.38	0
12.232742	116.920021	0	2.38	0
12.154005	116.858376	0	2.38	0
12.075422	116.796532	0	2.38	0
11.996996	116.734489	0	2.38	0
11.918726	116.672249	0	2.38	0
11.840614	116.60981	0	2.38	0
11.762661	116.547173	0	2.38	0
11.684866	116.484337	0	2.38	0
11.607231	116.42131	0	2.38	0
11.529755	116.358086	0	2.38	0
11.452438	116.294662	0	2.38	0
11.375282	116.231049	0	2.38	0
11.29829	116.167236	0	2.38	0
11.221458	116.103226	0	2.38	0
11.144789	116.039024	0	2.38	0
11.068283	115.974625	0	2.38	0
10.991941	115.910042	0	2.38	0
10.915762	115.845261	0	2.38	0
10.83975	115.780281	0	2.38	0
10.763903	115.715111	0	2.38	0
10.688221	115.64975	0	2.38	0
10.612705	115.58419	0	2.38	0
10.537357	115.518448	0	2.38	0
10.462177	115.452507	0	2.38	0
10.387165	115.386375	0	2.38	0
10.312323	115.320053	0	2.38	0
10.237648	115.25354	0	2.38	0
10.163145	115.186844	0	2.38	0
10.088812	115.119949	0	2.38	0
10.014648	115.052872	0	2.38	0
9.940659	114.985596	0	2.38	0
9.86684	114.918137	0	2.38	0
9.793196	114.850487	0	2.38	0
9.719723	114.782654	0	2.38	0
9.646425	114.71463	0	2.38	0
9.573301	114.646416	0	2.38	0
9.500353	114.578018	0	2.38	0
9.42758	114.50943	0	2.38	0
9.354982	114.440659	0	2.38	0
9.282562	114.371696	0	2.38	0
9.21032	114.302551	0	2.38	0
9.138254	114.233223	0	2.38	0
9.066368	114.163704	0	2.38	0
8.994661	114.094009	0	2.38	0
8.923134	114.024124	0	2.38	0
8.851786	113.954056	0	2.38	0
8.780619	113.883804	0	2.38	0
8.709631	113.81337	0	2.38	0
8.638828	113.742752	0	2.38	0
8.568205	113.671951	0	2.38	0
8.497766	113.600975	0	2.38	0
8.427511	113.529808	0	2.38	0
8.357439	113.458466	0	2.38	0
8.287552	113.38694	0	2.38	0
8.21785	113.315231	0	2.38	0
8.148335	113.243347	0	2.38	0
8.079004	113.171288	0	2.38	0
8.009861	113.099045	0	2.38	0
7.940905	113.026619	0	2.38	0
7.872135	112.954018	0	2.38	0
7.803556	112.881241	0	2.38	0
7.735165	112.808281	0	2.38	0
7.666965	112.735153	0	2.38	0
7.598952	112.661835	0	2.38	0
7.531131	112.588348	0	2.38	0
7.463502	112.514687	0	2.38	0
7.396064	112.440849	0	2.38	0
7.328818	112.366837	0	2.38	0
7.261765	112.292648	0	2.38	0
7.194906	112.218285	0	2.38	0
7.12824	112.143753	0	2.38	0
7.061769	112.069038	0	2.38	0
6.995492	111.994156	0	2.38	0
6.929411	111.919098	0	2.38	0
6.863527	111.843872	0	2.38	0
6.797839	111.768478	0	2.38	0
6.732347	111.692902	0	2.38	0
6.667054	111.617165	0	2.38	0
6.601958	111.541252	0	2.38	0
6.537062	111.465164	0	2.38	0
6.472364	111.388916	0	2.38	0
6.407866	111.3125	0	2.38	0
6.343569	111.235909	0	2.38	0
6.279473	111.159149	0	2.38	0
6.215579	111.08223	0	2.38	0
6.151886	111.005135	0	2.38	0
6.088395	110.927872	0	2.38	0
6.025107	110.850449	0	2.38	0
5.962022	110.772858	0	2.38	0
5.899143	110.695099	0	2.38	0
5.836467	110.61718	0	2.38	0
5.773997	110.539093	0	2.38	0
5.711732	110.460846	0	2.38	0
5.649673	110.382431	0	2.38	0
5.587821	110.303856	0	2.38	0
5.526176	110.225113	0	2.38	0
5.46474	110.14621	0	2.38	0
5.403511	110.067146	0	2.38	0
5.342491	109.987923	0	2.38	0
5.28168	109.908539	0	2.38	0
5.22108	109.828995	0	2.38	0
5.160689	109.749283	0	2.38	0
5.10051	109.669418	0	2.38	0
5.040541	109.589401	0	2.38	0
4.980785	109.509216	0	2.38	0
4.921241	109.428879	0	2.38	0
4.861909	109.348381	0	2.38	0
4.802792	109.267723	0	2.38	0
4.743888	109.186913	0	2.38	0
4.685199	109.105949	0	2.38	0
4.626725	109.024826	0	2.38	0
4.568466	108.94355	0	2.38	0
4.510423	108.862122	0	2.38	0
4.452597	108.780533	0	2.38	0
4.394987	108.698792	0	2.38	0
4.337595	108.616905	0	2.38	0
4.280421	108.534859	0	2.38	0
4.223466	108.452667	0	2.38	0
4.16673	108.370316	0	2.38	0
4.110212	108.287819	0	2.38	0
4.053916	108.20517	0	2.38	0
3.99784	108.122375	0	2.38	0
3.941985	108.039429	0	2.38	0
3.886351	107.956329	0	2.38	0
3.830939	107.873093	0	2.38	0
3.77575	107.789696	0	2.38	0
3.720784	107.706161	0	2.38	0
3.666041	107.622475	0	2.38	0
3.611522	107.538643	0	2.38	0
3.557228	107.454666	0	2.38	0
3.503159	107.370544	0	2.38	0
3.449315	107.286278	0	2.38	0
3.395697	107.201866	0	2.38	0
3.342306	107.11731	0	2.38	0
3.289141	107.032616	0	2.38	0
3.236204	106.947777	0	2.38	0
3.183495	106.862793	0	2.38	0
3.131014	106.777672	0	2.38	0
3.078762	106.692413	0	2.38	0
3.026739	106.60701	0	2.38	0
2.974946	106.521469	0	2.38	0
2.923384	106.435783	0	2.38	0
2.872052	106.349968	0	2.38	0
2.820952	106.264008	0	2.38	0
2.770083	106.17791	0	2.38	0
2.719446	106.091682	0	2.38	0
2.669043	106.00531	0	2.38	0
2.618872	105.918808	0	2.38	0
2.568934	105.832169	0	2.38	0
2.519231	105.745399	0	2.38	0
2.469763	105.658493	0	2.38	0
2.420529	105.571449	0	2.38	0
2.371531	105.484276	0	2.38	0
2.322769	105.396973	0	2.38	0
2.274243	105.309532	0	2.38	0
2.225955	105.22197	0	2.38	0
2.177903	105.134262	0	2.38	0
2.130089	105.04644	0	2.38	0
2.082514	104.958481	0	2.38	0
2.035177	104.870392	0	2.38	0
1.988079	104.782181	0	2.38	0
1.941221	104.69384	0	2.38	0
1.894603	104.60537	0	2.38	0
1.848226	104.516769	0	2.38	0
1.802089	104.428055	0	2.38	0
1.756194	104.339203	0	2.38	0
1.710541	104.250237	0	2.38	0
1.66513	104.16114	0	2.38	0
1.619962	104.071922	0	2.38	0
1.575037	103.982582	0	2.38	0
1.530355	103.89312	0	2.38	0
1.485918	103.803535	0	2.38	0
1.441725	103.713829	0	2.38	0
1.397777	103.624008	0	2.38	0
1.354075	103.534058	0	2.38	0
1.310618	103.444	0	2.38	0
1.267408	103.353813	0	2.38	0
1.224444	103.263512	0	2.38	0
1.181728	103.173096	0	2.38	0
1.139258	103.082565	0	2.38	0
1.097037	102.991913	0	2.38	0
1.055065	102.901146	0	2.38	0
1.013341	102.810272	0	2.38	0
0.971866	102.719276	0	2.38	0
0.930641	102.628166	0	2.38	0
0.889666	102.536949	0	2.38	0
0.848942	102.445618	0	2.38	0
0.808468	102.354172	0	2.38	0
0.768246	102.262619	0	2.38	0
0.728276	102.170952	0	2.38	0
0.688558	102.079178	0	2.38	0
0.649092	101.987297	0	2.38	0
0.60988	101.895309	0	2.38	0
0.57092	101.803207	0	2.38	0
0.532215	101.710999	0	2.38	0
0.493764	101.61869	0	2.38	0
0.455567	101.526276	0	2.38	0
0.417626	101.433746	0	2.38	0
0.37994	101.341125	0	2.38	0
0.34251	101.24839	0	2.38	0
0.305335	101.155556	0	2.38	0
0.268418	101.062622	0	2.38	0
0.231757	100.969582	0	2.38	0
0.195354	100.87645	0	2.38	0
0.159209	100.783203	0	2.38	0
0.123322	100.689865	0	2.38	0
0.087693	100.596428	0	2.38	0
0.052324	100.502892	0	2.38	0
0.017213	100.409264	0	2.38	0
-0.017637	100.315529	0	2.38	0
-0.052227	100.221703	0	2.38	0
-0.086558	100.127777	0	2.38	0
-0.120627	100.03376	0	2.38	0
-0.154434	99.939651	0	2.38	0
-0.187981	99.845444	0	2.38	0
-0.221265	99.751144	0	2.38	0
-0.254287	99.656754	0	2.38	0
-0.287046	99.562279	0	2.38	0
-0.319542	99.467705	0	2.38	0
-0.351775	99.373039	0	2.38	0
-0.383743	99.27829	0	2.38	0
-0.415448	99.183449	0	2.38	0
-0.446888	99.088516	0	2.38	0
-0.478063	98.9935	0	2.38	0
-0.508973	98.898399	0	2.38	0
-0.539617	98.803207	0	2.38	0
-0.569996	98.707932	0	2.38	0
-0.600107	98.612579	0	2.38	0
-0.629953	98.517136	0	2.38	0
-0.659531	98.421608	0	2.38	0
-0.688842	98.326004	0	2.38	0
-0.717885	98.230309	0	2.38	0
-0.74666	98.134544	0	2.38	0
-0.775167	98.038689	0	2.38	0
-0.803404	97.942764	0	2.38	0
-0.831373	97.846748	0	2.38	0
-0.859073	97.750664	0	2.38	0
-0.886502	97.654495	0	2.38	0
-0.913662	97.558258	0	2.38	0
-0.940551	97.461945	0	2.38	0
-0.967169	97.365547	0	2.38	0
-0.993516	97.269081	0	2.38	0
-1.019592	97.172539	0	2.38	0
-1.045396	97.075928	0	2.38	0
-1.070928	96.97924	0	2.38	0
-1.096188	96.882484	0	2.38	0
-1.121175	96.78566	0	2.38	0
-1.145889	96.688759	0	2.38	0
-1.17033	96.591797	0	2.38	0
-1.194497	96.494759	0	2.38	0
-1.21839	96.397652	0	2.38	0
-1.242009	96.300484	0	2.38	0
-1.265354	96.203247	0	2.38	0
-1.288423	96.105942	0	2.38	0
-1.311218	96.008575	0	2.38	0
-1.333736	95.911148	0	2.38	0
-1.35598	95.813652	0	2.38	0
-1.377947	95.716095	0	2.38	0
-1.399637	95.618469	0	2.38	0
-1.421052	95.52079	0	2.38	0
-1.442189	95.42305	0	2.38	0
-1.463049	95.325249	0	2.38	0
-1.483631	95.227394	0	2.38	0
-1.503936	95.129478	0	2.38	0
-1.523962	95.031502	0	2.38	0
-1.543711	94.933472	0	2.38	0
-1.56318	94.835388	0	2.38	0
-1.582371	94.737244	0	2.38	0
-1.601283	94.639046	0	2.38	0
-1.619915	94.540802	0	2.38	0
-1.638267	94.442497	0	2.38	0
-1.65634	94.344147	0	2.38	0
-1.674132	94.245743	0	2.38	0
-1.691643	94.147285	0	2.38	0
-1.708874	94.048782	0	2.38	0
-1.725824	93.950226	0	2.38	0
-1.742493	93.851631	0	2.38	0
-1.75888	93.752975	0	2.38	0
-1.774985	93.654282	0	2.38	0
-1.790808	93.555542	0	2.38	0
-1.806349	93.456757	0	2.38	0
-1.821607	93.357933	0	2.38	0
-1.836583	93.259056	0	2.38	0
-1.851275	93.160141	0	2.38	0
-1.865684	93.061188	0	2.38	0
-1.87981	92.962189	0	2.38	0
-1.893652	92.863152	0	2.38	0
-1.90721	92.764076	0	2.38	0
-1.920483	92.664963	0	2.38	0
-1.933473	92.565811	0	2.38	0
-1.946177	92.466621	0	2.38	0
-1.958597	92.367393	0	2.38	0
-1.970731	92.268135	0	2.38	0
-1.982581	92.168839	0	2.38	0
-1.994144	92.069504	0	2.38	0
-2.005422	91.970146	0	2.38	0
-2.016414	91.87075	0	2.38	0
-2.02712	91.771324	0	2.38	0
-2.037539	91.671867	0	2.38	0
-2.047672	91.572388	0	2.38	0
-2.057518	91.47287	0	2.38	0
-2.067076	91.373329	0	2.38	0
-2.076348	91.273758	0	2.38	0
-2.085332	91.174164	0	2.38	0
-2.094029	91.074539	0	2.38	0
-2.102437	90.974899	0	2.38	0
-2.110558	90.875229	0	2.38	0
-2.118391	90.775536	0	2.38	0
-2.125935	90.675819	0	2.38	0
-2.133191	90.57608	0	2.38	0
-2.140158	90.476326	0	2.38	0
-2.146836	90.376549	0	2.38	0
-2.153224	90.276756	0	2.38	0
-2.159324	90.176941	0	2.38	0
-2.165134	90.07711	0	2.38	0
-2.170655	89.977264	0	2.38	0
-2.175885	89.877396	0	2.38	0
-2.180826	89.777519	0	2.38	0
-2.185477	89.677628	0	2.38	0
-2.189837	89.577721	0	2.38	0
-2.193907	89.477806	0	2.38	0
-2.197687	89.377876	0	2.38	0
-2.201175	89.277939	0	2.38	0
-2.204373	89.177994	0	2.38	0
-2.20728	89.078033	0	2.38	0
-2.209896	88.978065	0	2.38	0
-2.21222	88.878098	0	2.38	0
-2.214253	88.778114	0	2.38	0
-2.215994	88.678131	0	2.38	0
-2.217443	88.57814	0	2.38	0
-2.218601	88.478149	0	2.38	0
-2.219466	88.378151	0	2.38	0
-2.22004	88.278152	0	2.38	0
-2.220321	88.178154	0	2.38	0
-2.22031	88.078156	0	2.38	0
-2.220006	87.978157	0	2.38	0
-2.21941	87.878159	0	2.38	0
-2.218521	87.77816	0	2.38	0
-2.217355	87.676003	0	2.38	0
-2.216181	87.576012	0	2.38	0
-2.215007	87.476021	0	2.38	0
-2.213834	87.376022	0	2.38	0
-2.21266	87.276031	0	2.38	0
-2.211487	87.176041	0	2.38	0
-2.210313	87.07605	0	2.38	0
-2.209139	86.976051	0	2.38	0
-2.207966	86.87606	0	2.38	0
-2.206792	86.77607	0	2.38	0
-2.205619	86.676071	0	2.38	0
-2.204445	86.57608	0	2.38	0
-2.203271	86.476089	0	2.38	0
-2.202098	86.376091	0	2.38	0
-2.200924	86.2761	0	2.38	0
-2.199751	86.176109	0	2.38	0
-2.198577	86.076118	0	2.38	0
-2.197403	85.97612	0	2.38	0
-2.19623	85.876129	0	2.38	0
-2.195056	85.776138	0	2.38	0
-2.193883	85.67614	0	2.38	0
-2.192709	85.576149	0	2.38	0
-2.191535	85.476158	0	2.38	0
-2.190362	85.37616	0	2.38	0
-2.189188	85.276169	0	2.38	0
-2.188015	85.176178	0	2.38	0
-2.186841	85.076187	0	2.38	0
-2.185668	84.976189	0	2.38	0
-2.184494	84.876198	0	2.38	0
-2.183321	84.776207	0	2.38	0
-2.182147	84.676208	0	2.38	0
-2.180973	84.576218	0	2.38	0
-2.1798	84.476227	0	2.38	0
-2.178626	84.376228	0	2.38	0
-2.177453	84.276237	0	2.38	0
-2.176279	84.176247	0	2.38	0
-2.175105	84.076256	0	2.38	0
-2.173932	83.976257	0	2.38	0
-2.172758	83.876266	0	2.38	0
-2.171585	83.776276	0	2.38	0
-2.170411	83.676277	0	2.38	0
-2.169237	83.576286	0	2.38	0
-2.168064	83.476295	0	2.38	0
-2.16689	83.376305	0	2.38	0
-2.165717	83.276306	0	2.38	0
-2.164543	83.176315	0	2.38	0
-2.163369	83.076324	0	2.38	0
-2.162196	82.976326	0	2.38	0
-2.161022	82.876335	0	2.38	0
-2.159849	82.776344	0	2.38	0
-2.158675	82.676346	0	2.38	0
-2.157501	82.576355	0	2.38	0
-2.156328	82.476364	0	2.38	0
-2.155154	82.376373	0	2.38	0
-2.153981	82.276375	0	2.38	0
-2.152807	82.176384	0	2.38	0
-2.151634	82.076393	0	2.38	0
-2.15046	81.976395	0	2.38	0
-2.149286	81.876404	0	2.38	0
-2.148113	81.776413	0	2.38	0
-2.146939	81.676414	0	2.38	0
-2.145766	81.576424	0	2.38	0
-2.144592	81.476433	0	2.38	0
-2.143418	81.376442	0	2.38	0
-2.142245	81.276443	0	2.38	0
-2.141071	81.176453	0	2.38	0
-2.139898	81.076462	0	2.38	0
-2.138724	80.976463	0	2.38	0
-2.13755	80.876472	0	2.38	0
-2.136377	80.776482	0	2.38	0
-2.135203	80.676483	0	2.38	0
-2.13403	80.576492	0	2.38	0
-2.132856	80.476501	0	2.38	0
-2.131682	80.376511	0	2.38	0
-2.130509	80.276512	0	2.38	0
-2.129335	80.176521	0	2.38	0
-2.128162	80.07653	0	2.38	0
-2.126988	79.976532	0	2.38	0
-2.125814	79.876541	0	2.38	0
-2.124641	79.77655	0	2.38	0
-2.123467	79.676559	0	2.38	0
-2.122294	79.576561	0	2.38	0
-2.12112	79.47657	0	2.38	0
-2.119946	79.376579	0	2.38	0
-2.118773	79.276581	0	2.38	0
-2.117599	79.17659	0	2.38	0
-2.116426	79.076599	0	2.38	0
-2.115252	78.976601	0	2.38	0
-2.114079	78.87661	0	2.38	0
-2.112905	78.776619	0	2.38	0
-2.111732	78.676628	0	2.38	0
-2.110558	78.57663	0	2.38	0
-2.109384	78.476639	0	2.38	0
-2.108211	78.376648	0	2.38	0
-2.107037	78.276649	0	2.38	0
-2.105864	78.176659	0	2.38	0
-2.10469	78.076668	0	2.38	0
-2.103516	77.976669	0	2.38	0
-2.102343	77.876678	0	2.38	0
-2.101169	77.776688	0	2.38	0
-2.099996	77.676697	0	2.38	0
-2.098822	77.576698	0	2.38	0
-2.097648	77.476707	0	2.38	0
-2.096475	77.376717	0	2.38	0
-2.095301	77.276718	0	2.38	0
-2.094128	77.176727	0	2.38	0
-2.092954	77.076736	0	2.38	0
-2.09178	76.976738	0	2.38	0
-2.090607	76.876747	0	2.38	0
-2.089433	76.776756	0	2.38	0
-2.08826	76.676765	0	2.38	0
-2.087086	76.576767	0	2.38	0
-2.085912	76.476776	0	2.38	0
-2.084739	76.376785	0	2.38	0
-2.083565	76.276787	0	2.38	0
-2.082392	76.176796	0	2.38	0
-2.081218	76.076805	0	2.38	0
-2.080045	75.976814	0	2.38	0
-2.078871	75.876816	0	2.38	0
-2.077697	75.776825	0	2.38	0
-2.076524	75.676834	0	2.38	0
-2.07535	75.576836	0	2.38	0
-2.074177	75.476845	0	2.38	0
-2.073003	75.376854	0	2.38	0
-2.071829	75.276855	0	2.38	0
-2.070656	75.176865	0	2.38	0
-2.069482	75.076874	0	2.38	0
-2.068309	74.976883	0	2.38	0
-2.067135	74.876884	0	2.38	0
-2.065961	74.776894	0	2.38	0
-2.064788	74.676903	0	2.38	0
-2.063614	74.576904	0	2.38	0
-2.062441	74.476913	0	2.38	0
-2.061267	74.376923	0	2.38	0
-2.060093	74.276924	0	2.38	0
-2.05892	74.176933	0	2.38	0
-2.057746	74.076942	0	2.38	0
-2.056573	73.976952	0	2.38	0
-2.055399	73.876953	0	2.38	0
-2.054225	73.776962	0	2.38	0
-2.053052	73.676971	0	2.38	0
-2.051878	73.576973	0	2.38	0
-2.050705	73.476982	0	2.38	0
-2.049531	73.376991	0	2.38	0
-2.048357	73.276993	0	2.38	0
-2.047184	73.177002	0	2.38	0
-2.04601	73.077011	0	2.38	0
-2.044837	72.97702	0	2.38	0
-2.043663	72.877022	0	2.38	0
-2.04249	72.777031	0	2.38	0
-2.041316	72.67704	0	2.38	0
-2.040142	72.577042	0	2.38	0
-2.038969	72.477051	0	2.38	0
-2.037795	72.37706	0	2.38	0
-2.036622	72.277069	0	2.38	0
-2.035448	72.177071	0	2.38	0
-2.034274	72.07708	0	2.38	0
-2.033101	71.977089	0	2.38	0
-2.031927	71.87709	0	2.38	0
-2.030754	71.7771	0	2.38	0
-2.02958	71.677109	0	2.38	0
-2.028406	71.57711	0	2.38	0
-2.027233	71.477119	0	2.38	0
-2.026059	71.377129	0	2.38	0
-2.024886	71.277138	0	2.38	0
-2.023712	71.177139	0	2.38	0
-2.022538	71.077148	0	2.38	0
-2.021365	70.977158	0	2.38	0
-2.020191	70.877159	0	2.38	0
-2.019018	70.777168	0	2.38	0
-2.017844	70.677177	0	2.38	0
-2.016671	70.577179	0	2.38	0
-2.015497	70.477188	0	2.38	0
-2.014323	70.377197	0	2.38	0
-2.01315	70.277206	0	2.38	0
-2.011976	70.177208	0	2.38	0
-2.010803	70.077217	0	2.38	0
-2.009629	69.977226	0	2.38	0
-2.008455	69.877228	0	2.38	0
-2.007282	69.777237	0	2.38	0
-2.006108	69.677246	0	2.38	0
-2.004935	69.577248	0	2.38	0
-2.003761	69.477257	0	2.38	0
-2.002587	69.377266	0	2.38	0
-2.001414	69.277275	0	2.38	0
-2.00024	69.177277	0	2.38	0
-1.999067	69.077286	0	2.38	0
-1.997893	68.977295	0	2.38	0
-1.99672	68.877296	0	2.38	0
-1.995546	68.777306	0	2.38	0
-1.994372	68.677315	0	2.38	0
-1.993199	68.577324	0	2.38	0
-1.992025	68.477325	0	2.38	0
-1.990852	68.377335	0	2.38	0
-1.989678	68.277344	0	2.38	0
-1.988504	68.177345	0	2.38	0
-1.987331	68.077354	0	2.38	0
-1.986157	67.977364	0	2.38	0
-1.984984	67.877365	0	2.38	0
-1.98381	67.777374	0	2.38	0
-1.982636	67.677383	0	2.38	0
-1.981463	67.577393	0	2.38	0
-1.980289	67.477394	0	2.38	0
-1.979116	67.377403	0	2.38	0
-1.977942	67.277412	0	2.38	0
-1.976768	67.177414	0	2.38	0
-1.975595	67.077423	0	2.38	0
-1.974421	66.977432	0	2.38	0
-1.973248	66.877434	0	2.38	0
-1.972074	66.777443	0	2.38	0
-1.970901	66.677452	0	2.38	0
-1.969727	66.577461	0	2.38	0
-1.968553	66.477463	0	2.38	0
-1.96738	66.377472	0	2.38	0
-1.966206	66.277481	0	2.38	0
-1.965033	66.177483	0	2.38	0
-1.963859	66.077492	0	2.38	0
-1.962685	65.977501	0	2.38	0
-1.961512	65.877502	0	2.38	0
-1.960338	65.777512	0	2.38	0
-1.959165	65.677521	0	2.38	0
-1.957991	65.57753	0	2.38	0
-1.956817	65.477531	0	2.38	0
-1.955644	65.377541	0	2.38	0
-1.95447	65.27755	0	2.38	0
-1.953297	65.177551	0	2.38	0
-1.952123	65.07756	0	2.38	0
-1.950949	64.97757	0	2.38	0
-1.949776	64.877579	0	2.38	0
-1.948602	64.77758	0	2.38	0
-1.947429	64.677589	0	2.38	0
-1.946255	64.577599	0	2.38	0
-1.945081	64.4776	0	2.38	0
-1.943908	64.377609	0	2.38	0
-1.942734	64.277618	0	2.38	0
-1.941561	64.17762	0	2.38	0
-1.940387	64.077629	0	2.38	0
-1.939214	63.977638	0	2.38	0
-1.93804	63.877644	0	2.38	0
-1.936866	63.777649	0	2.38	0
-1.935693	63.677658	0	2.38	0
-1.934519	63.577663	0	2.38	0
-1.933346	63.477673	0	2.38	0
-1.932172	63.377678	0	2.38	0
-1.930998	63.277687	0	2.38	0
-1.929825	63.177692	0	2.38	0
-1.928651	63.077698	0	2.38	0
-1.927478	62.977707	0	2.38	0
-1.926304	62.877712	0	2.38	0
-1.92513	62.777721	0	2.38	0
-1.923957	62.677727	0	2.38	0
-1.922783	62.577732	0	2.38	0
-1.92161	62.477741	0	2.38	0
-1.920436	62.377747	0	2.38	0
-1.919263	62.277756	0	2.38	0
-1.918089	62.177761	0	2.38	0
-1.916915	62.077766	0	2.38	0
-1.915742	61.977776	0	2.38	0
-1.914568	61.877781	0	2.38	0
-1.913395	61.77779	0	2.38	0
-1.912221	61.677795	0	2.38	0
-1.911047	61.577801	0	2.38	0
-1.909874	61.47781	0	2.38	0
-1.9087	61.377815	0	2.38	0
-1.907527	61.277824	0	2.38	0
-1.906353	61.17783	0	2.38	0
-1.90518	61.077835	0	2.38	0
-1.904006	60.977844	0	2.38	0
-1.902832	60.87785	0	2.38	0
-1.901659	60.777859	0	2.38	0
-1.900485	60.677864	0	2.38	0
-1.899312	60.577869	0	2.38	0
-1.898138	60.477879	0	2.38	0
-1.896964	60.377884	0	2.38	0
-1.895791	60.277893	0	2.38	0
-1.894617	60.177898	0	2.38	0
-1.893444	60.077904	0	2.38	0
-1.89227	59.977913	0	2.38	0
-1.891096	59.877918	0	2.38	0
-1.889923	59.777927	0	2.38	0
-1.888749	59.677933	0	2.38	0
-1.887576	59.577942	0	2.38	0
-1.886402	59.477947	0	2.38	0
-1.885228	59.377953	0	2.38	0
-1.884055	59.277962	0	2.38	0
-1.882881	59.177967	0	2.38	0
-1.881708	59.077976	0	2.38	0
-1.880534	58.977982	0	2.38	0
-1.87936	58.877987	0	2.38	0
-1.878187	58.777996	0	2.38	0
-1.877013	58.678001	0	2.38	0
-1.87584	58.578011	0	2.38	0
-1.874666	58.478016	0	2.38	0
-1.873492	58.378021	0	2.38	0
-1.872319	58.27803	0	2.38	0
-1.871145	58.178036	0	2.38	0
-1.869972	58.078045	0	2.38	0
-1.868798	57.97805	0	2.38	0
-1.867625	57.878056	0	2.38	0
-1.866451	57.778065	0	2.38	0
-1.865277	57.67807	0	2.38	0
-1.864104	57.578079	0	2.38	0
-1.86293	57.478085	0	2.38	0
-1.861757	57.37809	0	2.38	0
-1.860583	57.278099	0	2.38	0
-1.859409	57.178104	0	2.38	0
-1.858236	57.078114	0	2.38	0
-1.857062	56.978119	0	2.38	0
-1.855889	56.878124	0	2.38	0
-1.854715	56.778133	0	2.38	0
-1.853541	56.678139	0	2.38	0
-1.852368	56.578148	0	2.38	0
-1.851194	56.478153	0	2.38	0
-1.850021	56.378159	0	2.38	0
-1.848847	56.278168	0	2.38	0
-1.847673	56.178173	0	2.38	0
-1.8465	56.078182	0	2.38	0
-1.845326	55.978188	0	2.38	0
-1.844153	55.878197	0	2.38	0
-1.842979	55.778202	0	2.38	0
-1.841805	55.678207	0	2.38	0
-1.840632	55.578217	0	2.38	0
-1.839458	55.478222	0	2.38	0
-1.838285	55.378231	0	2.38	0
-1.837111	55.278236	0	2.38	0
-1.835938	55.178242	0	2.38	0
-1.834764	55.078251	0	2.38	0
-1.83359	54.978256	0	2.38	0
-1.832417	54.878265	0	2.38	0
-1.831243	54.778271	0	2.38	0
-1.83007	54.678276	0	2.38	0
-1.828896	54.578285	0	2.38	0
-1.827722	54.478291	0	2.38	0
-1.826549	54.3783	0	2.38	0
-1.825375	54.278305	0	2.38	0
-1.824202	54.17831	0	2.38	0
-1.823028	54.07832	0	2.38	0
-1.821855	53.978325	0	2.38	0
-1.820681	53.878334	0	2.38	0
-1.819507	53.778339	0	2.38	0
-1.818334	53.678345	0	2.38	0
-1.81716	53.578354	0	2.38	0
-1.815987	53.478359	0	2.38	0
-1.814813	53.378368	0	2.38	0
-1.813639	53.278374	0	2.38	0
-1.812466	53.178379	0	2.38	0
-1.811292	53.078388	0	2.38	0
-1.810119	52.978394	0	2.38	0
-1.808945	52.878403	0	2.38	0
-1.807771	52.778408	0	2.38	0
-1.806598	52.678413	0	2.38	0
-1.805424	52.578423	0	2.38	0
-1.804251	52.478428	0	2.38	0
-1.803077	52.378437	0	2.38	0
-1.801903	52.278442	0	2.38	0
-1.80073	52.178452	0	2.38	0
-1.799556	52.078457	0	2.38	0
-1.798383	51.978462	0	2.38	0
-1.797209	51.878471	0	2.38	0
-1.796036	51.778477	0	2.38	0
-1.794862	51.678486	0	2.38	0
-1.793688	51.578491	0	2.38	0
-1.792515	51.478497	0	2.38	0
-1.791341	51.378506	0	2.38	0
-1.790168	51.278511	0	2.38	0
-1.788994	51.17852	0	2.38	0
-1.78782	51.078526	0	2.38	0
-1.786647	50.978531	0	2.38	0
-1.785473	50.87854	0	2.38	0
-1.7843	50.778545	0	2.38	0
-1.783126	50.678555	0	2.38	0
-1.781952	50.57856	0	2.38	0
-1.780779	50.478565	0	2.38	0
-1.779605	50.378574	0	2.38	0
-1.778432	50.27858	0	2.38	0
-1.777258	50.178589	0	2.38	0
-1.776084	50.078594	0	2.38	0
-1.774911	49.9786	0	2.38	0
-1.773737	49.878609	0	2.38	0
-1.772564	49.778614	0	2.38	0
-1.77139	49.678623	0	2.38	0
-1.770216	49.578629	0	2.38	0
-1.769043	49.478634	0	2.38	0
-1.767869	49.378643	0	2.38	0
-1.766696	49.278648	0	2.38	0
-1.765522	49.178658	0	2.38	0
-1.764349	49.078663	0	2.38	0
-1.763175	48.978668	0	2.38	0
-1.762001	48.878677	0	2.38	0
-1.760828	48.778683	0	2.38	0
-1.759654	48.678692	0	2.38	0
-1.758481	48.578697	0	2.38	0
-1.757307	48.478706	0	2.38	0
-1.756133	48.378712	0	2.38	0
-1.75496	48.278717	0	2.38	0
-1.753786	48.178726	0	2.38	0
-1.752613	48.078732	0	2.38	0
-1.751439	47.978741	0	2.38	0
-1.750265	47.878746	0	2.38	0
-1.749092	47.778751	0	2.38	0
-1.747918	47.678761	0	2.38	0
-1.746745	47.578766	0	2.38	0
-1.745571	47.478775	0	2.38	0
-1.744398	47.37878	0	2.38	0
-1.743224	47.278786	0	2.38	0
-1.74205	47.178795	0	2.38	0
-1.740877	47.0788	0	2.38	0
-1.739703	46.978809	0	2.38	0
-1.73853	46.878815	0	2.38	0
-1.737356	46.77882	0	2.38	0
-1.736182	46.678829	0	2.38	0
-1.735009	46.578835	0	2.38	0
-1.733835	46.478844	0	2.38	0
-1.732662	46.378849	0	2.38	0
-1.731488	46.278854	0	2.38	0
-1.730314	46.178864	0	2.38	0
-1.729141	46.078869	0	2.38	0
-1.727967	45.978878	0	2.38	0
-1.726794	45.878883	0	2.38	0
-1.72562	45.778889	0	2.38	0
-1.724447	45.678898	0	2.38	0
-1.723273	45.578903	0	2.38	0
-1.722099	45.478912	0	2.38	0
-1.720926	45.378918	0	2.38	0
-1.719752	45.278923	0	2.38	0
-1.718579	45.178932	0	2.38	0
-1.717405	45.078938	0	2.38	0
-1.716231	44.978947	0	2.38	0
-1.715058	44.878952	0	2.38	0
-1.713884	44.778957	0	2.38	0
-1.712711	44.678967	0	2.38	0
-1.711537	44.578972	0	2.38	0
-1.710363	44.478981	0	2.38	0
-1.70919	44.378986	0	2.38	0
-1.708016	44.278996	0	2.38	0
-1.706843	44.179001	0	2.38	0
-1.705669	44.079006	0	2.38	0
-1.704495	43.979015	0	2.38	0
-1.703322	43.879021	0	2.38	0
-1.702148	43.77903	0	2.38	0
-1.700975	43.679035	0	2.38	0
-1.699801	43.579041	0	2.38	0
-1.698627	43.47905	0	2.38	0
-1.697454	43.379055	0	2.38	0
-1.69628	43.279064	0	2.38	0
-1.695107	43.17907	0	2.38	0
-1.693933	43.079075	0	2.38	0
-1.69276	42.979084	0	2.38	0
-1.691586	42.879089	0	2.38	0
-1.690412	42.779099	0	2.38	0
-1.689239	42.679104	0	2.38	0
-1.688065	42.579109	0	2.38	0
-1.686892	42.479118	0	2.38	0
-1.685718	42.379124	0	2.38	0
-1.684544	42.279133	0	2.38	0
-1.683371	42.179138	0	2.38	0
-1.682197	42.079144	0	2.38	0
-1.681024	41.979153	0	2.38	0
-1.67985	41.879158	0	2.38	0
-1.678676	41.779167	0	2.38	0
-1.677503	41.679173	0	2.38	0
-1.676329	41.579178	0	2.38	0
-1.675156	41.479187	0	2.38	0
-1.673982	41.379192	0	2.38	0
-1.672809	41.279202	0	2.38	0
-1.671635	41.179207	0	2.38	0
-1.670461	41.079212	0	2.38	0
-1.669288	40.979221	0	2.38	0
-1.668114	40.879227	0	2.38	0
-1.666941	40.779236	0	2.38	0
-1.665767	40.679241	0	2.38	0
-1.664593	40.57925	0	2.38	0
-1.66342	40.479256	0	2.38	0
-1.662246	40.379261	0	2.38	0
-1.661073	40.27927	0	2.38	0
-1.659899	40.179276	0	2.38	0
-1.658725	40.079285	0	2.38	0
-1.657552	39.97929	0	2.38	0
-1.656378	39.879295	0	2.38	0
-1.655205	39.779305	0	2.38	0
-1.654031	39.67931	0	2.38	0
-1.652857	39.579319	0	2.38	0
-1.651684	39.479324	0	2.38	0
-1.65051	39.37933	0	2.38	0
-1.649337	39.279339	0	2.38	0
-1.648163	39.179344	0	2.38	0
-1.646989	39.079353	0	2.38	0
-1.645816	38.979359	0	2.38	0
-1.644642	38.879364	0	2.38	0
-1.643469	38.779373	0	2.38	0
-1.642295	38.679379	0	2.38	0
-1.641122	38.579388	0	2.38	0
-1.639948	38.479393	0	2.38	0
-1.638774	38.379398	0	2.38	0
-1.637601	38.279408	0	2.38	0
-1.636427	38.179413	0	2.38	0
-1.635254	38.079422	0	2.38	0
-1.63408	37.979427	0	2.38	0
-1.632906	37.879433	0	2.38	0
-1.631733	37.779442	0	2.38	0
-1.630559	37.679447	0	2.38	0
-1.629386	37.579456	0	2.38	0
-1.628212	37.479462	0	2.38	0
-1.627038	37.379467	0	2.38	0
-1.625865	37.279476	0	2.38	0
-1.624691	37.179482	0	2.38	0
-1.623518	37.079491	0	2.38	0
-1.622344	36.979496	0	2.38	0
-1.621171	36.879505	0	2.38	0
-1.619997	36.77951	0	2.38	0
-1.618823	36.679516	0	2.38	0
-1.61765	36.579525	0	2.38	0
-1.616476	36.47953	0	2.38	0
-1.615303	36.379539	0	2.38	0
-1.614129	36.279545	0	2.38	0
-1.612955	36.17955	0	2.38	0
-1.611782	36.079559	0	2.38	0
-1.610608	35.979565	0	2.38	0
-1.609435	35.879574	0	2.38	0
-1.608261	35.779579	0	2.38	0
-1.607087	35.679585	0	2.38	0
-1.605914	35.579594	0	2.38	0
-1.60474	35.479599	0	2.38	0
-1.603567	35.379608	0	2.38	0
-1.602393	35.279613	0	2.38	0
-1.601219	35.179619	0	2.38	0
-1.600046	35.079628	0	2.38	0
-1.598872	34.979633	0	2.38	0
-1.597699	34.879642	0	2.38	0
-1.596525	34.779648	0	2.38	0
-1.595351	34.679653	0	2.38	0
-1.594178	34.579662	0	2.38	0
-1.593004	34.479668	0	2.38	0
-1.591831	34.379677	0	2.38	0
-1.590657	34.279682	0	2.38	0
-1.589483	34.179688	0	2.38	0
-1.58831	34.079697	0	2.38	0
-1.587136	33.979702	0	2.38	0
-1.585963	33.879711	0	2.38	0
-1.584789	33.779716	0	2.38	0
-1.583616	33.679722	0	2.38	0
-1.582442	33.579731	0	2.38	0
-1.581268	33.479736	0	2.38	0
-1.580095	33.379745	0	2.38	0
-1.578921	33.279751	0	2.38	0
-1.577748	33.17976	0	2.38	0
-1.576574	33.079765	0	2.38	0
-1.5754	32.979771	0	2.38	0
-1.574227	32.87978	0	2.38	0
-1.573053	32.779785	0	2.38	0
-1.57188	32.679794	0	2.38	0
-1.570706	32.5798	0	2.38	0
-1.569533	32.479805	0	2.38	0
-1.568359	32.379814	0	2.38	0
-1.567185	32.279819	0	2.38	0
-1.566012	32.179829	0	2.38	0
-1.564838	32.079834	0	2.38	0
-1.563665	31.979837	0	2.38	0
-1.562491	31.879847	0	2.38	0
-1.561317	31.779852	0	2.38	0
-1.560144	31.679859	0	2.38	0
-1.55897	31.579866	0	2.38	0
-1.557797	31.479874	0	2.38	0
-1.556623	31.379881	0	2.38	0
-1.555449	31.279886	0	2.38	0
-1.554276	31.179893	0	2.38	0
-1.553102	31.079901	0	2.38	0
-1.551929	30.979908	0	2.38	0
-1.550755	30.879915	0	2.38	0
-1.549582	30.779921	0	2.38	0
-1.548408	30.679928	0	2.38	0
-1.547234	30.579935	0	2.38	0
-1.546061	30.479942	0	2.38	0
-1.544887	30.37995	0	2.38	0
-1.543714	30.279957	0	2.38	0
-1.54254	30.179962	0	2.38	0
-1.541366	30.079969	0	2.38	0
-1.540193	29.979977	0	2.38	0
-1.539019	29.879984	0	2.38	0
-1.537846	29.779991	0	2.38	0
-1.536672	29.679996	0	2.38	0
-1.535498	29.580004	0	2.38	0
-1.534325	29.480011	0	2.38	0
-1.533151	29.380018	0	2.38	0
-1.531978	29.280025	0	2.38	0
-1.530804	29.180031	0	2.38	0
-1.52963	29.080038	0	2.38	0
-1.528457	28.980045	0	2.38	0
-1.527283	28.880053	0	2.38	0
-1.52611	28.78006	0	2.38	0
-1.524936	28.680067	0	2.38	0
-1.523762	28.580072	0	2.38	0
-1.522589	28.48008	0	2.38	0
-1.521415	28.380087	0	2.38	0
-1.520242	28.280094	0	2.38	0
-1.519068	28.180101	0	2.38	0
-1.517895	28.080107	0	2.38	0
-1.516721	27.980114	0	2.38	0
-1.515547	27.880121	0	2.38	0
-1.514374	27.780128	0	2.38	0
-1.5132	27.680136	0	2.38	0
-1.512027	27.580141	0	2.38	0
-1.510853	27.480148	0	2.38	0
-1.509679	27.380156	0	2.38	0
-1.508506	27.280163	0	2.38	0
-1.507332	27.18017	0	2.38	0
-1.506159	27.080175	0	2.38	0
-1.504985	26.980183	0	2.38	0
-1.503811	26.88019	0	2.38	0
-1.502638	26.780197	0	2.38	0
-1.501464	26.680204	0	2.38	0
-1.500291	26.580212	0	2.38	0
-1.499117	26.480217	0	2.38	0
-1.497943	26.380224	0	2.38	0
-1.49677	26.280231	0	2.38	0
-1.495596	26.180239	0	2.38	0
-1.494423	26.080246	0	2.38	0
-1.493249	25.980251	0	2.38	0
-1.492076	25.880259	0	2.38	0
-1.490902	25.780266	0	2.38	0
-1.489728	25.680273	0	2.38	0
-1.488555	25.58028	0	2.38	0
-1.487381	25.480286	0	2.38	0
-1.486208	25.380293	0	2.38	0
-1.485034	25.2803	0	2.38	0
-1.48386	25.180307	0	2.38	0
-1.482687	25.080315	0	2.38	0
-1.481513	24.980322	0	2.38	0
-1.48034	24.880327	0	2.38	0
-1.479166	24.780334	0	2.38	0
-1.477992	24.680342	0	2.38	0
-1.476819	24.580349	0	2.38	0
-1.475645	24.480356	0	2.38	0
-1.474472	24.380362	0	2.38	0
-1.473298	24.280369	0	2.38	0
-1.472124	24.180376	0	2.38	0
-1.470951	24.080383	0	2.38	0
-1.469777	23.980391	0	2.38	0
-1.468604	23.880396	0	2.38	0
-1.46743	23.780403	0	2.38	0
-1.466256	23.68041	0	2.38	0
-1.465083	23.580418	0	2.38	0
-1.463909	23.480425	0	2.38	0
-1.462736	23.38043	0	2.38	0
-1.461562	23.280437	0	2.38	0
-1.460389	23.180445	0	2.38	0
-1.459215	23.080452	0	2.38	0
-1.458041	22.980459	0	2.38	0
-1.456868	22.880466	0	2.38	0
-1.455694	22.780472	0	2.38	0
-1.454521	22.680479	0	2.38	0
-1.453347	22.580486	0	2.38	0
-1.452173	22.480494	0	2.38	0
-1.451	22.380501	0	2.38	0
-1.449826	22.280506	0	2.38	0
-1.448653	22.180513	0	2.38	0
-1.447479	22.080521	0	2.38	0
-1.446306	21.980528	0	2.38	0
-1.445132	21.880535	0	2.38	0
-1.443958	21.78054	0	2.38	0
-1.442785	21.680548	0	2.38	0
-1.441611	21.580555	0	2.38	0
-1.440438	21.480562	0	2.38	0
-1.439264	21.380569	0	2.38	0
-1.43809	21.280577	0	2.38	0
-1.436917	21.180582	0	2.38	0
-1.435743	21.080589	0	2.38	0
-1.43457	20.980597	0	2.38	0
-1.433396	20.880604	0	2.38	0
-1.432222	20.780611	0	2.38	0
-1.431049	20.680616	0	2.38	0
-1.429875	20.580624	0	2.38	0
-1.428702	20.480631	0	2.38	0
-1.427528	20.380638	0	2.38	0
-1.426354	20.280645	0	2.38	0
-1.425181	20.180651	0	2.38	0
-1.424007	20.080658	0	2.38	0
-1.422834	19.980665	0	2.38	0
-1.42166	19.880672	0	2.38	0
-1.420486	19.78068	0	2.38	0
-1.419313	19.680685	0	2.38	0
-1.418139	19.580692	0	2.38	0
-1.416966	19.4807	0	2.38	0
-1.415792	19.380707	0	2.38	0
-1.414618	19.280714	0	2.38	0
-1.413445	19.180721	0	2.38	0
-1.412271	19.080727	0	2.38	0
-1.411098	18.980734	0	2.38	0
-1.409924	18.880741	0	2.38	0
-1.408751	18.780748	0	2.38	0
-1.407577	18.680756	0	2.38	0
-1.406403	18.580761	0	2.38	0
-1.40523	18.480768	0	2.38	0
-1.404056	18.380775	0	2.38	0
-1.402883	18.280783	0	2.38	0
-1.401709	18.18079	0	2.38	0
-1.400535	18.080795	0	2.38	0
-1.399362	17.980803	0	2.38	0
-1.398188	17.88081	0	2.38	0
-1.397015	17.780817	0	2.38	0
-1.395841	17.680824	0	2.38	0
-1.394668	17.58083	0	2.38	0
-1.393494	17.480837	0	2.38	0
-1.39232	17.380844	0	2.38	0
-1.391147	17.280851	0	2.38	0
-1.389973	17.180859	0	2.38	0
-1.3888	17.080866	0	2.38	0
-1.387626	16.980871	0	2.38	0
-1.386452	16.880878	0	2.38	0
-1.385279	16.780886	0	2.38	0
-1.384105	16.680893	0	2.38	0
-1.382932	16.5809	0	2.38	0
-1.381758	16.480906	0	2.38	0
-1.380584	16.380913	0	2.38	0
-1.379411	16.28092	0	2.38	0
-1.378237	16.180927	0	2.38	0
-1.377064	16.080935	0	2.38	0
-1.37589	15.980941	0	2.38	0
-1.374716	15.880949	0	2.38	0
-1.373543	15.780955	0	2.38	0
-1.372369	15.680963	0	2.38	0
-1.371196	15.580969	0	2.38	0
-1.370022	15.480976	0	2.38	0
-1.368849	15.380983	0	2.38	0
-1.367675	15.28099	0	2.38	0
-1.366501	15.180997	0	2.38	0
-1.365328	15.081004	0	2.38	0
-1.364154	14.98101	0	2.38	0
-1.362981	14.881018	0	2.38	0
-1.361807	14.781024	0	2.38	0
-1.360633	14.681031	0	2.38	0
-1.35946	14.581038	0	2.38	0
-1.358286	14.481045	0	2.38	0
-1.357113	14.381052	0	2.38	0
-1.355939	14.281059	0	2.38	0
-1.354765	14.181066	0	2.38	0
-1.353592	14.081073	0	2.38	0
-1.352418	13.981079	0	2.38	0
-1.351245	13.881086	0	2.38	0
-1.350071	13.781094	0	2.38	0
-1.348897	13.6811	0	2.38	0
-1.347724	13.581107	0	2.38	0
-1.34655	13.481113	0	2.38	0
-1.345377	13.381121	0	2.38	0
-1.344203	13.281128	0	2.38	0
-1.343029	13.181134	0	2.38	0
-1.341856	13.081141	0	2.38	0
-1.340682	12.981149	0	2.38	0
-1.339509	12.881155	0	2.38	0
-1.338335	12.781162	0	2.38	0
-1.337162	12.681169	0	2.38	0
-1.335988	12.581176	0	2.38	0
-1.334814	12.481183	0	2.38	0
-1.333641	12.381189	0	2.38	0
-1.332467	12.281197	0	2.38	0
-1.331294	12.181204	0	2.38	0
-1.33012	12.08121	0	2.38	0
-1.328946	11.981217	0	2.38	0
-1.327773	11.881224	0	2.38	0
-1.326599	11.781231	0	2.38	0
-1.325426	11.681238	0	2.38	0
-1.324252	11.581244	0	2.38	0
-1.323079	11.481252	0	2.38	0
-1.321905	11.381259	0	2.38	0
-1.320731	11.281265	0	2.38	0
-1.319558	11.181273	0	2.38	0
-1.318384	11.081279	0	2.38	0
-1.317211	10.981286	0	2.38	0
-1.316037	10.881293	0	2.38	0
-1.314863	10.7813	0	2.38	0
-1.31369	10.681307	0	2.38	0
-1.312516	10.581313	0	2.38	0
-1.311343	10.48132	0	2.38	0
-1.310169	10.381328	0	2.38	0
-1.308995	10.281334	0	2.38	0
-1.307822	10.181341	0	2.38	0
-1.306648	10.081348	0	2.38	0
-1.305475	9.981355	0	2.38	0
-1.304301	9.881362	0	2.38	0
-1.303127	9.781368	0	2.38	0
-1.301954	9.681376	0	2.38	0
-1.30078	9.581383	0	2.38	0
-1.299607	9.481389	0	2.38	0
-1.298433	9.381396	0	2.38	0
-1.297259	9.281404	0	2.38	0
-1.296086	9.18141	0	2.38	0
-1.294912	9.081417	0	2.38	0
-1.293739	8.981423	0	2.38	0
-1.292565	8.881431	0	2.38	0
-1.291391	8.781438	0	2.38	0
-1.290218	8.681444	0	2.38	0
-1.289044	8.581451	0	2.38	0
-1.287871	8.481459	0	2.38	0
-1.286697	8.381465	0	2.38	0
-1.285524	8.281472	0	2.38	0
-1.28435	8.181479	0	2.38	0
-1.283176	8.081486	0	2.38	0
-1.282003	7.981493	0	2.38	0
-1.280829	7.8815	0	2.38	0
-1.279656	7.781507	0	2.38	0
-1.278482	7.681513	0	2.38	0
-1.277308	7.58152	0	2.38	0
-1.276135	7.481527	0	2.38	0
-1.274961	7.381534	0	2.38	0
-1.273788	7.281541	0	2.38	0
-1.272614	7.181548	0	2.38	0
-1.271441	7.081554	0	2.38	0
-1.270267	6.981562	0	2.38	0
-1.269093	6.881568	0	2.38	0
-1.26792	6.781575	0	2.38	0
-1.266746	6.681582	0	2.38	0
-1.265573	6.581589	0	2.38	0
-1.264399	6.481596	0	2.38	0
-1.263225	6.381603	0	2.38	0
-1.262052	6.28161	0	2.38	0
-1.260878	6.181617	0	2.38	0
-1.259705	6.081624	0	2.38	0
-1.258531	5.98163	0	2.38	0
-1.257357	5.881637	0	2.38	0
-1.256184	5.781644	0	2.38	0
-1.25501	5.681651	0	2.38	0
-1.253837	5.581658	0	2.38	0
-1.252663	5.481665	0	2.38	0
-1.251489	5.381672	0	2.38	0
-1.250316	5.281679	0	2.38	0
-1.249142	5.181685	0	2.38	0
-1.247969	5.081692	0	2.38	0
-1.246795	4.981699	0	2.38	0
-1.245621	4.881706	0	2.38	0
-1.244448	4.781713	0	2.38	0
-1.243274	4.68172	0	2.38	0
-1.242101	4.581727	0	2.38	0
-1.240927	4.481734	0	2.38	0
-1.239753	4.381741	0	2.38	0
-1.23858	4.281747	0	2.38	0
-1.237406	4.181755	0	2.38	0
-1.236233	4.081761	0	2.38	0
-1.235059	3.981768	0	2.38	0
-1.233886	3.881775	0	2.38	0
-1.232712	3.781782	0	2.38	0
-1.231538	3.681789	0	2.38	0
-1.230365	3.581796	0	2.38	0
-1.229191	3.481802	0	2.38	0
-1.228018	3.381809	0	2.38	0
-1.226844	3.281816	0	2.38	0
-1.22567	3.181823	0	2.38	0
-1.224497	3.08183	0	2.38	0
-1.223323	2.981837	0	2.38	0
-1.22215	2.881844	0	2.38	0
-1.220976	2.781851	0	2.38	0
-1.219802	2.681858	0	2.38	0
-1.218629	2.581865	0	2.38	0
-1.217455	2.481871	0	2.38	0
-1.216282	2.381878	0	2.38	0
-1.215108	2.281885	0	2.38	0
-1.213935	2.181892	0	2.38	0
-1.212761	2.081899	0	2.38	0
-1.211587	1.981906	0	2.38	0
-1.210414	1.881913	0	2.38	0
-1.20924	1.781919	0	2.38	0
-1.208067	1.681926	0	2.38	0
-1.206893	1.581933	0	2.38	0
-1.205719	1.48194	0	2.38	0
-1.204546	1.381947	0	2.38	0
-1.203372	1.281954	0	2.38	0
-1.202199	1.181961	0	2.38	0
-1.201025	1.081968	0	2.38	0
-1.199851	0.981975	0	2.38	0
-1.198678	0.881982	0	2.38	0
-1.197504	0.781988	0	2.38	0
-1.196331	0.681995	0	2.38	0
-1.195157	0.582002	0	2.38	0
-1.193983	0.482009	0	2.38	0
-1.19281	0.382016	0	2.38	0
-1.191636	0.282023	0	2.38	0
-1.190463	0.18203	0	2.38	0
-1.189289	0.082037	0	2.38	0
-1.188115	-0.017956	0	2.38	0
-1.186941	-0.118	0	2.38	0
-1.185613	-0.217991	0	2.38	0
-1.184003	-0.317978	0	2.38	0
-1.182113	-0.41796	0	2.38	0
-1.179942	-0.517936	0	2.38	0
-1.17749	-0.617906	0	2.38	0
-1.174757	-0.717869	0	2.38	0
-1.171744	-0.817823	0	2.38	0
-1.16845	-0.917769	0	2.38	0
-1.164876	-1.017705	0	2.38	0
-1.161022	-1.117631	0	2.38	0
-1.156888	-1.217545	0	2.38	0
-1.152474	-1.317448	0	2.38	0
-1.14778	-1.417338	0	2.38	0
-1.142807	-1.517214	0	2.38	0
-1.137554	-1.617076	0	2.38	0
-1.132021	-1.716923	0	2.38	0
-1.126209	-1.816754	0	2.38	0
-1.120119	-1.916568	0	2.38	0
-1.113749	-2.016365	0	2.38	0
-1.1071	-2.116143	0	2.38	0
-1.100173	-2.215903	0	2.38	0
-1.092967	-2.315643	0	2.38	0
-1.085483	-2.415363	0	2.38	0
-1.077721	-2.515061	0	2.38	0
-1.06968	-2.614737	0	2.38	0
-1.061362	-2.71439	0	2.38	0
-1.052765	-2.81402	0	2.38	0
-1.043892	-2.913626	0	2.38	0
-1.034741	-3.013206	0	2.38	0
-1.025312	-3.112761	0	2.38	0
-1.015607	-3.212288	0	2.38	0
-1.005624	-3.311789	0	2.38	0
-0.995365	-3.411261	0	2.38	0
-0.984829	-3.510705	0	2.38	0
-0.974017	-3.610118	0	2.38	0
-0.962929	-3.709502	0	2.38	0
-0.951564	-3.808854	0	2.38	0
-0.939924	-3.908174	0	2.38	0
-0.928008	-4.007462	0	2.38	0
-0.915817	-4.106716	0	2.38	0
-0.90335	-4.205935	0	2.38	0
-0.890608	-4.30512	0	2.38	0
-0.877591	-4.404269	0	2.38	0
-0.8643	-4.503382	0	2.38	0
-0.850734	-4.602458	0	2.38	0
-0.836893	-4.701495	0	2.38	0
-0.822779	-4.800494	0	2.38	0
-0.80839	-4.899453	0	2.38	0
-0.793728	-4.998373	0	2.38	0
-0.778793	-5.097251	0	2.38	0
-0.763584	-5.196087	0	2.38	0
-0.748102	-5.294882	0	2.38	0
-0.732347	-5.393633	0	2.38	0
-0.716319	-5.49234	0	2.38	0
-0.700019	-5.591002	0	2.38	0
-0.683447	-5.68962	0	2.38	0
-0.666602	-5.788191	0	2.38	0
-0.649486	-5.886715	0	2.38	0
-0.632099	-5.985192	0	2.38	0
-0.61444	-6.08362	0	2.38	0
-0.59651	-6.182	0	2.38	0
-0.578309	-6.280329	0	2.38	0
-0.559837	-6.378609	0	2.38	0
-0.541095	-6.476837	0	2.38	0
-0.522083	-6.575013	0	2.38	0
-0.502801	-6.673136	0	2.38	0
-0.483249	-6.771206	0	2.38	0
-0.463428	-6.869222	0	2.38	0
-0.443337	-6.967183	0	2.38	0
-0.422977	-7.065088	0	2.38	0
-0.402349	-7.162937	0	2.38	0
-0.381452	-7.26073	0	2.38	0
-0.360287	-7.358464	0	2.38	0
-0.338855	-7.45614	0	2.38	0
-0.317154	-7.553758	0	2.38	0
-0.295186	-7.651314	0	2.38	0
-0.27295	-7.748811	0	2.38	0
-0.250448	-7.846246	0	2.38	0
-0.227679	-7.94362	0	2.38	0
-0.204644	-8.040931	0	2.38	0
-0.181342	-8.138178	0	2.38	0
-0.157775	-8.235361	0	2.38	0
-0.133942	-8.332479	0	2.38	0
-0.109843	-8.429532	0	2.38	0
-0.08548	-8.526519	0	2.38	0
-0.060851	-8.623438	0	2.38	0
-0.035959	-8.72029	0	2.38	0
-0.010801	-8.817075	0	2.38	0
0.01462	-8.913789	0	2.38	0
0.040304	-9.010434	0	2.38	0
0.066253	-9.107009	0	2.38	0
0.092464	-9.203513	0	2.38	0
0.118938	-9.299945	0	2.38	0
0.145675	-9.396304	0	2.38	0
0.172673	-9.492591	0	2.38	0
0.199934	-9.588803	0	2.38	0
0.227457	-9.684941	0	2.38	0
0.255241	-9.781004	0	2.38	0
0.283286	-9.87699	0	2.38	0
0.311592	-9.9729	0	2.38	0
0.340158	-10.068734	0	2.38	0
0.368984	-10.164489	0	2.38	0
0.398071	-10.260165	0	2.38	0
0.427417	-10.355762	0	2.38	0
0.457022	-10.45128	0	2.38	0
0.486886	-10.546716	0	2.38	0
0.517008	-10.642071	0	2.38	0
0.54739	-10.737345	0	2.38	0
0.578029	-10.832535	0	2.38	0
0.608925	-10.927642	0	2.38	0
0.64008	-11.022665	0	2.38	0
0.671491	-11.117604	0	2.38	0
0.703159	-11.212458	0	2.38	0
0.735083	-11.307224	0	2.38	0
0.767264	-11.401905	0	2.38	0
0.7997	-11.496498	0	2.38	0
0.832392	-11.591003	0	2.38	0
0.865338	-11.68542	0	2.38	0
0.89854	-11.779747	0	2.38	0
0.931996	-11.873985	0	2.38	0
0.965706	-11.968132	0	2.38	0
0.999671	-12.062187	0	2.38	0
1.033888	-12.156151	0	2.38	0
1.068358	-12.250022	0	2.38	0
1.103082	-12.3438	0	2.38	0
1.138058	-12.437484	0	2.38	0
1.173285	-12.531075	0	2.38	0
1.208765	-12.624568	0	2.38	0
1.244496	-12.717966	0	2.38	0
1.280478	-12.811268	0	2.38	0
1.31671	-12.904473	0	2.38	0
1.353194	-12.997581	0	2.38	0
1.389927	-13.09059	0	2.38	0
1.426909	-13.183499	0	2.38	0
1.464141	-13.27631	0	2.38	0
1.501622	-13.36902	0	2.38	0
1.539352	-13.46163	0	2.38	0
1.577329	-13.554137	0	2.38	0
1.615555	-13.646544	0	2.38	0
1.654028	-13.738846	0	2.38	0
1.692748	-13.831045	0	2.38	0
1.731715	-13.923141	0	2.38	0
1.770929	-14.015132	0	2.38	0
1.810388	-14.107018	0	2.38	0
1.850093	-14.198797	0	2.38	0
1.890043	-14.29047	0	2.38	0
1.930238	-14.382036	0	2.38	0
1.970678	-14.473495	0	2.38	0
2.011362	-14.564844	0	2.38	0
2.052289	-14.656085	0	2.38	0
2.093461	-14.747217	0	2.38	0
2.134875	-14.838238	0	2.38	0
2.176531	-14.929149	0	2.38	0
2.21843	-15.019949	0	2.38	0
2.260571	-15.110635	0	2.38	0
2.302953	-15.201209	0	2.38	0
2.345577	-15.29167	0	2.38	0
2.388441	-15.382018	0	2.38	0
2.431546	-15.472251	0	2.38	0
2.47489	-15.562368	0	2.38	0
2.518474	-15.652371	0	2.38	0
2.562297	-15.742257	0	2.38	0
2.606359	-15.832026	0	2.38	0
2.65066	-15.921679	0	2.38	0
2.695197	-16.011213	0	2.38	0
2.739973	-16.100628	0	2.38	0
2.784986	-16.189926	0	2.38	0
2.830235	-16.279102	0	2.38	0
2.875722	-16.368158	0	2.38	0
2.921444	-16.457094	0	2.38	0
2.967401	-16.545908	0	2.38	0
3.013594	-16.6346	0	2.38	0
3.060021	-16.723169	0	2.38	0
3.106683	-16.811615	0	2.38	0
3.153578	-16.899937	0	2.38	0
3.200707	-16.988134	0	2.38	0
3.248069	-17.076208	0	2.38	0
3.295664	-17.164154	0	2.38	0
3.343491	-17.251976	0	2.38	0
3.39155	-17.33967	0	2.38	0
3.43984	-17.427238	0	2.38	0
3.488361	-17.514677	0	2.38	0
3.537113	-17.60199	0	2.38	0
3.586095	-17.689171	0	2.38	0
3.635307	-17.776224	0	2.38	0
3.684747	-17.863148	0	2.38	0
3.734417	-17.94994	0	2.38	0
3.784315	-18.0366	0	2.38	0
3.834442	-18.123131	0	2.38	0
3.884796	-18.209528	0	2.38	0
3.935377	-18.295792	0	2.38	0
3.986185	-18.381924	0	2.38	0
4.037218	-18.46792	0	2.38	0
4.088478	-18.553783	0	2.38	0
4.139963	-18.639511	0	2.38	0
4.191673	-18.725103	0	2.38	0
4.243608	-18.81056	0	2.38	0
4.295767	-18.895882	0	2.38	0
4.348149	-18.981062	0	2.38	0
4.400756	-19.066107	0	2.38	0
4.453584	-19.151012	0	2.38	0
4.506635	-19.235781	0	2.38	0
4.559908	-19.32041	0	2.38	0
4.613401	-19.404898	0	2.38	0
4.667117	-19.489246	0	2.38	0
4.721053	-19.573454	0	2.38	0
4.775208	-19.65752	0	2.38	0
4.829584	-19.741446	0	2.38	0
4.884178	-19.825228	0	2.38	0
4.938993	-19.908867	0	2.38	0
4.994023	-19.992361	0	2.38	0
5.049273	-20.075714	0	2.38	0
5.10474	-20.15892	0	2.38	0
5.160424	-20.241983	0	2.38	0
5.216324	-20.3249	0	2.38	0
5.27244	-20.407669	0	2.38	0
5.328773	-20.490294	0	2.38	0
5.385319	-20.572771	0	2.38	0
5.44208	-20.6551	0	2.38	0
5.499056	-20.737282	0	2.38	0
5.556246	-20.819315	0	2.38	0
5.613648	-20.901197	0	2.38	0
5.671264	-20.982931	0	2.38	0
5.729091	-21.064516	0	2.38	0
5.78713	-21.14595	0	2.38	0
5.845382	-21.227232	0	2.38	0
5.903843	-21.308363	0	2.38	0
5.962515	-21.389341	0	2.38	0
6.021397	-21.470169	0	2.38	0
6.080488	-21.550842	0	2.38	0
6.139789	-21.631361	0	2.38	0
6.199298	-21.711727	0	2.38	0
6.259015	-21.791939	0	2.38	0
6.318939	-21.871996	0	2.38	0
6.379071	-21.951897	0	2.38	0
6.439409	-22.031641	0	2.38	0
6.499954	-22.111231	0	2.38	0
6.560704	-22.190662	0	2.38	0
6.621659	-22.269938	0	2.38	0
6.682819	-22.349054	0	2.38	0
6.744183	-22.428013	0	2.38	0
6.80575	-22.506811	0	2.38	0
6.867521	-22.585453	0	2.38	0
6.929495	-22.663933	0	2.38	0
6.991671	-22.742254	0	2.38	0
7.054049	-22.820414	0	2.38	0
7.116627	-22.898413	0	2.38	0
7.179408	-22.976252	0	2.38	0
7.242388	-23.053926	0	2.38	0
7.305568	-23.131439	0	2.38	0
7.368947	-23.20879	0	2.38	0
7.432525	-23.285976	0	2.38	0
7.496302	-23.363001	0	2.38	0
7.560276	-23.439859	0	2.38	0
7.624447	-23.516554	0	2.38	0
7.688815	-23.593082	0	2.38	0
7.75338	-23.669447	0	2.38	0
7.81814	-23.745644	0	2.38	0
7.883097	-23.821674	0	2.38	0
7.948247	-23.897539	0	2.38	0
8.013592	-23.973236	0	2.38	0
8.079131	-24.048765	0	2.38	0
8.144863	-24.124126	0	2.38	0
8.210789	-24.199318	0	2.38	0
8.276905	-24.274342	0	2.38	0
8.343214	-24.349195	0	2.38	0
8.409715	-24.42388	0	2.38	0
8.476406	-24.498394	0	2.38	0
8.543287	-24.572737	0	2.38	0
8.610359	-24.646908	0	2.38	0
8.677619	-24.720907	0	2.38	0
8.745069	-24.794737	0	2.38	0
8.812706	-24.868391	0	2.38	0
8.880531	-24.941874	0	2.38	0
8.948545	-25.015184	0	2.38	0
9.016744	-25.08832	0	2.38	0
9.085131	-25.161282	0	2.38	0
9.153701	-25.234068	0	2.38	0
9.222456	-25.306681	0	2.38	0
9.291398	-25.379118	0	2.38	0
9.360523	-25.45138	0	2.38	0
9.429832	-25.523464	0	2.38	0
9.499325	-25.595373	0	2.38	0
9.568999	-25.667105	0	2.38	0
9.638855	-25.738659	0	2.38	0
9.708894	-25.810036	0	2.38	0
9.779114	-25.881233	0	2.38	0
9.849513	-25.952253	0	2.38	0
9.920094	-26.023096	0	2.38	0
9.990852	-26.093758	0	2.38	0
10.06179	-26.16424	0	2.38	0
10.132908	-26.234543	0	2.38	0
10.204203	-26.304665	0	2.38	0
10.275674	-26.374605	0	2.38	0
10.347323	-26.444365	0	2.38	0
10.419148	-26.513943	0	2.38	0
10.49115	-26.58334	0	2.38	0
10.563326	-26.652554	0	2.38	0
10.635677	-26.721584	0	2.38	0
10.708202	-26.790432	0	2.38	0
10.780901	-26.859097	0	2.38	0
10.853773	-26.927578	0	2.38	0
10.926818	-26.995874	0	2.38	0
11.000035	-27.063988	0	2.38	0
11.073423	-27.131914	0	2.38	0
11.146983	-27.199656	0	2.38	0
11.220714	-27.267212	0	2.38	0
11.294614	-27.334583	0	2.38	0
11.368683	-27.401768	0	2.38	0
11.442922	-27.468765	0	2.38	0
11.517328	-27.535576	0	2.38	0
11.591903	-27.602198	0	2.38	0
11.666645	-27.668633	0	2.38	0
11.741553	-27.73488	0	2.38	0
11.816628	-27.80094	0	2.38	0
11.89187	-27.866808	0	2.38	0
11.967275	-27.932489	0	2.38	0
12.042846	-27.99798	0	2.38	0
12.11858	-28.063282	0	2.38	0
12.194478	-28.128393	0	2.38	0
12.270539	-28.193314	0	2.38	0
12.346763	-28.258043	0	2.38	0
12.423149	-28.322582	0	2.38	0
12.499696	-28.38693	0	2.38	0
12.576404	-28.451084	0	2.38	0
12.653272	-28.515049	0	2.38	0
12.730299	-28.578819	0	2.38	0
12.807487	-28.642397	0	2.38	0
12.884832	-28.705782	0	2.38	0
12.962336	-28.768974	0	2.38	0
13.039997	-28.83197	0	2.38	0
13.117816	-28.894772	0	2.38	0
13.195791	-28.957382	0	2.38	0
13.273922	-29.019798	0	2.38	0
13.352208	-29.082016	0	2.38	0
13.43065	-29.144041	0	2.38	0
13.509245	-29.205872	0	2.38	0
13.587995	-29.267502	0	2.38	0
13.666897	-29.328938	0	2.38	0
13.745952	-29.390177	0	2.38	0
13.825159	-29.45122	0	2.38	0
13.904518	-29.512064	0	2.38	0
13.984029	-29.572712	0	2.38	0
14.063689	-29.633162	0	2.38	0
14.143499	-29.693415	0	2.38	0
14.223459	-29.753468	0	2.38	0
14.303568	-29.813324	0	2.38	0
14.383824	-29.872978	0	2.38	0
14.464229	-29.932436	0	2.38	0
14.544781	-29.991692	0	2.38	0
14.62548	-30.050749	0	2.38	0
14.706324	-30.109606	0	2.38	0
14.787313	-30.168262	0	2.38	0
14.868448	-30.226719	0	2.38	0
14.949728	-30.284975	0	2.38	0
15.031151	-30.343027	0	2.38	0
15.112718	-30.400881	0	2.38	0
15.194427	-30.45853	0	2.38	0
15.276278	-30.51598	0	2.38	0
15.358273	-30.573225	0	2.38	0
15.440408	-30.630268	0	2.38	0
15.522683	-30.687109	0	2.38	0
15.605098	-30.743746	0	2.38	0
15.687651	-30.800182	0	2.38	0
15.770344	-30.856411	0	2.38	0
15.853177	-30.912437	0	2.38	0
15.936144	-30.968258	0	2.38	0
16.019251	-31.023876	0	2.38	0
16.102493	-31.079288	0	2.38	0
16.185875	-31.134497	0	2.38	0
16.269388	-31.189499	0	2.38	0
16.353037	-31.244297	0	2.38	0
16.436821	-31.298889	0	2.38	0
16.520741	-31.353273	0	2.38	0
16.604792	-31.407452	0	2.38	0
16.688974	-31.461426	0	2.38	0
16.773291	-31.515192	0	2.38	0
16.857738	-31.56875	0	2.38	0
16.942318	-31.622103	0	2.38	0
17.027027	-31.675245	0	2.38	0
17.111866	-31.728182	0	2.38	0
17.196836	-31.78091	0	2.38	0
17.281933	-31.833431	0	2.38	0
17.367159	-31.885744	0	2.38	0
17.452513	-31.937847	0	2.38	0
17.537992	-31.989742	0	2.38	0
17.6236	-32.041428	0	2.38	0
17.709333	-32.092903	0	2.38	0
17.795193	-32.144169	0	2.38	0
17.881176	-32.195225	0	2.38	0
17.967285	-32.246071	0	2.38	0
18.053516	-32.296707	0	2.38	0
18.139872	-32.347134	0	2.38	0
18.226349	-32.39735	0	2.38	0
18.312948	-32.447353	0	2.38	0
18.39967	-32.497147	0	2.38	0
18.486513	-32.54673	0	2.38	0
18.573475	-32.5961	0	2.38	0
18.660559	-32.64526	0	2.38	0
18.747761	-32.694206	0	2.38	0
18.835081	-32.742943	0	2.38	0
18.92252	-32.791466	0	2.38	0
19.010077	-32.839775	0	2.38	0
19.09775	-32.887871	0	2.38	0
19.185539	-32.935757	0	2.38	0
19.273445	-32.983429	0	2.38	0
19.361467	-33.030884	0	2.38	0
19.449602	-33.078129	0	2.38	0
19.537853	-33.12516	0	2.38	0
19.626217	-33.171978	0	2.38	0
19.714695	-33.218578	0	2.38	0
19.803284	-33.264969	0	2.38	0
19.891985	-33.311142	0	2.38	0
19.980799	-33.357101	0	2.38	0
20.069721	-33.402847	0	2.38	0
20.158756	-33.448376	0	2.38	0
20.2479	-33.49369	0	2.38	0
20.337152	-33.538788	0	2.38	0
20.426514	-33.583672	0	2.38	0
20.515984	-33.628338	0	2.38	0
20.605562	-33.672791	0	2.38	0
20.695248	-33.717026	0	2.38	0
20.785036	-33.761044	0	2.38	0
20.874931	-33.804848	0	2.38	0
20.964933	-33.848434	0	2.38	0
21.055038	-33.891804	0	2.38	0
21.14525	-33.934956	0	2.38	0
21.235563	-33.97789	0	2.38	0
21.325979	-34.020607	0	2.38	0
21.416496	-34.06311	0	2.38	0
21.50712	-34.105392	0	2.38	0
21.597841	-34.147457	0	2.38	0
21.688665	-34.189304	0	2.38	0
21.779587	-34.230934	0	2.38	0
21.870609	-34.272346	0	2.38	0
21.961731	-34.313538	0	2.38	0
22.052952	-34.354511	0	2.38	0
22.14427	-34.395267	0	2.38	0
22.235685	-34.435806	0	2.38	0
22.327198	-34.476124	0	2.38	0
22.418806	-34.51622	0	2.38	0
22.510509	-34.556099	0	2.38	0
22.602308	-34.59576	0	2.38	0
22.694202	-34.635201	0	2.38	0
22.78619	-34.674423	0	2.38	0
22.878271	-34.713425	0	2.38	0
22.970444	-34.752205	0	2.38	0
23.06271	-34.790768	0	2.38	0
23.155067	-34.829109	0	2.38	0
23.247517	-34.867229	0	2.38	0
23.340057	-34.905128	0	2.38	0
23.432686	-34.94281	0	2.38	0
23.525406	-34.980267	0	2.38	0
23.618214	-35.017506	0	2.38	0
23.711109	-35.054523	0	2.38	0
23.804094	-35.09132	0	2.38	0
23.897165	-35.127895	0	2.38	0
23.990322	-35.164246	0	2.38	0
24.083567	-35.200382	0	2.38	0
24.176897	-35.23629	0	2.38	0
24.270311	-35.27198	0	2.38	0
24.36381	-35.307449	0	2.38	0
24.457392	-35.342693	0	2.38	0
24.551058	-35.377716	0	2.38	0
24.644808	-35.412518	0	2.38	0
24.738638	-35.447098	0	2.38	0
24.832552	-35.481457	0	2.38	0
24.926544	-35.515591	0	2.38	0
25.020618	-35.549503	0	2.38	0
25.114773	-35.583191	0	2.38	0
25.209007	-35.616657	0	2.38	0
25.30332	-35.649902	0	2.38	0
25.397711	-35.682922	0	2.38	0
25.492178	-35.715721	0	2.38	0
25.586723	-35.748295	0	2.38	0
25.681347	-35.780647	0	2.38	0
25.776045	-35.812778	0	2.38	0
25.870817	-35.844681	0	2.38	0
25.965666	-35.876366	0	2.38	0
26.060589	-35.907822	0	2.38	0
26.155586	-35.939056	0	2.38	0
26.250656	-35.97007	0	2.38	0
26.345798	-36.000854	0	2.38	0
26.441013	-36.031418	0	2.38	0
26.536301	-36.06176	0	2.38	0
26.631659	-36.091873	0	2.38	0
26.727085	-36.121765	0	2.38	0
26.822584	-36.151432	0	2.38	0
26.91815	-36.180878	0	2.38	0
27.013786	-36.210094	0	2.38	0
27.109491	-36.23909	0	2.38	0
27.205263	-36.26786	0	2.38	0
27.301102	-36.296406	0	2.38	0
27.397009	-36.324726	0	2.38	0
27.492981	-36.352821	0	2.38	0
27.589018	-36.380695	0	2.38	0
27.68512	-36.40834	0	2.38	0
27.781286	-36.435764	0	2.38	0
27.877518	-36.462959	0	2.38	0
27.97381	-36.489933	0	2.38	0
28.070168	-36.516678	0	2.38	0
28.166586	-36.543201	0	2.38	0
28.263065	-36.5695	0	2.38	0
28.359608	-36.59557	0	2.38	0
28.456209	-36.621418	0	2.38	0
28.552872	-36.647041	0	2.38	0
28.649593	-36.672436	0	2.38	0
28.746372	-36.697605	0	2.38	0
28.843212	-36.722553	0	2.38	0
28.940107	-36.747272	0	2.38	0
29.037062	-36.771767	0	2.38	0
29.134071	-36.796036	0	2.38	0
29.231138	-36.82008	0	2.38	0
29.32826	-36.843899	0	2.38	0
29.425438	-36.867493	0	2.38	0
29.522669	-36.890858	0	2.38	0
29.619955	-36.913998	0	2.38	0
29.717293	-36.936916	0	2.38	0
29.814686	-36.959606	0	2.38	0
29.91213	-36.982071	0	2.38	0
30.009626	-37.004307	0	2.38	0
30.107172	-37.026318	0	2.38	0
30.204771	-37.048107	0	2.38	0
30.302418	-37.069668	0	2.38	0
30.400116	-37.091	0	2.38	0
30.497864	-37.11211	0	2.38	0
30.595657	-37.132992	0	2.38	0
30.693501	-37.153648	0	2.38	0
30.791391	-37.17408	0	2.38	0
30.889328	-37.194286	0	2.38	0
30.987312	-37.214264	0	2.38	0
31.085342	-37.234016	0	2.38	0
31.183418	-37.253544	0	2.38	0
31.281536	-37.272846	0	2.38	0
31.3797	-37.29192	0	2.38	0
31.477909	-37.310768	0	2.38	0
31.57616	-37.329391	0	2.38	0
31.674454	-37.34779	0	2.38	0
31.772791	-37.365959	0	2.38	0
31.871166	-37.383904	0	2.38	0
31.96958	-37.401627	0	2.38	0
32.068039	-37.419117	0	2.38	0
32.166538	-37.436382	0	2.38	0
32.265076	-37.453423	0	2.38	0
32.363651	-37.470238	0	2.38	0
32.462265	-37.486824	0	2.38	0
32.560921	-37.503185	0	2.38	0
32.659607	-37.519321	0	2.38	0
32.758335	-37.535233	0	2.38	0
32.857098	-37.550919	0	2.38	0
32.955894	-37.566376	0	2.38	0
33.054729	-37.581608	0	2.38	0
33.153595	-37.596615	0	2.38	0
33.252499	-37.611393	0	2.38	0
33.351433	-37.625946	0	2.38	0
33.450401	-37.640278	0	2.38	0
33.5494	-37.654377	0	2.38	0
33.648434	-37.668255	0	2.38	0
33.747498	-37.681904	0	2.38	0
33.846592	-37.695328	0	2.38	0
33.945717	-37.70853	0	2.38	0
34.044872	-37.721504	0	2.38	0
34.144058	-37.734249	0	2.38	0
34.243271	-37.746773	0	2.38	0
34.34251	-37.759068	0	2.38	0
34.44178	-37.771137	0	2.38	0
34.541077	-37.782982	0	2.38	0
34.6404	-37.794601	0	2.38	0
34.739746	-37.806	0	2.38	0
34.839123	-37.817162	0	2.38	0
34.938522	-37.828106	0	2.38	0
35.037945	-37.838821	0	2.38	0
35.137394	-37.849316	0	2.38	0
35.236866	-37.859581	0	2.38	0
35.336361	-37.869621	0	2.38	0
35.435875	-37.879436	0	2.38	0
35.535416	-37.889027	0	2.38	0
35.634975	-37.898392	0	2.38	0
35.734558	-37.907532	0	2.38	0
35.83416	-37.916447	0	2.38	0
35.933781	-37.925137	0	2.38	0
36.033421	-37.933601	0	2.38	0
36.133083	-37.941841	0	2.38	0
36.232761	-37.949856	0	2.38	0
36.332455	-37.957645	0	2.38	0
36.432171	-37.96521	0	2.38	0
36.531898	-37.972553	0	2.38	0
36.631645	-37.979668	0	2.38	0
36.731407	-37.986561	0	2.38	0
36.831184	-37.993225	0	2.38	0
36.930977	-37.999668	0	2.38	0
37.030785	-38.005886	0	2.38	0
37.130604	-38.011879	0	2.38	0
37.230438	-38.017647	0	2.38	0
37.330284	-38.023193	0	2.38	0
37.430141	-38.028515	0	2.38	0
37.530014	-38.033611	0	2.38	0
37.629894	-38.038483	0	2.38	0
37.729786	-38.043129	0	2.38	0
37.829689	-38.047554	0	2.38	0
37.9296	-38.051758	0	2.38	0
38.029522	-38.055733	0	2.38	0
38.129452	-38.059486	0	2.38	0
38.229389	-38.063011	0	2.38	0
38.329334	-38.066322	0	2.38	0
38.429287	-38.069405	0	2.38	0
38.529243	-38.072266	0	2.38	0
38.629211	-38.074902	0	2.38	0
38.729179	-38.077312	0	2.38	0
38.829159	-38.079502	0	2.38	0
38.929138	-38.08147	0	2.38	0
39.029121	-38.083214	0	2.38	0
39.129112	-38.084736	0	2.38	0
39.229103	-38.086033	0	2.38	0
39.329098	-38.087109	0	2.38	0
39.429092	-38.087963	0	2.38	0
39.529091	-38.088593	0	2.38	0
39.629089	-38.089001	0	2.38	0
39.729092	-38.089188	0	2.38	0
39.82909	-38.089149	0	2.38	0
39.929089	-38.088894	0	2.38	0
40.029087	-38.088413	0	2.38	0
40.129086	-38.087708	0	2.38	0
40.229481	-38.086758	0	2.38	0
40.329475	-38.085579	0	2.38	0
40.429466	-38.084152	0	2.38	0
40.529449	-38.082474	0	2.38	0
40.629433	-38.080544	0	2.38	0
40.729408	-38.078365	0	2.38	0
40.82938	-38.075928	0	2.38	0
40.929344	-38.07325	0	2.38	0
41.029301	-38.070316	0	2.38	0
41.12925	-38.067131	0	2.38	0
41.229191	-38.063694	0	2.38	0
41.329121	-38.060009	0	2.38	0
41.429043	-38.056072	0	2.38	0
41.528957	-38.051884	0	2.38	0
41.628857	-38.047443	0	2.38	0
41.728748	-38.042755	0	2.38	0
41.828625	-38.037811	0	2.38	0
41.92849	-38.032619	0	2.38	0
42.028343	-38.027176	0	2.38	0
42.128181	-38.021484	0	2.38	0
42.228004	-38.015541	0	2.38	0
42.327812	-38.009346	0	2.38	0
42.427605	-38.002899	0	2.38	0
42.527378	-37.996201	0	2.38	0
42.627136	-37.989254	0	2.38	0
42.726879	-37.982056	0	2.38	0
42.826599	-37.974609	0	2.38	0
42.926304	-37.966911	0	2.38	0
43.025986	-37.958961	0	2.38	0
43.125648	-37.95076	0	2.38	0
43.225292	-37.942314	0	2.38	0
43.324913	-37.933609	0	2.38	0
43.424511	-37.92466	0	2.38	0
43.524086	-37.915459	0	2.38	0
43.623638	-37.90601	0	2.38	0
43.723167	-37.896305	0	2.38	0
43.82267	-37.886356	0	2.38	0
43.92215	-37.876152	0	2.38	0
44.021603	-37.865704	0	2.38	0
44.121029	-37.855	0	2.38	0
44.220428	-37.844051	0	2.38	0
44.319798	-37.832848	0	2.38	0
44.41914	-37.8214	0	2.38	0
44.518452	-37.8097	0	2.38	0
44.617737	-37.797749	0	2.38	0
44.716988	-37.785549	0	2.38	0
44.816212	-37.773102	0	2.38	0
44.915401	-37.760403	0	2.38	0
45.014561	-37.747456	0	2.38	0
45.113686	-37.734257	0	2.38	0
45.212776	-37.720814	0	2.38	0
45.311836	-37.707119	0	2.38	0
45.410858	-37.693172	0	2.38	0
45.509846	-37.678982	0	2.38	0
45.608795	-37.664539	0	2.38	0
45.70771	-37.649849	0	2.38	0
45.806591	-37.634911	0	2.38	0
45.90543	-37.61972	0	2.38	0
46.00423	-37.604286	0	2.38	0
46.102993	-37.5886	0	2.38	0
46.201717	-37.57267	0	2.38	0
46.3004	-37.556488	0	2.38	0
46.39904	-37.540058	0	2.38	0
46.497639	-37.52338	0	2.38	0
46.596195	-37.506454	0	2.38	0
46.69471	-37.489285	0	2.38	0
46.793182	-37.471863	0	2.38	0
46.891609	-37.454193	0	2.38	0
46.98999	-37.436279	0	2.38	0
47.088326	-37.418118	0	2.38	0
47.186619	-37.399704	0	2.38	0
47.284863	-37.381046	0	2.38	0
47.383057	-37.362144	0	2.38	0
47.481209	-37.342991	0	2.38	0
47.579308	-37.323593	0	2.38	0
47.677361	-37.303947	0	2.38	0
47.77536	-37.284058	0	2.38	0
47.873314	-37.26392	0	2.38	0
47.971214	-37.243534	0	2.38	0
48.069061	-37.222904	0	2.38	0
48.166859	-37.202026	0	2.38	0
48.264603	-37.180904	0	2.38	0
48.362289	-37.159534	0	2.38	0
48.459927	-37.13792	0	2.38	0
48.55751	-37.116062	0	2.38	0
48.655037	-37.093956	0	2.38	0
48.752506	-37.071606	0	2.38	0
48.849918	-37.049007	0	2.38	0
48.947273	-37.026165	0	2.38	0
49.044575	-37.003082	0	2.38	0
49.141815	-36.979752	0	2.38	0
49.238995	-36.956173	0	2.38	0
49.336117	-36.932354	0	2.38	0
49.433178	-36.908291	0	2.38	0
49.530178	-36.88398	0	2.38	0
49.627117	-36.859428	0	2.38	0
49.723995	-36.834633	0	2.38	0
49.820808	-36.809593	0	2.38	0
49.917561	-36.784309	0	2.38	0
50.014248	-36.758781	0	2.38	0
50.11087	-36.733009	0	2.38	0
50.207428	-36.706997	0	2.38	0
50.303917	-36.68074	0	2.38	0
50.400341	-36.65424	0	2.38	0
50.4967	-36.627499	0	2.38	0
50.592991	-36.600513	0	2.38	0
50.689213	-36.573284	0	2.38	0
50.785366	-36.545815	0	2.38	0
50.881451	-36.518105	0	2.38	0
50.977463	-36.49015	0	2.38	0
51.073406	-36.461956	0	2.38	0
51.169277	-36.433521	0	2.38	0
51.265076	-36.404842	0	2.38	0
51.360806	-36.375923	0	2.38	0
51.456459	-36.346764	0	2.38	0
51.55204	-36.317364	0	2.38	0
51.647545	-36.287724	0	2.38	0
51.742977	-36.257839	0	2.38	0
51.838333	-36.227718	0	2.38	0
51.933609	-36.197357	0	2.38	0
52.028812	-36.166756	0	2.38	0
52.12394	-36.135914	0	2.38	0
52.218987	-36.104832	0	2.38	0
52.313953	-36.073513	0	2.38	0
52.408844	-36.041954	0	2.38	0
52.503654	-36.010155	0	2.38	0
52.598381	-35.978119	0	2.38	0
52.693031	-35.945843	0	2.38	0
52.787598	-35.91333	0	2.38	0
52.88208	-35.880577	0	2.38	0
52.976482	-35.847588	0	2.38	0
53.070801	-35.814358	0	2.38	0
53.165035	-35.780891	0	2.38	0
53.259186	-35.747192	0	2.38	0
53.353249	-35.713249	0	2.38	0
53.447227	-35.679073	0	2.38	0
53.541119	-35.644661	0	2.38	0
53.634926	-35.610012	0	2.38	0
53.728642	-35.575127	0	2.38	0
53.822273	-35.540005	0	2.38	0
53.915813	-35.504646	0	2.38	0
54.009262	-35.469051	0	2.38	0
54.102623	-35.433224	0	2.38	0
54.195896	-35.39716	0	2.38	0
54.289074	-35.360863	0	2.38	0
54.382164	-35.324326	0	2.38	0
54.475159	-35.28756	0	2.38	0
54.568058	-35.250557	0	2.38	0
54.660866	-35.213322	0	2.38	0
54.753582	-35.17585	0	2.38	0
54.846203	-35.138145	0	2.38	0
54.938728	-35.100208	0	2.38	0
55.031155	-35.062038	0	2.38	0
55.123486	-35.023636	0	2.38	0
55.215721	-34.985001	0	2.38	0
55.307858	-34.946133	0	2.38	0
55.399899	-34.907032	0	2.38	0
55.491837	-34.867699	0	2.38	0
55.583679	-34.828136	0	2.38	0
55.675419	-34.788342	0	2.38	0
55.767059	-34.748314	0	2.38	0
55.858597	-34.708057	0	2.38	0
55.950035	-34.667568	0	2.38	0
56.041367	-34.62685	0	2.38	0
56.132599	-34.585899	0	2.38	0
56.223728	-34.544724	0	2.38	0
56.314751	-34.503315	0	2.38	0
56.40567	-34.461678	0	2.38	0
56.496483	-34.419807	0	2.38	0
56.587193	-34.377712	0	2.38	0
56.677795	-34.335388	0	2.38	0
56.768288	-34.292835	0	2.38	0
56.858677	-34.250053	0	2.38	0
56.948956	-34.207047	0	2.38	0
57.039124	-34.163811	0	2.38	0
57.129185	-34.120346	0	2.38	0
57.219135	-34.076656	0	2.38	0
57.308975	-34.032738	0	2.38	0
57.398705	-33.988594	0	2.38	0
57.488323	-33.944225	0	2.38	0
57.577827	-33.899628	0	2.38	0
57.667221	-33.854809	0	2.38	0
57.7565	-33.809761	0	2.38	0
57.845665	-33.764488	0	2.38	0
57.934715	-33.71899	0	2.38	0
58.023651	-33.673271	0	2.38	0
58.112473	-33.627323	0	2.38	0
58.201176	-33.581154	0	2.38	0
58.289764	-33.53476	0	2.38	0
58.378235	-33.488144	0	2.38	0
58.466583	-33.441307	0	2.38	0
58.554817	-33.394241	0	2.38	0
58.642929	-33.346958	0	2.38	0
58.730927	-33.29945	0	2.38	0
58.818802	-33.25172	0	2.38	0
58.906555	-33.20377	0	2.38	0
58.994186	-33.155598	0	2.38	0
59.081696	-33.107204	0	2.38	0
59.169086	-33.058594	0	2.38	0
59.256351	-33.009758	0	2.38	0
59.343491	-32.960705	0	2.38	0
59.430511	-32.91143	0	2.38	0
59.517403	-32.861935	0	2.38	0
59.604172	-32.812225	0	2.38	0
59.690811	-32.762291	0	2.38	0
59.777328	-32.712143	0	2.38	0
59.863716	-32.661774	0	2.38	0
59.949978	-32.611187	0	2.38	0
60.03611	-32.560383	0	2.38	0
60.122116	-32.509361	0	2.38	0
60.207993	-32.458122	0	2.38	0
60.293739	-32.40667	0	2.38	0
60.379356	-32.355	0	2.38	0
60.46484	-32.303112	0	2.38	0
60.550194	-32.251007	0	2.38	0
60.635414	-32.198689	0	2.38	0
60.720505	-32.146156	0	2.38	0
60.805462	-32.09341	0	2.38	0
60.890285	-32.040447	0	2.38	0
60.974976	-31.98727	0	2.38	0
61.059532	-31.93388	0	2.38	0
61.143951	-31.880278	0	2.38	0
61.228233	-31.826462	0	2.38	0
61.312382	-31.77243	0	2.38	0
61.396393	-31.718191	0	2.38	0
61.480267	-31.663738	0	2.38	0
61.564003	-31.609072	0	2.38	0
61.647598	-31.554195	0	2.38	0
61.731056	-31.499109	0	2.38	0
61.814377	-31.443811	0	2.38	0
61.89756	-31.388302	0	2.38	0
61.980598	-31.332584	0	2.38	0
62.063496	-31.276657	0	2.38	0
62.146252	-31.22052	0	2.38	0
62.228867	-31.164173	0	2.38	0
62.31134	-31.10762	0	2.38	0
62.393669	-31.050858	0	2.38	0
62.475853	-30.993887	0	2.38	0
62.557892	-30.936708	0	2.38	0
62.639786	-30.879324	0	2.38	0
62.721539	-30.821732	0	2.38	0
62.803146	-30.763933	0	2.38	0
62.884605	-30.705929	0	2.38	0
62.965916	-30.64772	0	2.38	0
63.047081	-30.589306	0	2.38	0
63.128098	-30.530685	0	2.38	0
63.208965	-30.471861	0	2.38	0
63.289684	-30.412832	0	2.38	0
63.370255	-30.3536	0	2.38	0
63.450676	-30.294163	0	2.38	0
63.530945	-30.234524	0	2.38	0
63.611061	-30.174683	0	2.38	0
63.691029	-30.114639	0	2.38	0
63.770844	-30.054394	0	2.38	0
63.850506	-29.993946	0	2.38	0
63.930016	-29.933298	0	2.38	0
64.009369	-29.872448	0	2.38	0
64.088577	-29.811398	0	2.38	0
64.167618	-29.750149	0	2.38	0
64.246513	-29.6887	0	2.38	0
64.325249	-29.627052	0	2.38	0
64.403831	-29.565205	0	2.38	0
64.482254	-29.503159	0	2.38	0
64.560516	-29.440914	0	2.38	0
64.638626	-29.378471	0	2.38	0
64.716583	-29.315834	0	2.38	0
64.794373	-29.252998	0	2.38	0
64.872009	-29.189964	0	2.38	0
64.949478	-29.126736	0	2.38	0
65.026794	-29.063313	0	2.38	0
65.103943	-28.999693	0	2.38	0
65.180939	-28.935879	0	2.38	0
65.257767	-28.871872	0	2.38	0
65.334435	-28.807667	0	2.38	0
65.410942	-28.743271	0	2.38	0
65.487282	-28.67868	0	2.38	0
65.563461	-28.613899	0	2.38	0
65.639481	-28.548923	0	2.38	0
65.715324	-28.483757	0	2.38	0
65.791016	-28.418396	0	2.38	0
65.866531	-28.352848	0	2.38	0
65.941887	-28.287106	0	2.38	0
66.017075	-28.221174	0	2.38	0
66.092094	-28.155052	0	2.38	0
66.166946	-28.088741	0	2.38	0
66.241631	-28.022243	0	2.38	0
66.316147	-27.955555	0	2.38	0
66.390488	-27.888678	0	2.38	0
66.464668	-27.821613	0	2.38	0
66.538681	-27.75436	0	2.38	0
66.612518	-27.68692	0	2.38	0
66.68618	-27.619295	0	2.38	0
66.759674	-27.551483	0	2.38	0
66.833	-27.483486	0	2.38	0
66.906151	-27.415302	0	2.38	0
66.979126	-27.346935	0	2.38	0
67.051933	-27.278381	0	2.38	0
67.124565	-27.209644	0	2.38	0
67.197021	-27.140724	0	2.38	0
67.269302	-27.071621	0	2.38	0
67.341415	-27.002337	0	2.38	0
67.413345	-26.932869	0	2.38	0
67.4851	-26.863218	0	2.38	0
67.556679	-26.793388	0	2.38	0
67.628082	-26.723373	0	2.38	0
67.699303	-26.653183	0	2.38	0
67.770355	-26.582809	0	2.38	0
67.841217	-26.512257	0	2.38	0
67.911911	-26.441525	0	2.38	0
67.982422	-26.370615	0	2.38	0
68.05275	-26.299526	0	2.38	0
68.122902	-26.22826	0	2.38	0
68.192871	-26.156816	0	2.38	0
68.262665	-26.085197	0	2.38	0
68.332268	-26.013399	0	2.38	0
68.401695	-25.941425	0	2.38	0
68.470932	-25.869278	0	2.38	0
68.539993	-25.796955	0	2.38	0
68.608871	-25.724457	0	2.38	0
68.677567	-25.651783	0	2.38	0
68.746078	-25.578938	0	2.38	0
68.8144	-25.505919	0	2.38	0
68.882538	-25.432728	0	2.38	0
68.950493	-25.359362	0	2.38	0
69.018257	-25.285828	0	2.38	0
69.085838	-25.212118	0	2.38	0
69.153236	-25.138241	0	2.38	0
69.220444	-25.06419	0	2.38	0
69.28746	-24.989971	0	2.38	0
69.354294	-24.915585	0	2.38	0
69.420929	-24.841026	0	2.38	0
69.487389	-24.7663	0	2.38	0
69.55365	-24.691406	0	2.38	0
69.61972	-24.616344	0	2.38	0
69.685608	-24.541115	0	2.38	0
69.751297	-24.465721	0	2.38	0
69.816803	-24.39016	0	2.38	0
69.882111	-24.31443	0	2.38	0
69.947227	-24.238539	0	2.38	0
70.012154	-24.162483	0	2.38	0
70.076889	-24.086262	0	2.38	0
70.141426	-24.009876	0	2.38	0
70.205772	-23.933327	0	2.38	0
70.26992	-23.856617	0	2.38	0
70.333878	-23.779743	0	2.38	0
70.397644	-23.702707	0	2.38	0
70.461212	-23.625511	0	2.38	0
70.524582	-23.548153	0	2.38	0
70.587753	-23.470634	0	2.38	0
70.650726	-23.392958	0	2.38	0
70.713509	-23.315121	0	2.38	0
70.776093	-23.237125	0	2.38	0
70.838478	-23.158972	0	2.38	0
70.900665	-23.08066	0	2.38	0
70.962654	-23.00219	0	2.38	0
71.024445	-22.923565	0	2.38	0
71.086037	-22.844782	0	2.38	0
71.147423	-22.765842	0	2.38	0
71.208618	-22.68675	0	2.38	0
71.269608	-22.607502	0	2.38	0
71.330391	-22.528099	0	2.38	0
71.390976	-22.448544	0	2.38	0
71.451363	-22.368832	0	2.38	0
71.511551	-22.288969	0	2.38	0
71.571526	-22.208954	0	2.38	0
71.631302	-22.128788	0	2.38	0
71.690872	-22.04847	0	2.38	0
71.750244	-21.968	0	2.38	0
71.80941	-21.887381	0	2.38	0
71.86837	-21.806612	0	2.38	0
71.927124	-21.725695	0	2.38	0
71.98568	-21.644629	0	2.38	0
72.044022	-21.563414	0	2.38	0
72.102165	-21.48205	0	2.38	0
72.160095	-21.400539	0	2.38	0
72.217819	-21.318884	0	2.38	0
72.275337	-21.237082	0	2.38	0
72.332649	-21.155132	0	2.38	0
72.389755	-21.07304	0	2.38	0
72.44664	-20.990803	0	2.38	0
72.503326	-20.908421	0	2.38	0
72.559807	-20.825895	0	2.38	0
72.616074	-20.743227	0	2.38	0
72.672134	-20.660416	0	2.38	0
72.727982	-20.577463	0	2.38	0
72.783615	-20.49437	0	2.38	0
72.839035	-20.411135	0	2.38	0
72.894257	-20.327759	0	2.38	0
72.949257	-20.244246	0	2.38	0
73.004044	-20.160591	0	2.38	0
73.058624	-20.076797	0	2.38	0
73.112991	-19.992867	0	2.38	0
73.167145	-19.908798	0	2.38	0
73.221085	-19.824593	0	2.38	0
73.274803	-19.74025	0	2.38	0
73.328316	-19.655771	0	2.38	0
73.381607	-19.571157	0	2.38	0
73.434692	-19.486408	0	2.38	0
73.487556	-19.401525	0	2.38	0
73.540207	-19.316507	0	2.38	0
73.592644	-19.231358	0	2.38	0
73.644867	-19.146074	0	2.38	0
73.696869	-19.060659	0	2.38	0
73.74865	-18.975111	0	2.38	0
73.800217	-18.889433	0	2.38	0
73.851562	-18.803625	0	2.38	0
73.902695	-18.717686	0	2.38	0
73.953613	-18.631617	0	2.38	0
74.004303	-18.54542	0	2.38	0
74.054779	-18.459095	0	2.38	0
74.105042	-18.372641	0	2.38	0
74.155075	-18.28606	0	2.38	0
74.204895	-18.199352	0	2.38	0
74.254494	-18.112518	0	2.38	0
74.303871	-18.02556	0	2.38	0
74.353027	-17.938475	0	2.38	0
74.401962	-17.851267	0	2.38	0
74.450676	-17.763935	0	2.38	0
74.499168	-17.676477	0	2.38	0
74.54744	-17.588898	0	2.38	0
74.59549	-17.501198	0	2.38	0
74.643311	-17.413374	0	2.38	0
74.690903	-17.32543	0	2.38	0
74.738281	-17.237366	0	2.38	0
74.785439	-17.149181	0	2.38	0
74.832367	-17.060877	0	2.38	0
74.879074	-16.972454	0	2.38	0
74.925552	-16.883913	0	2.38	0
74.971809	-16.795254	0	2.38	0
75.017838	-16.706478	0	2.38	0
75.063644	-16.617584	0	2.38	0
75.109222	-16.528576	0	2.38	0
75.154572	-16.439451	0	2.38	0
75.199707	-16.350212	0	2.38	0
75.244598	-16.260859	0	2.38	0
75.289276	-16.171392	0	2.38	0
75.333717	-16.081812	0	2.38	0
75.37793	-15.992119	0	2.38	0
75.421921	-15.902313	0	2.38	0
75.465683	-15.812397	0	2.38	0
75.509216	-15.72237	0	2.38	0
75.552521	-15.632233	0	2.38	0
75.595596	-15.541985	0	2.38	0
75.638443	-15.451628	0	2.38	0
75.681061	-15.361164	0	2.38	0
75.723442	-15.27059	0	2.38	0
75.765594	-15.179911	0	2.38	0
75.807526	-15.089123	0	2.38	0
75.849213	-14.99823	0	2.38	0
75.890686	-14.90723	0	2.38	0
75.931915	-14.816126	0	2.38	0
75.972916	-14.724918	0	2.38	0
76.01368	-14.633606	0	2.38	0
76.054214	-14.542191	0	2.38	0
76.094521	-14.450672	0	2.38	0
76.13459	-14.359051	0	2.38	0
76.174431	-14.26733	0	2.38	0
76.214035	-14.175507	0	2.38	0
76.253403	-14.083584	0	2.38	0
76.292542	-13.99156	0	2.38	0
76.331451	-13.899437	0	2.38	0
76.370117	-13.807217	0	2.38	0
76.408554	-13.714899	0	2.38	0
76.446747	-13.622482	0	2.38	0
76.484711	-13.52997	0	2.38	0
76.522446	-13.437361	0	2.38	0
76.559937	-13.344656	0	2.38	0
76.597198	-13.251856	0	2.38	0
76.634216	-13.158962	0	2.38	0
76.671005	-13.065973	0	2.38	0
76.707558	-12.972893	0	2.38	0
76.743866	-12.879719	0	2.38	0
76.779945	-12.786453	0	2.38	0
76.815781	-12.693096	0	2.38	0
76.851387	-12.599648	0	2.38	0
76.886749	-12.506109	0	2.38	0
76.921875	-12.412481	0	2.38	0
76.956764	-12.318764	0	2.38	0
76.991409	-12.22496	0	2.38	0
77.025826	-12.131067	0	2.38	0
77.059998	-12.037086	0	2.38	0
77.093933	-11.94302	0	2.38	0
77.127625	-11.848867	0	2.38	0
77.161072	-11.754629	0	2.38	0
77.19429	-11.660305	0	2.38	0
77.227264	-11.565899	0	2.38	0
77.259995	-11.471407	0	2.38	0
77.292496	-11.376835	0	2.38	0
77.324745	-11.282179	0	2.38	0
77.356758	-11.187441	0	2.38	0
77.388527	-11.092621	0	2.38	0
77.420059	-10.997723	0	2.38	0
77.451347	-10.902742	0	2.38	0
77.482391	-10.807686	0	2.38	0
77.513199	-10.712547	0	2.38	0
77.543762	-10.617332	0	2.38	0
77.574081	-10.522039	0	2.38	0
77.604156	-10.42667	0	2.38	0
77.633987	-10.331224	0	2.38	0
77.663589	-10.235704	0	2.38	0
77.692932	-10.140108	0	2.38	0
77.722038	-10.044437	0	2.38	0
77.7509	-9.948692	0	2.38	0
77.779526	-9.852875	0	2.38	0
77.807892	-9.756987	0	2.38	0
77.836029	-9.661024	0	2.38	0
77.863907	-9.564991	0	2.38	0
77.891556	-9.468887	0	2.38	0
77.918953	-9.372713	0	2.38	0
77.946106	-9.27647	0	2.38	0
77.973007	-9.180159	0	2.38	0
77.99968	-9.083778	0	2.38	0
78.026093	-8.987331	0	2.38	0
78.052261	-8.890816	0	2.38	0
78.078186	-8.794235	0	2.38	0
78.103867	-8.69759	0	2.38	0
78.129303	-8.600878	0	2.38	0
78.154488	-8.504101	0	2.38	0
78.179428	-8.407261	0	2.38	0
78.204124	-8.310358	0	2.38	0
78.228577	-8.213394	0	2.38	0
78.252777	-8.116365	0	2.38	0
78.276726	-8.019278	0	2.38	0
78.30043	-7.922129	0	2.38	0
78.323898	-7.824919	0	2.38	0
78.347107	-7.72765	0	2.38	0
78.370071	-7.630323	0	2.38	0
78.392784	-7.532936	0	2.38	0
78.415253	-7.435493	0	2.38	0
78.437469	-7.337994	0	2.38	0
78.459442	-7.240437	0	2.38	0
78.481171	-7.142826	0	2.38	0
78.50264	-7.045158	0	2.38	0
78.523865	-6.947437	0	2.38	0
78.544846	-6.849663	0	2.38	0
78.565575	-6.751833	0	2.38	0
78.586052	-6.653954	0	2.38	0
78.606277	-6.556021	0	2.38	0
78.626266	-6.458036	0	2.38	0
78.645996	-6.360003	0	2.38	0
78.665474	-6.261919	0	2.38	0
78.684708	-6.163786	0	2.38	0
78.70369	-6.065601	0	2.38	0
78.722412	-5.967373	0	2.38	0
78.740891	-5.869095	0	2.38	0
78.759125	-5.770771	0	2.38	0
78.777107	-5.672401	0	2.38	0
78.79483	-5.573986	0	2.38	0
78.812317	-5.475525	0	2.38	0
78.829544	-5.377018	0	2.38	0
78.846512	-5.278473	0	2.38	0
78.863243	-5.179878	0	2.38	0
78.879715	-5.081245	0	2.38	0
78.895935	-4.982571	0	2.38	0
78.911911	-4.883854	0	2.38	0
78.927628	-4.785099	0	2.38	0
78.9431	-4.686302	0	2.38	0
78.958313	-4.587467	0	2.38	0
78.973282	-4.48859	0	2.38	0
78.987991	-4.389679	0	2.38	0
79.002449	-4.29073	0	2.38	0
79.016663	-4.191746	0	2.38	0
79.030609	-4.092724	0	2.38	0
79.044319	-3.993668	0	2.38	0
79.05777	-3.894577	0	2.38	0
79.070969	-3.795452	0	2.38	0
79.083908	-3.696293	0	2.38	0
79.096603	-3.597103	0	2.38	0
79.109047	-3.497879	0	2.38	0
79.121231	-3.398624	0	2.38	0
79.133163	-3.299339	0	2.38	0
79.144852	-3.200024	0	2.38	0
79.156281	-3.100677	0	2.38	0
79.16745	-3.001305	0	2.38	0
79.178375	-2.901901	0	2.38	0
79.189041	-2.802475	0	2.38	0
79.199455	-2.703018	0	2.38	0
79.209618	-2.603535	0	2.38	0
79.219528	-2.504028	0	2.38	0
79.229179	-2.404495	0	2.38	0
79.238579	-2.304935	0	2.38	0
79.247726	-2.205357	0	2.38	0
79.256615	-2.105751	0	2.38	0
79.265259	-2.006126	0	2.38	0
79.273636	-1.906479	0	2.38	0
79.281769	-1.806808	0	2.38	0
79.289642	-1.707119	0	2.38	0
79.297264	-1.60741	0	2.38	0
79.304634	-1.507683	0	2.38	0
79.311745	-1.407936	0	2.38	0
79.318604	-1.30817	0	2.38	0
79.325211	-1.208389	0	2.38	0
79.331558	-1.108593	0	2.38	0
79.337654	-1.008778	0	2.38	0
79.343491	-0.908947	0	2.38	0
79.349075	-0.809105	0	2.38	0
79.354416	-0.709248	0	2.38	0
79.359482	-0.609375	0	2.38	0
79.364304	-0.509491	0	2.38	0
79.368881	-0.409595	0	2.38	0
79.373184	-0.309689	0	2.38	0
79.377243	-0.20977	0	2.38	0
79.381042	-0.109844	0	2.38	0
79.384598	-0.009907	0	2.38	0
79.387894	0.090038	0	2.38	0
79.39093	0.189991	0	2.38	0
79.393707	0.289955	0	2.38	0
79.39624	0.389923	0	2.38	0
79.398514	0.489895	0	2.38	0
79.400528	0.589874	0	2.38	0
79.402283	0.689861	0	2.38	0
79.403793	0.789848	0	2.38	0
79.405045	0.889839	0	2.38	0
79.406044	0.989838	0	2.38	0
79.406784	1.089832	0	2.38	0
79.407272	1.189831	0	2.38	0
79.407501	1.289833	0	2.38	0
79.407486	1.389832	0	2.38	0
79.407204	1.48983	0	2.38	0
79.406662	1.589828	0	2.38	0
79.405884	1.689827	0	2.38	0
79.404831	1.789822	0	2.38	0
79.403618	1.891968	0	2.38	0
79.402428	1.991961	0	2.38	0
79.401237	2.091954	0	2.38	0
79.400047	2.191947	0	2.38	0
79.398857	2.29194	0	2.38	0
79.397667	2.391933	0	2.38	0
79.396477	2.491926	0	2.38	0
79.395287	2.591918	0	2.38	0
79.394096	2.691911	0	2.38	0
79.392906	2.791904	0	2.38	0
79.391716	2.891897	0	2.38	0
79.390526	2.99189	0	2.38	0
79.389336	3.091883	0	2.38	0
79.388138	3.191876	0	2.38	0
79.386948	3.291869	0	2.38	0
79.385757	3.391862	0	2.38	0
79.384567	3.491855	0	2.38	0
79.383377	3.591848	0	2.38	0
79.382187	3.691841	0	2.38	0
79.380997	3.791833	0	2.38	0
79.379807	3.891826	0	2.38	0
79.378616	3.991819	0	2.38	0
79.377426	4.091812	0	2.38	0
79.376236	4.191805	0	2.38	0
79.375046	4.291798	0	2.38	0
79.373856	4.391791	0	2.38	0
79.372665	4.491784	0	2.38	0
79.371475	4.591777	0	2.38	0
79.370285	4.69177	0	2.38	0
79.369095	4.791762	0	2.38	0
79.367905	4.891756	0	2.38	0
79.366714	4.991749	0	2.38	0
79.365524	5.091742	0	2.38	0
79.364334	5.191734	0	2.38	0
79.363144	5.291727	0	2.38	0
79.361954	5.39172	0	2.38	0
79.360764	5.491713	0	2.38	0
79.359573	5.591706	0	2.38	0
79.358383	5.691699	0	2.38	0
79.357193	5.791692	0	2.38	0
79.356003	5.891685	0	2.38	0
79.354813	5.991677	0	2.38	0
79.353622	6.091671	0	2.38	0
79.352432	6.191664	0	2.38	0
79.351242	6.291656	0	2.38	0
79.350052	6.391649	0	2.38	0
79.348862	6.491642	0	2.38	0
79.347672	6.591635	0	2.38	0
79.346481	6.691628	0	2.38	0
79.345291	6.791621	0	2.38	0
79.344101	6.891614	0	2.38	0
79.342911	6.991607	0	2.38	0
79.341721	7.091599	0	2.38	0
79.34053	7.191592	0	2.38	0
79.33934	7.291586	0	2.38	0
79.33815	7.391579	0	2.38	0
79.33696	7.491571	0	2.38	0
79.33577	7.591564	0	2.38	0
79.334572	7.691557	0	2.38	0
79.333382	7.79155	0	2.38	0
79.332191	7.891543	0	2.38	0
79.331001	7.991536	0	2.38	0
79.329811	8.091529	0	2.38	0
79.328621	8.191522	0	2.38	0
79.327431	8.291514	0	2.38	0
79.326241	8.391508	0	2.38	0
79.32505	8.491501	0	2.38	0
79.32386	8.591494	0	2.38	0
79.32267	8.691486	0	2.38	0
79.32148	8.791479	0	2.38	0
79.32029	8.891472	0	2.38	0
79.319099	8.991466	0	2.38	0
79.317909	9.091458	0	2.38	0
79.316719	9.191451	0	2.38	0
79.315529	9.291444	0	2.38	0
79.314339	9.391437	0	2.38	0
79.313148	9.491429	0	2.38	0
79.311958	9.591423	0	2.38	0
79.310768	9.691416	0	2.38	0
79.309578	9.791409	0	2.38	0
79.308388	9.891401	0	2.38	0
79.307198	9.991395	0	2.38	0
79.306007	10.091388	0	2.38	0
79.304817	10.191381	0	2.38	0
79.303627	10.291373	0	2.38	0
79.302437	10.391366	0	2.38	0
79.301247	10.491359	0	2.38	0
79.300056	10.591352	0	2.38	0
79.298866	10.691345	0	2.38	0
79.297676	10.791338	0	2.38	0
79.296486	10.891331	0	2.38	0
79.295296	10.991323	0	2.38	0
79.294106	11.091316	0	2.38	0
79.292915	11.19131	0	2.38	0
79.291725	11.291303	0	2.38	0
79.290535	11.391295	0	2.38	0
79.289345	11.491288	0	2.38	0
79.288155	11.591281	0	2.38	0
79.286964	11.691274	0	2.38	0
79.285774	11.791267	0	2.38	0
79.284584	11.89126	0	2.38	0
79.283394	11.991253	0	2.38	0
79.282196	12.091246	0	2.38	0
79.281006	12.191238	0	2.38	0
79.279816	12.291231	0	2.38	0
79.278625	12.391225	0	2.38	0
79.277435	12.491218	0	2.38	0
79.276245	12.59121	0	2.38	0
79.275055	12.691203	0	2.38	0
79.273865	12.791196	0	2.38	0
79.272675	12.891189	0	2.38	0
79.271484	12.991182	0	2.38	0
79.270294	13.091175	0	2.38	0
79.269104	13.191168	0	2.38	0
79.267914	13.291161	0	2.38	0
79.266724	13.391153	0	2.38	0
79.265533	13.491146	0	2.38	0
79.264343	13.59114	0	2.38	0
79.263153	13.691133	0	2.38	0
79.261963	13.791125	0	2.38	0
79.260773	13.891118	0	2.38	0
79.259583	13.991111	0	2.38	0
79.258392	14.091105	0	2.38	0
79.257202	14.191097	0	2.38	0
79.256012	14.29109	0	2.38	0
79.254822	14.391083	0	2.38	0
79.253632	14.491076	0	2.38	0
79.252441	14.591068	0	2.38	0
79.251251	14.691062	0	2.38	0
79.250061	14.791055	0	2.38	0
79.248871	14.891047	0	2.38	0
79.247681	14.99104	0	2.38	0
79.24649	15.091033	0	2.38	0
79.2453	15.191026	0	2.38	0
79.24411	15.291019	0	2.38	0
79.24292	15.391012	0	2.38	0
79.24173	15.491005	0	2.38	0
79.24054	15.590998	0	2.38	0
79.239349	15.69099	0	2.38	0
79.238159	15.790983	0	2.38	0
79.236969	15.890977	0	2.38	0
79.235779	15.99097	0	2.38	0
79.234589	16.090961	0	2.38	0
79.233398	16.190954	0	2.38	0
79.232208	16.290947	0	2.38	0
79.231018	16.39094	0	2.38	0
79.229828	16.490934	0	2.38	0
79.22863	16.590927	0	2.38	0
79.22744	16.69092	0	2.38	0
79.22625	16.790913	0	2.38	0
79.22506	16.890905	0	2.38	0
79.223869	16.990898	0	2.38	0
79.222679	17.090891	0	2.38	0
79.221489	17.190884	0	2.38	0
79.220299	17.290876	0	2.38	0
79.219109	17.390869	0	2.38	0
79.217918	17.490862	0	2.38	0
79.216728	17.590855	0	2.38	0
79.215538	17.690849	0	2.38	0
79.214348	17.790842	0	2.38	0
79.213158	17.890833	0	2.38	0
79.211967	17.990828	0	2.38	0
79.210777	18.09082	0	2.38	0
79.209587	18.190813	0	2.38	0
79.208397	18.290806	0	2.38	0
79.207207	18.390799	0	2.38	0
79.206017	18.490791	0	2.38	0
79.204826	18.590784	0	2.38	0
79.203636	18.690777	0	2.38	0
79.202446	18.79077	0	2.38	0
79.201256	18.890762	0	2.38	0
79.200066	18.990755	0	2.38	0
79.198875	19.09075	0	2.38	0
79.197685	19.190742	0	2.38	0
79.196495	19.290735	0	2.38	0
79.195305	19.390728	0	2.38	0
79.194115	19.490721	0	2.38	0
79.192924	19.590714	0	2.38	0
79.191734	19.690706	0	2.38	0
79.190544	19.790699	0	2.38	0
79.189354	19.890692	0	2.38	0
79.188164	19.990685	0	2.38	0
79.186974	20.090677	0	2.38	0
79.185783	20.19067	0	2.38	0
79.184593	20.290665	0	2.38	0
79.183403	20.390657	0	2.38	0
79.182213	20.49065	0	2.38	0
79.181023	20.590643	0	2.38	0
79.179832	20.690636	0	2.38	0
79.178642	20.790628	0	2.38	0
79.177452	20.890621	0	2.38	0
79.176262	20.990614	0	2.38	0
79.175064	21.090607	0	2.38	0
79.173874	21.190599	0	2.38	0
79.172684	21.290592	0	2.38	0
79.171494	21.390585	0	2.38	0
79.170303	21.49058	0	2.38	0
79.169113	21.590572	0	2.38	0
79.167923	21.690565	0	2.38	0
79.166733	21.790558	0	2.38	0
79.165543	21.890551	0	2.38	0
79.164352	21.990543	0	2.38	0
79.163162	22.090536	0	2.38	0
79.161972	22.190529	0	2.38	0
79.160782	22.290522	0	2.38	0
79.159592	22.390514	0	2.38	0
79.158401	22.490507	0	2.38	0
79.157211	22.590502	0	2.38	0
79.156021	22.690495	0	2.38	0
79.154831	22.790487	0	2.38	0
79.153641	22.89048	0	2.38	0
79.152451	22.990473	0	2.38	0
79.15126	23.090466	0	2.38	0
79.15007	23.190458	0	2.38	0
79.14888	23.290451	0	2.38	0
79.14769	23.390444	0	2.38	0
79.1465	23.490437	0	2.38	0
79.145309	23.590429	0	2.38	0
79.144119	23.690422	0	2.38	0
79.142929	23.790417	0	2.38	0
79.141739	23.890409	0	2.38	0
79.140549	23.990402	0	2.38	0
79.139359	24.090395	0	2.38	0
79.138168	24.190388	0	2.38	0
79.136978	24.29038	0	2.38	0
79.135788	24.390373	0	2.38	0
79.134598	24.490366	0	2.38	0
79.133408	24.590359	0	2.38	0
79.132217	24.690351	0	2.38	0
79.131027	24.790344	0	2.38	0
79.129837	24.890337	0	2.38	0
79.128647	24.990332	0	2.38	0
79.127457	25.090324	0	2.38	0
79.126266	25.190317	0	2.38	0
79.125076	25.29031	0	2.38	0
79.123886	25.390303	0	2.38	0
79.122696	25.490295	0	2.38	0
79.121498	25.590288	0	2.38	0
79.120308	25.690281	0	2.38	0
79.119118	25.790274	0	2.38	0
79.117928	25.890266	0	2.38	0
79.116737	25.990259	0	2.38	0
79.115547	26.090254	0	2.38	0
79.114357	26.190247	0	2.38	0
79.113167	26.290239	0	2.38	0
79.111977	26.390232	0	2.38	0
79.110786	26.490225	0	2.38	0
79.109596	26.590218	0	2.38	0
79.108406	26.69021	0	2.38	0
79.107216	26.790203	0	2.38	0
79.106026	26.890196	0	2.38	0
79.104836	26.990189	0	2.38	0
79.103645	27.090181	0	2.38	0
79.102455	27.190174	0	2.38	0
79.101265	27.290169	0	2.38	0
79.100075	27.390162	0	2.38	0
79.098885	27.490154	0	2.38	0
79.097694	27.590147	0	2.38	0
79.096504	27.69014	0	2.38	0
79.095314	27.790133	0	2.38	0
79.094124	27.890125	0	2.38	0
79.092934	27.990118	0	2.38	0
79.091743	28.090111	0	2.38	0
79.090553	28.190104	0	2.38	0
79.089363	28.290096	0	2.38	0
79.088173	28.390089	0	2.38	0
79.086983	28.490084	0	2.38	0
79.085793	28.590076	0	2.38	0
79.084602	28.690069	0	2.38	0
79.083412	28.790062	0	2.38	0
79.082222	28.890055	0	2.38	0
79.081032	28.990047	0	2.38	0
79.079842	29.09004	0	2.38	0
79.078651	29.190033	0	2.38	0
79.077461	29.290026	0	2.38	0
79.076271	29.390018	0	2.38	0
79.075081	29.490011	0	2.38	0
79.073891	29.590004	0	2.38	0
79.072701	29.689999	0	2.38	0
79.07151	29.789991	0	2.38	0
79.07032	29.889984	0	2.38	0
79.069122	29.989977	0	2.38	0
79.067932	30.08997	0	2.38	0
79.066742	30.189962	0	2.38	0
79.065552	30.289955	0	2.38	0
79.064362	30.389948	0	2.38	0
79.063171	30.489941	0	2.38	0
79.061981	30.589933	0	2.38	0
79.060791	30.689926	0	2.38	0
79.059601	30.789921	0	2.38	0
79.058411	30.889914	0	2.38	0
79.05722	30.989906	0	2.38	0
79.05603	31.089899	0	2.38	0
79.05484	31.189892	0	2.38	0
79.05365	31.289885	0	2.38	0
79.05246	31.389877	0	2.38	0
79.05127	31.48987	0	2.38	0
79.050079	31.589863	0	2.38	0
79.048889	31.689856	0	2.38	0
79.047699	31.789848	0	2.38	0
79.046509	31.889841	0	2.38	0
79.045319	31.989836	0	2.38	0
79.044128	32.089828	0	2.38	0
79.042938	32.189823	0	2.38	0
79.041748	32.289814	0	2.38	0
79.040558	32.389809	0	2.38	0
79.039368	32.489799	0	2.38	0
79.038177	32.589794	0	2.38	0
79.036987	32.689785	0	2.38	0
79.035797	32.78978	0	2.38	0
79.034607	32.889771	0	2.38	0
79.033417	32.989765	0	2.38	0
79.032227	33.089756	0	2.38	0
79.031036	33.189751	0	2.38	0
79.029846	33.289745	0	2.38	0
79.028656	33.389736	0	2.38	0
79.027466	33.489731	0	2.38	0
79.026276	33.589722	0	2.38	0
79.025085	33.689716	0	2.38	0
79.023895	33.789707	0	2.38	0
79.022705	33.889702	0	2.38	0
79.021515	33.989693	0	2.38	0
79.020325	34.089687	0	2.38	0
79.019135	34.189678	0	2.38	0
79.017944	34.289673	0	2.38	0
79.016754	34.389664	0	2.38	0
79.015556	34.489658	0	2.38	0
79.014366	34.589649	0	2.38	0
79.013176	34.689644	0	2.38	0
79.011986	34.789635	0	2.38	0
79.010796	34.889629	0	2.38	0
79.009605	34.989624	0	2.38	0
79.008415	35.089615	0	2.38	0
79.007225	35.18961	0	2.38	0
79.006035	35.2896	0	2.38	0
79.004845	35.389595	0	2.38	0
79.003654	35.489586	0	2.38	0
79.002464	35.589581	0	2.38	0
79.001274	35.689571	0	2.38	0
79.000084	35.789566	0	2.38	0
78.998894	35.889557	0	2.38	0
78.997704	35.989552	0	2.38	0
78.996513	36.089546	0	2.38	0
78.995323	36.189537	0	2.38	0
78.994133	36.289532	0	2.38	0
78.992943	36.389523	0	2.38	0
78.991753	36.489517	0	2.38	0
78.990562	36.589508	0	2.38	0
78.989372	36.689503	0	2.38	0
78.988182	36.789494	0	2.38	0
78.986992	36.889488	0	2.38	0
78.985802	36.989479	0	2.38	0
78.984612	37.089474	0	2.38	0
78.983421	37.189465	0	2.38	0
78.982231	37.289459	0	2.38	0
78.981041	37.389454	0	2.38	0
78.979851	37.489445	0	2.38	0
78.978661	37.589439	0	2.38	0
78.97747	37.68943	0	2.38	0
78.97628	37.789425	0	2.38	0
78.97509	37.889416	0	2.38	0
78.9739	37.98941	0	2.38	0
78.97271	38.089401	0	2.38	0
78.971519	38.189396	0	2.38	0
78.970329	38.289387	0	2.38	0
78.969139	38.389381	0	2.38	0
78.967949	38.489376	0	2.38	0
78.966759	38.589367	0	2.38	0
78.965569	38.689362	0	2.38	0
78.964378	38.789352	0	2.38	0
78.963188	38.889347	0	2.38	0
78.96199	38.989338	0	2.38	0
78.9608	39.089333	0	2.38	0
78.95961	39.189323	0	2.38	0
78.95842	39.289318	0	2.38	0
78.95723	39.389309	0	2.38	0
78.956039	39.489304	0	2.38	0
78.954849	39.589298	0	2.38	0
78.953659	39.689289	0	2.38	0
78.952469	39.789284	0	2.38	0
78.951279	39.889275	0	2.38	0
78.950089	39.989269	0	2.38	0
78.948898	40.08926	0	2.38	0
78.947708	40.189255	0	2.38	0
78.946518	40.289246	0	2.38	0
78.945328	40.38924	0	2.38	0
78.944138	40.489231	0	2.38	0
78.942947	40.589226	0	2.38	0
78.941757	40.689217	0	2.38	0
78.940567	40.789211	0	2.38	0
78.939377	40.889206	0	2.38	0
78.938187	40.989197	0	2.38	0
78.936996	41.089191	0	2.38	0
78.935806	41.189182	0	2.38	0
78.934616	41.289177	0	2.38	0
78.933426	41.389168	0	2.38	0
78.932236	41.489162	0	2.38	0
78.931046	41.589153	0	2.38	0
78.929855	41.689148	0	2.38	0
78.928665	41.789139	0	2.38	0
78.927475	41.889133	0	2.38	0
78.926285	41.989128	0	2.38	0
78.925095	42.089119	0	2.38	0
78.923904	42.189114	0	2.38	0
78.922714	42.289104	0	2.38	0
78.921524	42.389099	0	2.38	0
78.920334	42.48909	0	2.38	0
78.919144	42.589085	0	2.38	0
78.917953	42.689075	0	2.38	0
78.916763	42.78907	0	2.38	0
78.915573	42.889061	0	2.38	0
78.914383	42.989056	0	2.38	0
78.913193	43.08905	0	2.38	0
78.912003	43.189041	0	2.38	0
78.910812	43.289036	0	2.38	0
78.909622	43.389027	0	2.38	0
78.908424	43.489021	0	2.38	0
78.907234	43.589012	0	2.38	0
78.906044	43.689007	0	2.38	0
78.904854	43.788998	0	2.38	0
78.903664	43.888992	0	2.38	0
78.902473	43.988983	0	2.38	0
78.901283	44.088978	0	2.38	0
78.900093	44.188969	0	2.38	0
78.898903	44.288963	0	2.38	0
78.897713	44.388958	0	2.38	0
78.896523	44.488949	0	2.38	0
78.895332	44.588943	0	2.38	0
78.894142	44.688934	0	2.38	0
78.892952	44.788929	0	2.38	0
78.891762	44.88892	0	2.38	0
78.890572	44.988914	0	2.38	0
78.889381	45.088905	0	2.38	0
78.888191	45.1889	0	2.38	0
78.887001	45.288891	0	2.38	0
78.885811	45.388885	0	2.38	0
78.884621	45.48888	0	2.38	0
78.88343	45.588871	0	2.38	0
78.88224	45.688866	0	2.38	0
78.88105	45.788857	0	2.38	0
78.87986	45.888851	0	2.38	0
78.87867	45.988842	0	2.38	0
78.87748	46.088837	0	2.38	0
78.876289	46.188828	0	2.38	0
78.875099	46.288822	0	2.38	0
78.873909	46.388813	0	2.38	0
78.872719	46.488808	0	2.38	0
78.871529	46.588802	0	2.38	0
78.870338	46.688793	0	2.38	0
78.869148	46.788788	0	2.38	0
78.867958	46.888779	0	2.38	0
78.866768	46.988773	0	2.38	0
78.865578	47.088764	0	2.38	0
78.864388	47.188759	0	2.38	0
78.863197	47.28875	0	2.38	0
78.862007	47.388744	0	2.38	0
78.860817	47.488735	0	2.38	0
78.859627	47.58873	0	2.38	0
78.858437	47.688721	0	2.38	0
78.857246	47.788715	0	2.38	0
78.856049	47.88871	0	2.38	0
78.854858	47.988701	0	2.38	0
78.853668	48.088696	0	2.38	0
78.852478	48.188686	0	2.38	0
78.851288	48.288681	0	2.38	0
78.850098	48.388672	0	2.38	0
78.848907	48.488667	0	2.38	0
78.847717	48.588657	0	2.38	0
78.846527	48.688652	0	2.38	0
78.845337	48.788643	0	2.38	0
78.844147	48.888638	0	2.38	0
78.842957	48.988632	0	2.38	0
78.841766	49.088623	0	2.38	0
78.840576	49.188618	0	2.38	0
78.839386	49.288609	0	2.38	0
78.838196	49.388603	0	2.38	0
78.837006	49.488594	0	2.38	0
78.835815	49.588589	0	2.38	0
78.834625	49.68858	0	2.38	0
78.833435	49.788574	0	2.38	0
78.832245	49.888565	0	2.38	0
78.831055	49.98856	0	2.38	0
78.829865	50.088554	0	2.38	0
78.828674	50.188545	0	2.38	0
78.827484	50.28854	0	2.38	0
78.826294	50.388531	0	2.38	0
78.825104	50.488525	0	2.38	0
78.823914	50.588516	0	2.38	0
78.822723	50.688511	0	2.38	0
78.821533	50.788502	0	2.38	0
78.820343	50.888496	0	2.38	0
78.819153	50.988487	0	2.38	0
78.817963	51.088482	0	2.38	0
78.816772	51.188473	0	2.38	0
78.815582	51.288467	0	2.38	0
78.814392	51.388462	0	2.38	0
78.813202	51.488453	0	2.38	0
78.812012	51.588448	0	2.38	0
78.810822	51.688438	0	2.38	0
78.809631	51.788433	0	2.38	0
78.808441	51.888424	0	2.38	0
78.807251	51.988419	0	2.38	0
78.806061	52.088409	0	2.38	0
78.804871	52.188404	0	2.38	0
78.80368	52.288395	0	2.38	0
78.802483	52.38839	0	2.38	0
78.801292	52.488384	0	2.38	0
78.800102	52.588375	0	2.38	0
78.798912	52.68837	0	2.38	0
78.797722	52.788361	0	2.38	0
78.796532	52.888355	0	2.38	0
78.795341	52.988346	0	2.38	0
78.794151	53.088341	0	2.38	0
78.792961	53.188332	0	2.38	0
78.791771	53.288326	0	2.38	0
78.790581	53.388317	0	2.38	0
78.789391	53.488312	0	2.38	0
78.7882	53.588303	0	2.38	0
78.78701	53.688297	0	2.38	0
78.78582	53.788292	0	2.38	0
78.78463	53.888283	0	2.38	0
78.78344	53.988277	0	2.38	0
78.782249	54.088268	0	2.38	0
78.781059	54.188263	0	2.38	0
78.779869	54.288254	0	2.38	0
78.778679	54.388248	0	2.38	0
78.777489	54.488239	0	2.38	0
78.776299	54.588234	0	2.38	0
78.775108	54.688225	0	2.38	0
78.773918	54.788219	0	2.38	0
78.772728	54.888214	0	2.38	0
78.771538	54.988205	0	2.38	0
78.770348	55.0882	0	2.38	0
78.769157	55.18819	0	2.38	0
78.767967	55.288185	0	2.38	0
78.766777	55.388176	0	2.38	0
78.765587	55.488171	0	2.38	0
78.764397	55.588161	0	2.38	0
78.763206	55.688156	0	2.38	0
78.762016	55.788147	0	2.38	0
78.760826	55.888142	0	2.38	0
78.759636	55.988136	0	2.38	0
78.758446	56.088127	0	2.38	0
78.757256	56.188122	0	2.38	0
78.756065	56.288113	0	2.38	0
78.754875	56.388107	0	2.38	0
78.753685	56.488098	0	2.38	0
78.752495	56.588093	0	2.38	0
78.751305	56.688084	0	2.38	0
78.750114	56.788078	0	2.38	0
78.748917	56.888069	0	2.38	0
78.747726	56.988064	0	2.38	0
78.746536	57.088055	0	2.38	0
78.745346	57.188049	0	2.38	0
78.744156	57.288044	0	2.38	0
78.742966	57.388035	0	2.38	0
78.741776	57.488029	0	2.38	0
78.740585	57.58802	0	2.38	0
78.739395	57.688015	0	2.38	0
78.738205	57.788006	0	2.38	0
78.737015	57.888	0	2.38	0
78.735825	57.987991	0	2.38	0
78.734634	58.087986	0	2.38	0
78.733444	58.187977	0	2.38	0
78.732254	58.287971	0	2.38	0
78.731064	58.387966	0	2.38	0
78.729874	58.487957	0	2.38	0
78.728683	58.587952	0	2.38	0
78.727493	58.687943	0	2.38	0
78.726303	58.787937	0	2.38	0
78.725113	58.887928	0	2.38	0
78.723923	58.987923	0	2.38	0
78.722733	59.087914	0	2.38	0
78.721542	59.187908	0	2.38	0
78.720352	59.287899	0	2.38	0
78.719162	59.387894	0	2.38	0
78.717972	59.487888	0	2.38	0
78.716782	59.587879	0	2.38	0
78.715591	59.687874	0	2.38	0
78.714401	59.787865	0	2.38	0
78.713211	59.887859	0	2.38	0
78.712021	59.98785	0	2.38	0
78.710831	60.087845	0	2.38	0
78.709641	60.187836	0	2.38	0
78.70845	60.28783	0	2.38	0
78.70726	60.387821	0	2.38	0
78.70607	60.487816	0	2.38	0
78.70488	60.587807	0	2.38	0
78.70369	60.687801	0	2.38	0
78.702499	60.787796	0	2.38	0
78.701309	60.887787	0	2.38	0
78.700119	60.987782	0	2.38	0
78.698929	61.087772	0	2.38	0
78.697739	61.187767	0	2.38	0
78.696548	61.287758	0	2.38	0
78.695351	61.387753	0	2.38	0
78.69416	61.487743	0	2.38	0
78.69297	61.587738	0	2.38	0
78.69178	61.687729	0	2.38	0
78.69059	61.787724	0	2.38	0
78.6894	61.887718	0	2.38	0
78.68821	61.987709	0	2.38	0
78.687019	62.087704	0	2.38	0
78.685829	62.187695	0	2.38	0
78.684639	62.287689	0	2.38	0
78.683449	62.38768	0	2.38	0
78.682259	62.487675	0	2.38	0
78.681068	62.587666	0	2.38	0
78.679878	62.68766	0	2.38	0
78.678688	62.787651	0	2.38	0
78.677498	62.887646	0	2.38	0
78.676308	62.98764	0	2.38	0
78.675117	63.087631	0	2.38	0
78.673927	63.187626	0	2.38	0
78.672737	63.287617	0	2.38	0
78.671547	63.387611	0	2.38	0
78.670357	63.487602	0	2.38	0
78.669167	63.587597	0	2.38	0
78.667976	63.687588	0	2.38	0
78.666786	63.787582	0	2.38	0
78.665596	63.887573	0	2.38	0
78.664406	63.987568	0	2.38	0
78.663216	64.087563	0	2.38	0
78.662025	64.187553	0	2.38	0
78.660835	64.287552	0	2.38	0
78.659645	64.387543	0	2.38	0
78.658455	64.487534	0	2.38	0
78.657265	64.587524	0	2.38	0
78.656075	64.687523	0	2.38	0
78.654884	64.787514	0	2.38	0
78.653694	64.887505	0	2.38	0
78.652504	64.987495	0	2.38	0
78.651314	65.087494	0	2.38	0
78.650124	65.187485	0	2.38	0
78.648933	65.287476	0	2.38	0
78.647743	65.387474	0	2.38	0
78.646553	65.487465	0	2.38	0
78.645363	65.587456	0	2.38	0
78.644173	65.687447	0	2.38	0
78.642975	65.787445	0	2.38	0
78.641785	65.887436	0	2.38	0
78.640594	65.987427	0	2.38	0
78.639404	66.087418	0	2.38	0
78.638214	66.187408	0	2.38	0
78.637024	66.287407	0	2.38	0
78.635834	66.387398	0	2.38	0
78.634644	66.487389	0	2.38	0
78.633453	66.587387	0	2.38	0
78.632263	66.687378	0	2.38	0
78.631073	66.787369	0	2.38	0
78.629883	66.88736	0	2.38	0
78.628693	66.987358	0	2.38	0
78.627502	67.087349	0	2.38	0
78.626312	67.18734	0	2.38	0
78.625122	67.287331	0	2.38	0
78.623932	67.387329	0	2.38	0
78.622742	67.48732	0	2.38	0
78.621552	67.587311	0	2.38	0
78.620361	67.687309	0	2.38	0
78.619171	67.7873	0	2.38	0
78.617981	67.887291	0	2.38	0
78.616791	67.987282	0	2.38	0
78.615601	68.08728	0	2.38	0
78.61441	68.187271	0	2.38	0
78.61322	68.287262	0	2.38	0
78.61203	68.387253	0	2.38	0
78.61084	68.487251	0	2.38	0
78.60965	68.587242	0	2.38	0
78.608459	68.687233	0	2.38	0
78.607269	68.787224	0	2.38	0
78.606079	68.887222	0	2.38	0
78.604889	68.987213	0	2.38	0
78.603699	69.087204	0	2.38	0
78.602509	69.187202	0	2.38	0
78.601318	69.287193	0	2.38	0
78.600128	69.387184	0	2.38	0
78.598938	69.487175	0	2.38	0
78.597748	69.587173	0	2.38	0
78.596558	69.687164	0	2.38	0
78.595367	69.787155	0	2.38	0
78.594177	69.887146	0	2.38	0
78.592987	69.987144	0	2.38	0
78.591797	70.087135	0	2.38	0
78.590607	70.187126	0	2.38	0
78.589409	70.287125	0	2.38	0
78.588219	70.387115	0	2.38	0
78.587029	70.487106	0	2.38	0
78.585838	70.587097	0	2.38	0
78.584648	70.687096	0	2.38	0
78.583458	70.787086	0	2.38	0
78.582268	70.887077	0	2.38	0
78.581078	70.987068	0	2.38	0
78.579887	71.087067	0	2.38	0
78.578697	71.187057	0	2.38	0
78.577507	71.287048	0	2.38	0
78.576317	71.387047	0	2.38	0
78.575127	71.487038	0	2.38	0
78.573936	71.587029	0	2.38	0
78.572746	71.687019	0	2.38	0
78.571556	71.787018	0	2.38	0
78.570366	71.887009	0	2.38	0
78.569176	71.987	0	2.38	0
78.567986	72.08699	0	2.38	0
78.566795	72.186989	0	2.38	0
78.565605	72.28698	0	2.38	0
78.564415	72.386971	0	2.38	0
78.563225	72.486969	0	2.38	0
78.562035	72.58696	0	2.38	0
78.560844	72.686951	0	2.38	0
78.559654	72.786942	0	2.38	0
78.558464	72.88694	0	2.38	0
78.557274	72.986931	0	2.38	0
78.556084	73.086922	0	2.38	0
78.554893	73.186913	0	2.38	0
78.553703	73.286911	0	2.38	0
78.552513	73.386902	0	2.38	0
78.551323	73.486893	0	2.38	0
78.550133	73.586891	0	2.38	0
78.548943	73.686882	0	2.38	0
78.547752	73.786873	0	2.38	0
78.546562	73.886864	0	2.38	0
78.545372	73.986862	0	2.38	0
78.544182	74.086853	0	2.38	0
78.542992	74.186844	0	2.38	0
78.541801	74.286835	0	2.38	0
78.540611	74.386833	0	2.38	0
78.539421	74.486824	0	2.38	0
78.538231	74.586815	0	2.38	0
78.537033	74.686813	0	2.38	0
78.535843	74.786804	0	2.38	0
78.534653	74.886795	0	2.38	0
78.533463	74.986786	0	2.38	0
78.532272	75.086784	0	2.38	0
78.531082	75.186775	0	2.38	0
78.529892	75.286766	0	2.38	0
78.528702	75.386757	0	2.38	0
78.527512	75.486755	0	2.38	0
78.526321	75.586746	0	2.38	0
78.525131	75.686737	0	2.38	0
78.523941	75.786728	0	2.38	0
78.522751	75.886726	0	2.38	0
78.521561	75.986717	0	2.38	0
78.52037	76.086708	0	2.38	0
78.51918	76.186707	0	2.38	0
78.51799	76.286697	0	2.38	0
78.5168	76.386688	0	2.38	0
78.51561	76.486679	0	2.38	0
78.51442	76.586678	0	2.38	0
78.513229	76.686668	0	2.38	0
78.512039	76.786659	0	2.38	0
78.510849	76.88665	0	2.38	0
78.509659	76.986649	0	2.38	0
78.508469	77.086639	0	2.38	0
78.507278	77.18663	0	2.38	0
78.506088	77.286629	0	2.38	0
78.504898	77.38662	0	2.38	0
78.503708	77.48661	0	2.38	0
78.502518	77.586601	0	2.38	0
78.501328	77.6866	0	2.38	0
78.500137	77.786591	0	2.38	0
78.498947	77.886581	0	2.38	0
78.497757	77.986572	0	2.38	0
78.496567	78.086571	0	2.38	0
78.495377	78.186562	0	2.38	0
78.494186	78.286552	0	2.38	0
78.492996	78.386551	0	2.38	0
78.491806	78.486542	0	2.38	0
78.490616	78.586533	0	2.38	0
78.489426	78.686523	0	2.38	0
78.488235	78.786522	0	2.38	0
78.487045	78.886513	0	2.38	0
78.485855	78.986504	0	2.38	0
78.484665	79.086494	0	2.38	0
78.483475	79.186493	0	2.38	0
78.482277	79.286484	0	2.38	0
78.481087	79.386475	0	2.38	0
78.479897	79.486473	0	2.38	0
78.478706	79.586464	0	2.38	0
78.477516	79.686455	0	2.38	0
78.476326	79.786446	0	2.38	0
78.475136	79.886444	0	2.38	0
78.473946	79.986435	0	2.38	0
78.472755	80.086426	0	2.38	0
78.471565	80.186417	0	2.38	0
78.470375	80.286415	0	2.38	0
78.469185	80.386406	0	2.38	0
78.467995	80.486397	0	2.38	0
78.466805	80.586395	0	2.38	0
78.465614	80.686386	0	2.38	0
78.464424	80.786377	0	2.38	0
78.463234	80.886368	0	2.38	0
78.462044	80.986366	0	2.38	0
78.460854	81.086357	0	2.38	0
78.459663	81.186348	0	2.38	0
78.458473	81.286339	0	2.38	0
78.457283	81.386337	0	2.38	0
78.456093	81.486328	0	2.38	0
78.454903	81.586319	0	2.38	0
78.453712	81.686317	0	2.38	0
78.452522	81.786308	0	2.38	0
78.451332	81.886299	0	2.38	0
78.450142	81.98629	0	2.38	0
78.448952	82.086288	0	2.38	0
78.447762	82.186279	0	2.38	0
78.446571	82.28627	0	2.38	0
78.445381	82.386261	0	2.38	0
78.444191	82.486259	0	2.38	0
78.443001	82.58625	0	2.38	0
78.441811	82.686241	0	2.38	0
78.44062	82.786232	0	2.38	0
78.43943	82.88623	0	2.38	0
78.43824	82.986221	0	2.38	0
78.43705	83.086212	0	2.38	0
78.43586	83.186211	0	2.38	0
78.434669	83.286201	0	2.38	0
78.433479	83.386192	0	2.38	0
78.432289	83.486183	0	2.38	0
78.431099	83.586182	0	2.38	0
78.429901	83.686172	0	2.38	0
78.428711	83.786163	0	2.38	0
78.427521	83.886154	0	2.38	0
78.426331	83.986153	0	2.38	0
78.42514	84.086143	0	2.38	0
78.42395	84.186134	0	2.38	0
78.42276	84.286133	0	2.38	0
78.42157	84.386124	0	2.38	0
78.42038	84.486115	0	2.38	0
78.419189	84.586105	0	2.38	0
78.417999	84.686104	0	2.38	0
78.416809	84.786095	0	2.38	0
78.415619	84.886086	0	2.38	0
78.414429	84.986076	0	2.38	0
78.413239	85.086075	0	2.38	0
78.412048	85.186066	0	2.38	0
78.410858	85.286057	0	2.38	0
78.409668	85.386055	0	2.38	0
78.408478	85.486046	0	2.38	0
78.407288	85.586037	0	2.38	0
78.406097	85.686028	0	2.38	0
78.404907	85.786026	0	2.38	0
78.403717	85.886017	0	2.38	0
78.402527	85.986008	0	2.38	0
78.401337	86.085999	0	2.38	0
78.400146	86.185997	0	2.38	0
78.398956	86.285988	0	2.38	0
78.397766	86.385979	0	2.38	0
78.396576	86.485977	0	2.38	0
78.395386	86.585968	0	2.38	0
78.394196	86.685959	0	2.38	0
78.393005	86.78595	0	2.38	0
78.391815	86.885948	0	2.38	0
78.390625	86.985939	0	2.38	0
78.389435	87.08593	0	2.38	0
78.388245	87.185921	0	2.38	0
78.387054	87.285919	0	2.38	0
78.385864	87.38591	0	2.38	0
78.384674	87.485901	0	2.38	0
78.383484	87.585899	0	2.38	0
78.382294	87.68589	0	2.38	0
78.381104	87.785881	0	2.38	0
