77.187134	87.943832	0	0	0
77.185379	88.050217	0	0	0
77.183311	88.156601	0	0	0
77.180908	88.262985	0	0	0
77.178192	88.369362	0	0	0
77.175163	88.475731	0	0	0
77.171806	88.582085	0	0	0
77.168121	88.688438	0	0	0
77.164124	88.794777	0	0	0
77.159805	88.901108	0	0	0
77.155174	89.007416	0	0	0
77.150215	89.113716	0	0	0
77.144928	89.220001	0	0	0
77.139336	89.326271	0	0	0
77.133415	89.432526	0	0	0
77.127174	89.538773	0	0	0
77.120621	89.644981	0	0	0
77.113739	89.75119	0	0	0
77.106544	89.857353	0	0	0
77.09903	89.963516	0	0	0
77.091194	90.069656	0	0	0
77.083031	90.175774	0	0	0
77.074554	90.28186	0	0	0
77.065773	90.387932	0	0	0
77.056664	90.493958	0	0	0
77.047226	90.599968	0	0	0
77.037483	90.705956	0	0	0
77.027412	90.811897	0	0	0
77.017044	90.917831	0	0	0
77.006332	91.02372	0	0	0
76.995316	91.129585	0	0	0
76.983986	91.235413	0	0	0
76.972336	91.341209	0	0	0
76.960373	91.446968	0	0	0
76.948082	91.552696	0	0	0
76.935478	91.658379	0	0	0
76.922562	91.764038	0	0	0
76.909332	91.869652	0	0	0
76.895775	91.97522	0	0	0
76.881912	92.080765	0	0	0
76.867729	92.186249	0	0	0
76.853226	92.291702	0	0	0
76.838417	92.39711	0	0	0
76.823296	92.50248	0	0	0
76.807846	92.607796	0	0	0
76.792091	92.713066	0	0	0
76.776024	92.818306	0	0	0
76.759636	92.923477	0	0	0
76.742935	93.02861	0	0	0
76.725922	93.133698	0	0	0
76.708603	93.238724	0	0	0
76.690956	93.343712	0	0	0
76.673004	93.448631	0	0	0
76.654739	93.553513	0	0	0
76.636169	93.65834	0	0	0
76.617271	93.7631	0	0	0
76.598076	93.867805	0	0	0
76.57856	93.972466	0	0	0
76.558731	94.077057	0	0	0
76.538589	94.181595	0	0	0
76.51815	94.286072	0	0	0
76.497383	94.390495	0	0	0
76.476318	94.49485	0	0	0
76.454948	94.599144	0	0	0
76.43325	94.703377	0	0	0
76.411255	94.807549	0	0	0
76.388947	94.911644	0	0	0
76.366325	95.015686	0	0	0
76.343399	95.119652	0	0	0
76.320168	95.223557	0	0	0
76.296616	95.327377	0	0	0
76.272766	95.431152	0	0	0
76.248611	95.534843	0	0	0
76.224136	95.638466	0	0	0
76.199371	95.74202	0	0	0
76.174278	95.845497	0	0	0
76.148895	95.948898	0	0	0
76.123199	96.052231	0	0	0
76.097191	96.155487	0	0	0
76.070885	96.258652	0	0	0
76.044289	96.361763	0	0	0
76.017357	96.464775	0	0	0
75.990128	96.567719	0	0	0
75.962616	96.670586	0	0	0
75.934784	96.773361	0	0	0
75.906647	96.87606	0	0	0
75.878204	96.978676	0	0	0
75.849472	97.081207	0	0	0
75.820412	97.183662	0	0	0
75.791069	97.286018	0	0	0
75.761421	97.388298	0	0	0
75.731476	97.490486	0	0	0
75.701218	97.592583	0	0	0
75.670662	97.694595	0	0	0
75.639809	97.796524	0	0	0
75.60865	97.898354	0	0	0
75.577202	98.000092	0	0	0
75.545433	98.101738	0	0	0
75.513382	98.2033	0	0	0
75.481026	98.304764	0	0	0
75.44838	98.406128	0	0	0
75.415421	98.507393	0	0	0
75.382164	98.608574	0	0	0
75.348618	98.709656	0	0	0
75.314774	98.810631	0	0	0
75.280632	98.911507	0	0	0
75.246193	99.012283	0	0	0
75.211449	99.112968	0	0	0
75.176414	99.213539	0	0	0
75.14109	99.314018	0	0	0
75.105476	99.414383	0	0	0
75.06955	99.514656	0	0	0
75.03334	99.614815	0	0	0
74.996841	99.714874	0	0	0
74.96003	99.814819	0	0	0
74.922935	99.914665	0	0	0
74.885551	100.014397	0	0	0
74.847878	100.114021	0	0	0
74.809906	100.213539	0	0	0
74.771645	100.312935	0	0	0
74.733093	100.412239	0	0	0
74.694237	100.511421	0	0	0
74.655106	100.610481	0	0	0
74.615677	100.709427	0	0	0
74.575966	100.808266	0	0	0
74.53595	100.90699	0	0	0
74.495659	101.005592	0	0	0
74.455086	101.10408	0	0	0
74.414215	101.202446	0	0	0
74.373055	101.300697	0	0	0
74.331604	101.398834	0	0	0
74.289864	101.496841	0	0	0
74.247856	101.594727	0	0	0
74.205551	101.692497	0	0	0
74.162964	101.790138	0	0	0
74.120079	101.887657	0	0	0
74.07692	101.985054	0	0	0
74.033485	102.082314	0	0	0
73.989754	102.179459	0	0	0
73.94574	102.276474	0	0	0
73.901443	102.37336	0	0	0
73.856865	102.470116	0	0	0
73.812012	102.566742	0	0	0
73.766876	102.663254	0	0	0
73.721451	102.759621	0	0	0
73.675743	102.85585	0	0	0
73.629761	102.951965	0	0	0
73.583496	103.047928	0	0	0
73.536964	103.143761	0	0	0
73.490135	103.239471	0	0	0
73.443039	103.335022	0	0	0
73.395668	103.430458	0	0	0
73.348007	103.525749	0	0	0
73.300079	103.620903	0	0	0
73.251869	103.715919	0	0	0
73.203384	103.810799	0	0	0
73.154625	103.905525	0	0	0
73.105591	104.00013	0	0	0
73.056282	104.094574	0	0	0
73.006706	104.188896	0	0	0
72.956848	104.283058	0	0	0
72.906723	104.377075	0	0	0
72.856316	104.470955	0	0	0
72.805634	104.56469	0	0	0
72.754692	104.658272	0	0	0
72.703476	104.751709	0	0	0
72.651985	104.845001	0	0	0
72.600227	104.938141	0	0	0
72.548203	105.031128	0	0	0
72.495903	105.123978	0	0	0
72.443336	105.216667	0	0	0
72.390503	105.309204	0	0	0
72.337402	105.401596	0	0	0
72.284027	105.493835	0	0	0
72.2304	105.585915	0	0	0
72.176498	105.677841	0	0	0
72.122322	105.769608	0	0	0
72.067902	105.861221	0	0	0
72.013206	105.952682	0	0	0
71.958237	106.043991	0	0	0
71.903008	106.135132	0	0	0
71.847527	106.226112	0	0	0
71.791771	106.316933	0	0	0
71.735764	106.4076	0	0	0
71.679489	106.498108	0	0	0
71.622963	106.588448	0	0	0
71.566162	106.678635	0	0	0
71.509109	106.768646	0	0	0
71.451797	106.858498	0	0	0
71.394218	106.948189	0	0	0
71.336395	107.037704	0	0	0
71.278305	107.12706	0	0	0
71.219948	107.216255	0	0	0
71.161354	107.305283	0	0	0
71.102493	107.394135	0	0	0
71.043381	107.482826	0	0	0
70.984016	107.571335	0	0	0
70.924393	107.659683	0	0	0
70.864517	107.747856	0	0	0
70.804382	107.835869	0	0	0
70.743996	107.923691	0	0	0
70.683365	108.01136	0	0	0
70.622475	108.098846	0	0	0
70.56134	108.18615	0	0	0
70.499947	108.273285	0	0	0
70.438301	108.360252	0	0	0
70.376427	108.447037	0	0	0
70.314278	108.533638	0	0	0
70.251892	108.620079	0	0	0
70.18927	108.706329	0	0	0
70.126389	108.792397	0	0	0
70.063263	108.878296	0	0	0
69.999886	108.964012	0	0	0
69.936272	109.049538	0	0	0
69.872406	109.134903	0	0	0
69.808304	109.22007	0	0	0
69.74395	109.305054	0	0	0
69.679359	109.389862	0	0	0
69.614525	109.474472	0	0	0
69.549454	109.558914	0	0	0
69.484131	109.643173	0	0	0
69.418564	109.727226	0	0	0
69.352776	109.811104	0	0	0
69.286736	109.894798	0	0	0
69.220451	109.978294	0	0	0
69.153946	110.061615	0	0	0
69.087189	110.144737	0	0	0
69.020203	110.227661	0	0	0
68.952965	110.31041	0	0	0
68.885506	110.392967	0	0	0
68.81781	110.475327	0	0	0
68.749878	110.557495	0	0	0
68.681702	110.639473	0	0	0
68.613304	110.721252	0	0	0
68.544678	110.802841	0	0	0
68.475807	110.884239	0	0	0
68.406715	110.965431	0	0	0
68.337387	111.04644	0	0	0
68.26783	111.127243	0	0	0
68.198036	111.207848	0	0	0
68.128014	111.288269	0	0	0
68.057777	111.368469	0	0	0
67.987305	111.448494	0	0	0
67.916603	111.528305	0	0	0
67.845673	111.607918	0	0	0
67.774521	111.687332	0	0	0
67.70314	111.766548	0	0	0
67.631538	111.845551	0	0	0
67.559708	111.924362	0	0	0
67.487663	112.002968	0	0	0
67.41539	112.081375	0	0	0
67.342896	112.159569	0	0	0
67.270172	112.237556	0	0	0
67.197235	112.315346	0	0	0
67.124084	112.392929	0	0	0
67.050697	112.470299	0	0	0
66.977104	112.547462	0	0	0
66.903282	112.624435	0	0	0
66.829254	112.70118	0	0	0
66.754997	112.777718	0	0	0
66.680527	112.854057	0	0	0
66.605843	112.930183	0	0	0
66.530945	113.006096	0	0	0
66.455833	113.081802	0	0	0
66.380508	113.157288	0	0	0
66.304977	113.232567	0	0	0
66.229218	113.307632	0	0	0
66.153244	113.382477	0	0	0
66.07708	113.457123	0	0	0
66.000687	113.531548	0	0	0
65.924095	113.605759	0	0	0
65.84729	113.679749	0	0	0
65.770279	113.753532	0	0	0
65.693054	113.827095	0	0	0
65.615623	113.900436	0	0	0
65.537987	113.973564	0	0	0
65.460152	114.046478	0	0	0
65.382103	114.119171	0	0	0
65.303848	114.191643	0	0	0
65.225395	114.263901	0	0	0
65.146736	114.33593	0	0	0
65.067879	114.407753	0	0	0
64.988808	114.47934	0	0	0
64.909554	114.550713	0	0	0
64.830078	114.621849	0	0	0
64.75042	114.692787	0	0	0
64.670547	114.763489	0	0	0
64.590485	114.833961	0	0	0
64.510231	114.904221	0	0	0
64.429771	114.974251	0	0	0
64.349113	115.044052	0	0	0
64.268265	115.11364	0	0	0
64.187225	115.182991	0	0	0
64.10598	115.252113	0	0	0
64.024544	115.321014	0	0	0
63.942924	115.389694	0	0	0
63.861103	115.458138	0	0	0
63.779091	115.52636	0	0	0
63.696888	115.594337	0	0	0
63.614494	115.662102	0	0	0
63.531918	115.72963	0	0	0
63.449142	115.796921	0	0	0
63.366188	115.863998	0	0	0
63.283035	115.930832	0	0	0
63.199711	115.997437	0	0	0
63.116184	116.063797	0	0	0
63.032486	116.129944	0	0	0
62.948593	116.195854	0	0	0
62.864521	116.261528	0	0	0
62.780262	116.326965	0	0	0
62.695816	116.392174	0	0	0
62.611198	116.457138	0	0	0
62.526398	116.521873	0	0	0
62.441414	116.58638	0	0	0
62.356251	116.650635	0	0	0
62.270908	116.714668	0	0	0
62.185383	116.77845	0	0	0
62.099686	116.842003	0	0	0
62.013809	116.905319	0	0	0
61.927757	116.968399	0	0	0
61.84153	117.031235	0	0	0
61.755131	117.093826	0	0	0
61.668549	117.156189	0	0	0
61.581802	117.218307	0	0	0
61.494877	117.280182	0	0	0
61.40778	117.341812	0	0	0
61.320511	117.403221	0	0	0
61.233078	117.464371	0	0	0
61.14547	117.525276	0	0	0
61.057693	117.585945	0	0	0
60.969742	117.646378	0	0	0
60.881634	117.706558	0	0	0
60.79335	117.766495	0	0	0
60.704906	117.826195	0	0	0
60.616299	117.885643	0	0	0
60.527519	117.944847	0	0	0
60.438576	118.003807	0	0	0
60.349472	118.062523	0	0	0
60.260208	118.120995	0	0	0
60.170776	118.179214	0	0	0
60.081192	118.23719	0	0	0
59.991436	118.294914	0	0	0
59.901527	118.352386	0	0	0
59.811459	118.40963	0	0	0
59.72123	118.466614	0	0	0
59.630844	118.523354	0	0	0
59.540298	118.579834	0	0	0
59.449604	118.63607	0	0	0
59.358742	118.692055	0	0	0
59.267738	118.747795	0	0	0
59.176575	118.803276	0	0	0
59.085255	118.858513	0	0	0
58.993786	118.913506	0	0	0
58.902168	118.968239	0	0	0
58.810398	119.022713	0	0	0
58.718475	119.07695	0	0	0
58.626404	119.13092	0	0	0
58.53418	119.184647	0	0	0
58.441811	119.238113	0	0	0
58.3493	119.291328	0	0	0
58.256634	119.344284	0	0	0
58.163826	119.396996	0	0	0
58.070869	119.449455	0	0	0
57.977768	119.501648	0	0	0
57.884529	119.553596	0	0	0
57.791145	119.605278	0	0	0
57.697617	119.656708	0	0	0
57.603951	119.707886	0	0	0
57.510136	119.758804	0	0	0
57.416191	119.809464	0	0	0
57.322102	119.859871	0	0	0
57.227875	119.910019	0	0	0
57.133511	119.959908	0	0	0
57.039005	120.009537	0	0	0
56.944366	120.058907	0	0	0
56.849594	120.108025	0	0	0
56.754688	120.156883	0	0	0
56.659641	120.205467	0	0	0
56.564465	120.253815	0	0	0
56.469158	120.30188	0	0	0
56.373718	120.349693	0	0	0
56.278141	120.397255	0	0	0
56.182446	120.44455	0	0	0
56.086613	120.491577	0	0	0
55.990646	120.538353	0	0	0
55.894566	120.584869	0	0	0
55.798347	120.631111	0	0	0
55.702	120.677101	0	0	0
55.605537	120.722816	0	0	0
55.508942	120.76828	0	0	0
55.412224	120.813484	0	0	0
55.315384	120.858414	0	0	0
55.218418	120.903084	0	0	0
55.12133	120.947487	0	0	0
55.024124	120.991638	0	0	0
54.9268	121.035515	0	0	0
54.82935	121.079124	0	0	0
54.731785	121.122475	0	0	0
54.634098	121.165565	0	0	0
54.536293	121.208382	0	0	0
54.438374	121.250931	0	0	0
54.340336	121.293228	0	0	0
54.242188	121.335236	0	0	0
54.143917	121.376991	0	0	0
54.045536	121.41848	0	0	0
53.947044	121.459709	0	0	0
53.848442	121.500664	0	0	0
53.749722	121.541351	0	0	0
53.650894	121.581772	0	0	0
53.55196	121.621925	0	0	0
53.452911	121.661812	0	0	0
53.35376	121.701416	0	0	0
53.254494	121.740776	0	0	0
53.155125	121.779854	0	0	0
53.055649	121.818657	0	0	0
52.956066	121.857201	0	0	0
52.856377	121.895477	0	0	0
52.756592	121.933472	0	0	0
52.656696	121.971214	0	0	0
52.556702	122.008675	0	0	0
52.456604	122.04586	0	0	0
52.356403	122.082787	0	0	0
52.2561	122.119446	0	0	0
52.155704	122.155823	0	0	0
52.05521	122.191933	0	0	0
51.954613	122.227768	0	0	0
51.85392	122.263336	0	0	0
51.753132	122.298645	0	0	0
51.652245	122.333656	0	0	0
51.551266	122.368416	0	0	0
51.450195	122.402893	0	0	0
51.349026	122.437111	0	0	0
51.247768	122.471046	0	0	0
51.146416	122.504707	0	0	0
51.044971	122.538109	0	0	0
50.943439	122.57122	0	0	0
50.84182	122.604065	0	0	0
50.740105	122.636642	0	0	0
50.638306	122.668938	0	0	0
50.536419	122.700966	0	0	0
50.434452	122.732719	0	0	0
50.332386	122.764191	0	0	0
50.230244	122.795403	0	0	0
50.128017	122.826324	0	0	0
50.025703	122.856995	0	0	0
49.923313	122.887367	0	0	0
49.820831	122.91748	0	0	0
49.718277	122.947304	0	0	0
49.615635	122.976868	0	0	0
49.512917	123.006157	0	0	0
49.410118	123.035164	0	0	0
49.307243	123.063889	0	0	0
49.204296	123.092346	0	0	0
49.101265	123.120529	0	0	0
48.998158	123.148438	0	0	0
48.894978	123.176071	0	0	0
48.791721	123.203423	0	0	0
48.688396	123.230507	0	0	0
48.584991	123.257301	0	0	0
48.481518	123.283836	0	0	0
48.377975	123.310081	0	0	0
48.274361	123.336052	0	0	0
48.170673	123.361748	0	0	0
48.066917	123.387177	0	0	0
47.963093	123.412308	0	0	0
47.8592	123.43718	0	0	0
47.755245	123.461769	0	0	0
47.651222	123.486076	0	0	0
47.547131	123.510117	0	0	0
47.442982	123.533867	0	0	0
47.338764	123.55735	0	0	0
47.234486	123.580559	0	0	0
47.130138	123.603485	0	0	0
47.025734	123.626129	0	0	0
46.921272	123.648499	0	0	0
46.816746	123.670586	0	0	0
46.712162	123.692398	0	0	0
46.607517	123.713943	0	0	0
46.502819	123.735191	0	0	0
46.398064	123.756172	0	0	0
46.293247	123.776878	0	0	0
46.188377	123.797295	0	0	0
46.083458	123.817444	0	0	0
45.978474	123.837303	0	0	0
45.873447	123.856895	0	0	0
45.76836	123.876198	0	0	0
45.663227	123.895233	0	0	0
45.558037	123.913986	0	0	0
45.452801	123.932449	0	0	0
45.347519	123.950645	0	0	0
45.242184	123.968567	0	0	0
45.136795	123.986206	0	0	0
45.031368	124.003563	0	0	0
44.925888	124.020638	0	0	0
44.82037	124.037437	0	0	0
44.714802	124.053955	0	0	0
44.609192	124.07019	0	0	0
44.503536	124.086159	0	0	0
44.397839	124.101837	0	0	0
44.292099	124.117249	0	0	0
44.186317	124.132362	0	0	0
44.080498	124.147209	0	0	0
43.974632	124.161774	0	0	0
43.868736	124.176064	0	0	0
43.762798	124.190071	0	0	0
43.656822	124.203796	0	0	0
43.550812	124.217239	0	0	0
43.444759	124.230415	0	0	0
43.338676	124.243309	0	0	0
43.232563	124.255913	0	0	0
43.126408	124.268234	0	0	0
43.020218	124.280289	0	0	0
42.914005	124.292061	0	0	0
42.807755	124.303551	0	0	0
42.701477	124.314766	0	0	0
42.595169	124.325691	0	0	0
42.488831	124.336342	0	0	0
42.382462	124.346718	0	0	0
42.276066	124.356812	0	0	0
42.169647	124.366623	0	0	0
42.063198	124.37616	0	0	0
41.956722	124.385422	0	0	0
41.850224	124.394394	0	0	0
41.743702	124.403091	0	0	0
41.637154	124.411499	0	0	0
41.530582	124.419647	0	0	0
41.424	124.427498	0	0	0
41.317379	124.435081	0	0	0
41.210751	124.442375	0	0	0
41.104099	124.449402	0	0	0
40.997429	124.456139	0	0	0
40.890743	124.462593	0	0	0
40.784035	124.468773	0	0	0
40.677307	124.474686	0	0	0
40.570568	124.480309	0	0	0
40.463818	124.485649	0	0	0
40.357048	124.490715	0	0	0
40.250263	124.495499	0	0	0
40.143471	124.500015	0	0	0
40.036663	124.504242	0	0	0
39.929844	124.508186	0	0	0
39.823013	124.511864	0	0	0
39.716171	124.515244	0	0	0
39.609322	124.518364	0	0	0
39.502464	124.521194	0	0	0
39.395599	124.52375	0	0	0
39.288719	124.526024	0	0	0
39.181847	124.528023	0	0	0
39.074955	124.529739	0	0	0
38.968063	124.531189	0	0	0
38.861172	124.532356	0	0	0
38.754269	124.533234	0	0	0
38.647373	124.533844	0	0	0
38.540466	124.534164	0	0	0
38.433559	124.534225	0	0	0
38.326656	124.533989	0	0	0
38.219749	124.533493	0	0	0
38.112843	124.5327	0	0	0
38.005417	124.531662	0	0	0
37.898285	124.530334	0	0	0
37.791157	124.528763	0	0	0
37.684036	124.526932	0	0	0
37.576923	124.524841	0	0	0
37.469818	124.522491	0	0	0
37.36272	124.519875	0	0	0
37.25563	124.517006	0	0	0
37.148548	124.513885	0	0	0
37.041477	124.510498	0	0	0
36.934414	124.506859	0	0	0
36.827362	124.502953	0	0	0
36.720325	124.498795	0	0	0
36.613297	124.494377	0	0	0
36.506283	124.489693	0	0	0
36.399277	124.484756	0	0	0
36.292297	124.479561	0	0	0
36.185322	124.474098	0	0	0
36.078362	124.468376	0	0	0
35.97142	124.462402	0	0	0
35.864502	124.456169	0	0	0
35.757595	124.449669	0	0	0
35.650703	124.442917	0	0	0
35.543835	124.435898	0	0	0
35.436977	124.428619	0	0	0
35.330147	124.421082	0	0	0
35.223339	124.413284	0	0	0
35.116547	124.405228	0	0	0
35.009781	124.396904	0	0	0
34.903034	124.388329	0	0	0
34.796307	124.379494	0	0	0
34.68961	124.370384	0	0	0
34.582935	124.361023	0	0	0
34.476284	124.351402	0	0	0
34.369659	124.341522	0	0	0
34.263062	124.33136	0	0	0
34.15649	124.320961	0	0	0
34.04995	124.310287	0	0	0
33.943432	124.299355	0	0	0
33.836948	124.288162	0	0	0
33.730492	124.276703	0	0	0
33.624062	124.264992	0	0	0
33.517666	124.253014	0	0	0
33.411304	124.240776	0	0	0
33.30497	124.228271	0	0	0
33.198673	124.215508	0	0	0
33.092407	124.202477	0	0	0
32.986176	124.189178	0	0	0
32.879982	124.175644	0	0	0
32.773819	124.161819	0	0	0
32.667694	124.147751	0	0	0
32.561607	124.133408	0	0	0
32.455555	124.118813	0	0	0
32.349548	124.103943	0	0	0
32.243572	124.088814	0	0	0
32.137638	124.073425	0	0	0
32.031746	124.05777	0	0	0
31.925896	124.041855	0	0	0
31.820082	124.025681	0	0	0
31.714317	124.009232	0	0	0
31.608591	123.992531	0	0	0
31.502911	123.975571	0	0	0
31.397272	123.958328	0	0	0
31.291679	123.940842	0	0	0
31.186134	123.92308	0	0	0
31.080637	123.90506	0	0	0
30.975183	123.88678	0	0	0
30.869778	123.868233	0	0	0
30.76442	123.849426	0	0	0
30.659115	123.830345	0	0	0
30.553856	123.811012	0	0	0
30.44865	123.79142	0	0	0
30.343494	123.771553	0	0	0
30.23839	123.751419	0	0	0
30.133337	123.731026	0	0	0
30.028337	123.710381	0	0	0
29.923395	123.689468	0	0	0
29.818504	123.668289	0	0	0
29.713671	123.646835	0	0	0
29.608892	123.625137	0	0	0
29.504171	123.603157	0	0	0
29.399508	123.580925	0	0	0
29.294901	123.558426	0	0	0
29.190353	123.535667	0	0	0
29.085867	123.512642	0	0	0
28.981438	123.489349	0	0	0
28.877071	123.465797	0	0	0
28.77277	123.441978	0	0	0
28.668524	123.4179	0	0	0
28.564344	123.393562	0	0	0
28.460228	123.36895	0	0	0
28.356176	123.344086	0	0	0
28.252192	123.318962	0	0	0
28.148272	123.293549	0	0	0
28.044418	123.267891	0	0	0
27.94063	123.241974	0	0	0
27.836912	123.21579	0	0	0
27.733259	123.189339	0	0	0
27.629681	123.162628	0	0	0
27.526169	123.135651	0	0	0
27.422729	123.108414	0	0	0
27.319359	123.080894	0	0	0
27.216063	123.053139	0	0	0
27.112839	123.025116	0	0	0
27.009691	122.996819	0	0	0
26.906612	122.968262	0	0	0
26.803614	122.939445	0	0	0
26.700691	122.910362	0	0	0
26.597841	122.88102	0	0	0
26.495068	122.851402	0	0	0
26.392376	122.821541	0	0	0
26.289761	122.791405	0	0	0
26.187225	122.761017	0	0	0
26.08477	122.730354	0	0	0
25.982397	122.699432	0	0	0
25.880104	122.668251	0	0	0
25.777891	122.636803	0	0	0
25.675764	122.605087	0	0	0
25.573719	122.573128	0	0	0
25.47176	122.540894	0	0	0
25.369886	122.5084	0	0	0
25.268097	122.475639	0	0	0
25.166393	122.442627	0	0	0
25.064777	122.40934	0	0	0
24.963251	122.375801	0	0	0
24.861811	122.341995	0	0	0
24.760462	122.30793	0	0	0
24.659204	122.273598	0	0	0
24.558039	122.239014	0	0	0
24.456961	122.204163	0	0	0
24.355976	122.169044	0	0	0
24.255083	122.133675	0	0	0
24.154289	122.098038	0	0	0
24.053585	122.062141	0	0	0
23.952978	122.025986	0	0	0
23.852465	121.989563	0	0	0
23.752048	121.952888	0	0	0
23.651733	121.915955	0	0	0
23.551512	121.878754	0	0	0
23.451393	121.841293	0	0	0
23.351372	121.803574	0	0	0
23.251453	121.765594	0	0	0
23.151632	121.727356	0	0	0
23.051914	121.688858	0	0	0
22.952299	121.650101	0	0	0
22.852789	121.611076	0	0	0
22.75338	121.5718	0	0	0
22.654078	121.532257	0	0	0
22.55488	121.492462	0	0	0
22.455788	121.4524	0	0	0
22.356804	121.412094	0	0	0
22.257927	121.371513	0	0	0
22.159161	121.330681	0	0	0
22.060499	121.289589	0	0	0
21.96195	121.248238	0	0	0
21.863514	121.206635	0	0	0
21.765186	121.164764	0	0	0
21.666971	121.12265	0	0	0
21.568871	121.080269	0	0	0
21.470882	121.037621	0	0	0
21.373009	120.994728	0	0	0
21.275249	120.951569	0	0	0
21.177607	120.908165	0	0	0
21.08008	120.864494	0	0	0
20.98267	120.820564	0	0	0
20.885378	120.776382	0	0	0
20.788206	120.731941	0	0	0
20.691153	120.687256	0	0	0
20.594219	120.642303	0	0	0
20.497408	120.597099	0	0	0
20.400721	120.551628	0	0	0
20.304153	120.50592	0	0	0
20.207706	120.459946	0	0	0
20.111389	120.413712	0	0	0
20.015194	120.367226	0	0	0
19.919123	120.320488	0	0	0
19.823179	120.273499	0	0	0
19.727364	120.22625	0	0	0
19.631674	120.178741	0	0	0
19.536112	120.130997	0	0	0
19.440681	120.082977	0	0	0
19.345381	120.034714	0	0	0
19.25021	119.986206	0	0	0
19.15517	119.937439	0	0	0
19.060265	119.888412	0	0	0
18.965488	119.839142	0	0	0
18.870848	119.789612	0	0	0
18.776342	119.739838	0	0	0
18.681971	119.689796	0	0	0
18.587734	119.639511	0	0	0
18.493639	119.588974	0	0	0
18.399677	119.5382	0	0	0
18.305855	119.48716	0	0	0
18.21217	119.435867	0	0	0
18.118624	119.384331	0	0	0
18.025221	119.332542	0	0	0
17.931957	119.280502	0	0	0
17.838837	119.22821	0	0	0
17.745859	119.175674	0	0	0
17.653023	119.122887	0	0	0
17.560333	119.069839	0	0	0
17.467785	119.016556	0	0	0
17.375385	118.96302	0	0	0
17.283131	118.909241	0	0	0
17.191025	118.855209	0	0	0
17.099064	118.800934	0	0	0
17.007254	118.746399	0	0	0
16.915592	118.691635	0	0	0
16.824083	118.63662	0	0	0
16.732721	118.581345	0	0	0
16.641512	118.525833	0	0	0
16.550459	118.47007	0	0	0
16.459555	118.414062	0	0	0
16.368803	118.357811	0	0	0
16.27821	118.301315	0	0	0
16.187769	118.244576	0	0	0
16.097486	118.187584	0	0	0
16.007359	118.130356	0	0	0
15.917388	118.072884	0	0	0
15.827579	118.01516	0	0	0
15.737926	117.957199	0	0	0
15.648434	117.898994	0	0	0
15.559102	117.840546	0	0	0
15.469932	117.78186	0	0	0
15.380922	117.722923	0	0	0
15.292078	117.66375	0	0	0
15.203396	117.604332	0	0	0
15.114878	117.54467	0	0	0
15.026524	117.484779	0	0	0
14.938339	117.424629	0	0	0
14.850317	117.36425	0	0	0
14.762464	117.303635	0	0	0
14.674779	117.242775	0	0	0
14.587261	117.181679	0	0	0
14.499914	117.120331	0	0	0
14.412736	117.058762	0	0	0
14.32573	116.996948	0	0	0
14.238896	116.934891	0	0	0
14.152233	116.872604	0	0	0
14.065744	116.810074	0	0	0
13.979429	116.747314	0	0	0
13.89329	116.684311	0	0	0
13.807324	116.621071	0	0	0
13.721536	116.557602	0	0	0
13.635923	116.493889	0	0	0
13.550488	116.429947	0	0	0
13.465233	116.365768	0	0	0
13.380157	116.301361	0	0	0
13.295259	116.23671	0	0	0
13.210543	116.171822	0	0	0
13.126006	116.106712	0	0	0
13.041654	116.041374	0	0	0
12.957483	115.975792	0	0	0
12.873497	115.909981	0	0	0
12.789694	115.843941	0	0	0
12.706077	115.777664	0	0	0
12.622645	115.711159	0	0	0
12.539399	115.644424	0	0	0
12.456341	115.577454	0	0	0
12.37347	115.510269	0	0	0
12.29079	115.442841	0	0	0
12.208297	115.375191	0	0	0
12.125995	115.307312	0	0	0
12.043883	115.239204	0	0	0
11.961963	115.17086	0	0	0
11.880236	115.102295	0	0	0
11.798701	115.033508	0	0	0
11.717361	114.964493	0	0	0
11.636215	114.895248	0	0	0
11.555264	114.825783	0	0	0
11.474509	114.756088	0	0	0
11.393951	114.686165	0	0	0
11.31359	114.616028	0	0	0
11.233428	114.545662	0	0	0
11.153465	114.475067	0	0	0
11.0737	114.404259	0	0	0
10.994137	114.333221	0	0	0
10.914774	114.261971	0	0	0
10.835613	114.190491	0	0	0
10.756655	114.11879	0	0	0
10.677899	114.046875	0	0	0
10.599349	113.974731	0	0	0
10.521001	113.902367	0	0	0
10.442861	113.829788	0	0	0
10.364925	113.756996	0	0	0
10.287197	113.683975	0	0	0
10.209676	113.610748	0	0	0
10.132364	113.537292	0	0	0
10.055261	113.463623	0	0	0
9.978367	113.38974	0	0	0
9.901684	113.315643	0	0	0
9.825212	113.241333	0	0	0
9.748951	113.166794	0	0	0
9.672903	113.092064	0	0	0
9.597069	113.01709	0	0	0
9.521448	112.941933	0	0	0
9.446042	112.866539	0	0	0
9.370852	112.790947	0	0	0
9.295877	112.715141	0	0	0
9.22112	112.639122	0	0	0
9.146581	112.562889	0	0	0
9.072258	112.48645	0	0	0
8.998156	112.409798	0	0	0
8.924272	112.332939	0	0	0
8.85061	112.255867	0	0	0
8.777167	112.178589	0	0	0
8.703948	112.101105	0	0	0
8.630951	112.023407	0	0	0
8.558176	111.945511	0	0	0
8.485625	111.867401	0	0	0
8.4133	111.789101	0	0	0
8.341199	111.710579	0	0	0
8.269323	111.631859	0	0	0
8.197676	111.552933	0	0	0
8.126255	111.473808	0	0	0
8.055062	111.394478	0	0	0
7.984098	111.314941	0	0	0
7.913363	111.235207	0	0	0
7.842859	111.155273	0	0	0
7.772585	111.075134	0	0	0
7.702544	110.994804	0	0	0
7.632732	110.914261	0	0	0
7.563156	110.833527	0	0	0
7.493813	110.752594	0	0	0
7.424702	110.671463	0	0	0
7.355829	110.590126	0	0	0
7.287189	110.508606	0	0	0
7.218788	110.426888	0	0	0
7.150621	110.344971	0	0	0
7.082694	110.262863	0	0	0
7.015003	110.18055	0	0	0
6.947552	110.098053	0	0	0
6.880342	110.015366	0	0	0
6.813372	109.932472	0	0	0
6.746642	109.849396	0	0	0
6.680153	109.766129	0	0	0
6.613908	109.682663	0	0	0
6.547905	109.599022	0	0	0
6.482146	109.515182	0	0	0
6.416632	109.431145	0	0	0
6.351362	109.346931	0	0	0
6.286338	109.262535	0	0	0
6.22156	109.17794	0	0	0
6.157031	109.09317	0	0	0
6.092748	109.008202	0	0	0
6.028713	108.92305	0	0	0
5.964929	108.837723	0	0	0
5.901392	108.752205	0	0	0
5.838107	108.666504	0	0	0
5.775072	108.580627	0	0	0
5.712289	108.49456	0	0	0
5.649759	108.40831	0	0	0
5.587481	108.321884	0	0	0
5.525457	108.235275	0	0	0
5.463687	108.148491	0	0	0
5.402172	108.061531	0	0	0
5.340912	107.974388	0	0	0
5.279909	107.88707	0	0	0
5.219163	107.799568	0	0	0
5.158674	107.711899	0	0	0
5.098443	107.624054	0	0	0
5.03847	107.536018	0	0	0
4.978757	107.44783	0	0	0
4.919304	107.359459	0	0	0
4.860112	107.27092	0	0	0
4.801181	107.182198	0	0	0
4.742512	107.093315	0	0	0
4.684105	107.004257	0	0	0
4.625961	106.915031	0	0	0
4.568082	106.825638	0	0	0
4.510466	106.736069	0	0	0
4.453115	106.646332	0	0	0
4.39603	106.556442	0	0	0
4.339212	106.466377	0	0	0
4.28266	106.376144	0	0	0
4.226376	106.285751	0	0	0
4.170359	106.195183	0	0	0
4.114612	106.104462	0	0	0
4.059134	106.013565	0	0	0
4.003925	105.922523	0	0	0
3.948987	105.831314	0	0	0
3.894321	105.739944	0	0	0
3.839926	105.648407	0	0	0
3.785804	105.556717	0	0	0
3.731954	105.464874	0	0	0
3.678378	105.372856	0	0	0
3.625076	105.280693	0	0	0
3.572048	105.18837	0	0	0
3.519297	105.095901	0	0	0
3.466821	105.003273	0	0	0
3.414622	104.910477	0	0	0
3.3627	104.817543	0	0	0
3.311054	104.724449	0	0	0
3.259688	104.63121	0	0	0
3.208601	104.537811	0	0	0
3.157793	104.444267	0	0	0
3.107265	104.350578	0	0	0
3.057017	104.256737	0	0	0
3.007051	104.162743	0	0	0
2.957366	104.068611	0	0	0
2.907964	103.974312	0	0	0
2.858845	103.87989	0	0	0
2.810009	103.785316	0	0	0
2.761457	103.690598	0	0	0
2.71319	103.595726	0	0	0
2.665208	103.500725	0	0	0
2.617512	103.405571	0	0	0
2.570101	103.310295	0	0	0
2.522977	103.214859	0	0	0
2.476142	103.119293	0	0	0
2.429594	103.02359	0	0	0
2.383334	102.927742	0	0	0
2.337364	102.831764	0	0	0
2.291683	102.735649	0	0	0
2.246292	102.639397	0	0	0
2.201192	102.543007	0	0	0
2.156383	102.44648	0	0	0
2.111866	102.349831	0	0	0
2.067641	102.253044	0	0	0
2.023709	102.15612	0	0	0
1.98007	102.059067	0	0	0
1.936725	101.961891	0	0	0
1.893675	101.864586	0	0	0
1.850919	101.767151	0	0	0
1.808459	101.669586	0	0	0
1.766295	101.571907	0	0	0
1.724428	101.474083	0	0	0
1.682857	101.376152	0	0	0
1.641584	101.278084	0	0	0
1.600609	101.179901	0	0	0
1.559932	101.081596	0	0	0
1.519555	100.983162	0	0	0
1.479477	100.884613	0	0	0
1.4397	100.785942	0	0	0
1.400222	100.687149	0	0	0
1.361046	100.588249	0	0	0
1.322172	100.489227	0	0	0
1.283599	100.390083	0	0	0
1.245329	100.29084	0	0	0
1.207363	100.19146	0	0	0
1.169699	100.091972	0	0	0
1.13234	99.992386	0	0	0
1.095285	99.89267	0	0	0
1.058535	99.792854	0	0	0
1.022091	99.692932	0	0	0
0.985953	99.592896	0	0	0
0.950121	99.492744	0	0	0
0.914595	99.392487	0	0	0
0.879378	99.292137	0	0	0
0.844468	99.191673	0	0	0
0.809866	99.091095	0	0	0
0.775573	98.990425	0	0	0
0.741589	98.889648	0	0	0
0.707915	98.788765	0	0	0
0.674552	98.687782	0	0	0
0.641498	98.586708	0	0	0
0.608756	98.485535	0	0	0
0.576325	98.384247	0	0	0
0.544206	98.282867	0	0	0
0.512399	98.181396	0	0	0
0.480905	98.079826	0	0	0
0.449725	97.978172	0	0	0
0.418858	97.876419	0	0	0
0.388305	97.774567	0	0	0
0.358067	97.672615	0	0	0
0.328143	97.570587	0	0	0
0.298535	97.46846	0	0	0
0.269243	97.366249	0	0	0
0.240267	97.263954	0	0	0
0.211608	97.161568	0	0	0
0.183266	97.059097	0	0	0
0.155241	96.956535	0	0	0
0.127534	96.853889	0	0	0
0.100145	96.751167	0	0	0
0.073075	96.648346	0	0	0
0.046324	96.545464	0	0	0
0.019892	96.44249	0	0	0
-0.006219	96.339439	0	0	0
-0.032011	96.236305	0	0	0
-0.057481	96.133095	0	0	0
-0.082631	96.029808	0	0	0
-0.10746	95.926445	0	0	0
-0.131966	95.823006	0	0	0
-0.156151	95.71949	0	0	0
-0.180012	95.615921	0	0	0
-0.203551	95.51226	0	0	0
-0.226767	95.408531	0	0	0
-0.249659	95.304733	0	0	0
-0.272227	95.200867	0	0	0
-0.294471	95.096931	0	0	0
-0.316389	94.992928	0	0	0
-0.337983	94.888863	0	0	0
-0.359251	94.784737	0	0	0
-0.380194	94.680534	0	0	0
-0.40081	94.576279	0	0	0
-0.4211	94.471954	0	0	0
-0.441064	94.367569	0	0	0
-0.460699	94.263123	0	0	0
-0.480008	94.158623	0	0	0
-0.498988	94.054062	0	0	0
-0.517641	93.94944	0	0	0
-0.535965	93.844765	0	0	0
-0.55396	93.740036	0	0	0
-0.571626	93.635246	0	0	0
-0.588963	93.530403	0	0	0
-0.60597	93.425514	0	0	0
-0.622646	93.320572	0	0	0
-0.638993	93.215591	0	0	0
-0.655008	93.110542	0	0	0
-0.670693	93.005447	0	0	0
-0.686046	92.900314	0	0	0
-0.701068	92.795135	0	0	0
-0.715758	92.689911	0	0	0
-0.730116	92.584633	0	0	0
-0.744142	92.479317	0	0	0
-0.757834	92.373962	0	0	0
-0.771194	92.26857	0	0	0
-0.78422	92.163132	0	0	0
-0.796913	92.057655	0	0	0
-0.809272	91.952141	0	0	0
-0.821297	91.846588	0	0	0
-0.832988	91.741005	0	0	0
-0.844344	91.635376	0	0	0
-0.855365	91.529716	0	0	0
-0.866051	91.424034	0	0	0
-0.876401	91.318314	0	0	0
-0.886416	91.212555	0	0	0
-0.896095	91.106781	0	0	0
-0.905438	91.000969	0	0	0
-0.914444	90.895142	0	0	0
-0.923114	90.789284	0	0	0
-0.931448	90.683395	0	0	0
-0.939444	90.577477	0	0	0
-0.947102	90.471542	0	0	0
-0.954424	90.365585	0	0	0
-0.961408	90.259605	0	0	0
-0.968053	90.15361	0	0	0
-0.974361	90.047592	0	0	0
-0.98033	89.941559	0	0	0
-0.985961	89.835503	0	0	0
-0.991252	89.729431	0	0	0
-0.996205	89.623352	0	0	0
-1.000819	89.517265	0	0	0
-1.005093	89.411156	0	0	0
-1.009028	89.305038	0	0	0
-1.012623	89.198906	0	0	0
-1.015879	89.092766	0	0	0
-1.018794	88.98661	0	0	0
-1.021369	88.88047	0	0	0
-1.023603	88.774307	0	0	0
-1.025497	88.668144	0	0	0
-1.02705	88.561974	0	0	0
-1.028262	88.455795	0	0	0
-1.029134	88.349632	0	0	0
-1.029663	88.243462	0	0	0
-1.029852	88.137283	0	0	0
-1.029699	88.031105	0	0	0
-1.029204	87.924942	0	0	0
-1.028368	87.818779	0	0	0
-1.02723	87.714714	0	0	0
-1.026056	87.614723	0	0	0
-1.024883	87.514725	0	0	0
-1.023709	87.414734	0	0	0
-1.022535	87.314743	0	0	0
-1.021362	87.214745	0	0	0
-1.020188	87.114754	0	0	0
-1.019015	87.014763	0	0	0
-1.017841	86.914772	0	0	0
-1.016667	86.814774	0	0	0
-1.015494	86.714783	0	0	0
-1.01432	86.614792	0	0	0
-1.013147	86.514793	0	0	0
-1.011973	86.414803	0	0	0
-1.010799	86.314812	0	0	0
-1.009626	86.214813	0	0	0
-1.008452	86.114822	0	0	0
-1.007279	86.014832	0	0	0
-1.006105	85.914841	0	0	0
-1.004931	85.814842	0	0	0
-1.003758	85.714851	0	0	0
-1.002584	85.614861	0	0	0
-1.001411	85.514862	0	0	0
-1.000237	85.414871	0	0	0
-0.999063	85.31488	0	0	0
-0.99789	85.214882	0	0	0
-0.996716	85.114891	0	0	0
-0.995543	85.0149	0	0	0
-0.994369	84.914909	0	0	0
-0.993196	84.814911	0	0	0
-0.992022	84.71492	0	0	0
-0.990849	84.614929	0	0	0
-0.989675	84.514931	0	0	0
-0.988501	84.41494	0	0	0
-0.987328	84.314949	0	0	0
-0.986154	84.214951	0	0	0
-0.984981	84.11496	0	0	0
-0.983807	84.014969	0	0	0
-0.982633	83.914978	0	0	0
-0.98146	83.81498	0	0	0
-0.980286	83.714989	0	0	0
-0.979113	83.614998	0	0	0
-0.977939	83.514999	0	0	0
-0.976765	83.415009	0	0	0
-0.975592	83.315018	0	0	0
-0.974418	83.215019	0	0	0
-0.973245	83.115028	0	0	0
-0.972071	83.015038	0	0	0
-0.970897	82.915047	0	0	0
-0.969724	82.815048	0	0	0
-0.96855	82.715057	0	0	0
-0.967377	82.615067	0	0	0
-0.966203	82.515068	0	0	0
-0.965029	82.415077	0	0	0
-0.963856	82.315086	0	0	0
-0.962682	82.215096	0	0	0
-0.961509	82.115097	0	0	0
-0.960335	82.015106	0	0	0
-0.959162	81.915115	0	0	0
-0.957988	81.815117	0	0	0
-0.956814	81.715126	0	0	0
-0.955641	81.615135	0	0	0
-0.954467	81.515137	0	0	0
-0.953294	81.415146	0	0	0
-0.95212	81.315155	0	0	0
-0.950946	81.215164	0	0	0
-0.949773	81.115166	0	0	0
-0.948599	81.015175	0	0	0
-0.947426	80.915184	0	0	0
-0.946252	80.815186	0	0	0
-0.945078	80.715195	0	0	0
-0.943905	80.615204	0	0	0
-0.942731	80.515205	0	0	0
-0.941558	80.415215	0	0	0
-0.940384	80.315224	0	0	0
-0.93921	80.215233	0	0	0
-0.938037	80.115234	0	0	0
-0.936863	80.015244	0	0	0
-0.93569	79.915253	0	0	0
-0.934516	79.815254	0	0	0
-0.933342	79.715263	0	0	0
-0.932169	79.615273	0	0	0
-0.930995	79.515274	0	0	0
-0.929822	79.415283	0	0	0
-0.928648	79.315292	0	0	0
-0.927474	79.215302	0	0	0
-0.926301	79.115303	0	0	0
-0.925128	79.015312	0	0	0
-0.923954	78.915321	0	0	0
-0.92278	78.815323	0	0	0
-0.921607	78.715332	0	0	0
-0.920433	78.615341	0	0	0
-0.91926	78.51535	0	0	0
-0.918086	78.415352	0	0	0
-0.916912	78.315361	0	0	0
-0.915739	78.21537	0	0	0
-0.914565	78.115372	0	0	0
-0.913392	78.015381	0	0	0
-0.912218	77.91539	0	0	0
-0.911044	77.815392	0	0	0
-0.909871	77.715401	0	0	0
-0.908697	77.61541	0	0	0
-0.907524	77.515419	0	0	0
-0.90635	77.415421	0	0	0
-0.905176	77.31543	0	0	0
-0.904003	77.215439	0	0	0
-0.902829	77.11544	0	0	0
-0.901656	77.01545	0	0	0
-0.900482	76.915459	0	0	0
-0.899308	76.81546	0	0	0
-0.898135	76.715469	0	0	0
-0.896961	76.615479	0	0	0
-0.895788	76.515488	0	0	0
-0.894614	76.415489	0	0	0
-0.89344	76.315498	0	0	0
-0.892267	76.215508	0	0	0
-0.891093	76.115509	0	0	0
-0.88992	76.015518	0	0	0
-0.888746	75.915527	0	0	0
-0.887573	75.815529	0	0	0
-0.886399	75.715538	0	0	0
-0.885225	75.615547	0	0	0
-0.884052	75.515556	0	0	0
-0.882878	75.415558	0	0	0
-0.881705	75.315567	0	0	0
-0.880531	75.215576	0	0	0
-0.879357	75.115578	0	0	0
-0.878184	75.015587	0	0	0
-0.87701	74.915596	0	0	0
-0.875837	74.815605	0	0	0
-0.874663	74.715607	0	0	0
-0.873489	74.615616	0	0	0
-0.872316	74.515625	0	0	0
-0.871142	74.415627	0	0	0
-0.869969	74.315636	0	0	0
-0.868795	74.215645	0	0	0
-0.867621	74.115646	0	0	0
-0.866448	74.015656	0	0	0
-0.865274	73.915665	0	0	0
-0.864101	73.815674	0	0	0
-0.862927	73.715675	0	0	0
-0.861753	73.615685	0	0	0
-0.86058	73.515694	0	0	0
-0.859406	73.415695	0	0	0
-0.858233	73.315704	0	0	0
-0.857059	73.215714	0	0	0
-0.855886	73.115715	0	0	0
-0.854712	73.015724	0	0	0
-0.853539	72.915733	0	0	0
-0.852365	72.815742	0	0	0
-0.851191	72.715744	0	0	0
-0.850018	72.615753	0	0	0
-0.848844	72.515762	0	0	0
-0.847671	72.415764	0	0	0
-0.846497	72.315773	0	0	0
-0.845323	72.215782	0	0	0
-0.84415	72.115784	0	0	0
-0.842976	72.015793	0	0	0
-0.841803	71.915802	0	0	0
-0.840629	71.815811	0	0	0
-0.839455	71.715813	0	0	0
-0.838282	71.615822	0	0	0
-0.837108	71.515831	0	0	0
-0.835935	71.415833	0	0	0
-0.834761	71.315842	0	0	0
-0.833587	71.215851	0	0	0
-0.832414	71.11586	0	0	0
-0.83124	71.015862	0	0	0
-0.830067	70.915871	0	0	0
-0.828893	70.81588	0	0	0
-0.827719	70.715881	0	0	0
-0.826546	70.615891	0	0	0
-0.825372	70.5159	0	0	0
-0.824199	70.415901	0	0	0
-0.823025	70.31591	0	0	0
-0.821851	70.215919	0	0	0
-0.820678	70.115929	0	0	0
-0.819504	70.01593	0	0	0
-0.818331	69.915939	0	0	0
-0.817157	69.815948	0	0	0
-0.815984	69.71595	0	0	0
-0.81481	69.615959	0	0	0
-0.813636	69.515968	0	0	0
-0.812463	69.41597	0	0	0
-0.811289	69.315979	0	0	0
-0.810116	69.215988	0	0	0
-0.808942	69.115997	0	0	0
-0.807768	69.015999	0	0	0
-0.806595	68.916008	0	0	0
-0.805421	68.816017	0	0	0
-0.804248	68.716019	0	0	0
-0.803074	68.616028	0	0	0
-0.8019	68.516037	0	0	0
-0.800727	68.416039	0	0	0
-0.799553	68.316048	0	0	0
-0.79838	68.216057	0	0	0
-0.797206	68.116066	0	0	0
-0.796032	68.016068	0	0	0
-0.794859	67.916077	0	0	0
-0.793685	67.816086	0	0	0
-0.792512	67.716087	0	0	0
-0.791338	67.616096	0	0	0
-0.790164	67.516106	0	0	0
-0.788991	67.416115	0	0	0
-0.787817	67.316116	0	0	0
-0.786644	67.216125	0	0	0
-0.78547	67.116135	0	0	0
-0.784297	67.016136	0	0	0
-0.783123	66.916145	0	0	0
-0.781949	66.816154	0	0	0
-0.780776	66.716156	0	0	0
-0.779602	66.616165	0	0	0
-0.778429	66.516174	0	0	0
-0.777255	66.416183	0	0	0
-0.776081	66.316185	0	0	0
-0.774908	66.216194	0	0	0
-0.773734	66.116203	0	0	0
-0.772561	66.016205	0	0	0
-0.771387	65.916214	0	0	0
-0.770213	65.816223	0	0	0
-0.76904	65.716225	0	0	0
-0.767866	65.616234	0	0	0
-0.766693	65.516243	0	0	0
-0.765519	65.416252	0	0	0
-0.764346	65.316254	0	0	0
-0.763172	65.216263	0	0	0
-0.761998	65.116272	0	0	0
-0.760825	65.016273	0	0	0
-0.759651	64.916283	0	0	0
-0.758478	64.816292	0	0	0
-0.757304	64.716293	0	0	0
-0.75613	64.616302	0	0	0
-0.754957	64.516312	0	0	0
-0.753783	64.416321	0	0	0
-0.75261	64.316322	0	0	0
-0.751436	64.216331	0	0	0
-0.750262	64.116341	0	0	0
-0.749089	64.016342	0	0	0
-0.747915	63.916355	0	0	0
-0.746742	63.816364	0	0	0
-0.745568	63.71637	0	0	0
-0.744395	63.616375	0	0	0
-0.743221	63.516384	0	0	0
-0.742047	63.416389	0	0	0
-0.740874	63.316399	0	0	0
-0.7397	63.216404	0	0	0
-0.738527	63.116409	0	0	0
-0.737353	63.016418	0	0	0
-0.736179	62.916424	0	0	0
-0.735006	62.816433	0	0	0
-0.733832	62.716438	0	0	0
-0.732659	62.616444	0	0	0
-0.731485	62.516453	0	0	0
-0.730311	62.416458	0	0	0
-0.729138	62.316467	0	0	0
-0.727964	62.216473	0	0	0
-0.726791	62.116482	0	0	0
-0.725617	62.016487	0	0	0
-0.724443	61.916492	0	0	0
-0.72327	61.816502	0	0	0
-0.722096	61.716507	0	0	0
-0.720923	61.616516	0	0	0
-0.719749	61.516521	0	0	0
-0.718575	61.416527	0	0	0
-0.717402	61.316536	0	0	0
-0.716228	61.216541	0	0	0
-0.715055	61.11655	0	0	0
-0.713881	61.016556	0	0	0
-0.712708	60.916561	0	0	0
-0.711534	60.81657	0	0	0
-0.71036	60.716576	0	0	0
-0.709187	60.616585	0	0	0
-0.708013	60.51659	0	0	0
-0.70684	60.416595	0	0	0
-0.705666	60.316605	0	0	0
-0.704492	60.21661	0	0	0
-0.703319	60.116619	0	0	0
-0.702145	60.016624	0	0	0
-0.700972	59.91663	0	0	0
-0.699798	59.816639	0	0	0
-0.698624	59.716644	0	0	0
-0.697451	59.616653	0	0	0
-0.696277	59.516659	0	0	0
-0.695104	59.416664	0	0	0
-0.69393	59.316673	0	0	0
-0.692756	59.216679	0	0	0
-0.691583	59.116688	0	0	0
-0.690409	59.016693	0	0	0
-0.689236	58.916698	0	0	0
-0.688062	58.816708	0	0	0
-0.686888	58.716713	0	0	0
-0.685715	58.616722	0	0	0
-0.684541	58.516727	0	0	0
-0.683368	58.416737	0	0	0
-0.682194	58.316742	0	0	0
-0.68102	58.216747	0	0	0
-0.679847	58.116756	0	0	0
-0.678673	58.016762	0	0	0
-0.6775	57.916771	0	0	0
-0.676326	57.816776	0	0	0
-0.675153	57.716782	0	0	0
-0.673979	57.616791	0	0	0
-0.672805	57.516796	0	0	0
-0.671632	57.416805	0	0	0
-0.670458	57.316811	0	0	0
-0.669285	57.216816	0	0	0
-0.668111	57.116825	0	0	0
-0.666937	57.01683	0	0	0
-0.665764	56.91684	0	0	0
-0.66459	56.816845	0	0	0
-0.663417	56.71685	0	0	0
-0.662243	56.616859	0	0	0
-0.66107	56.516865	0	0	0
-0.659896	56.416874	0	0	0
-0.658722	56.316879	0	0	0
-0.657549	56.216885	0	0	0
-0.656375	56.116894	0	0	0
-0.655202	56.016899	0	0	0
-0.654028	55.916908	0	0	0
-0.652854	55.816914	0	0	0
-0.651681	55.716919	0	0	0
-0.650507	55.616928	0	0	0
-0.649334	55.516933	0	0	0
-0.64816	55.416943	0	0	0
-0.646986	55.316948	0	0	0
-0.645813	55.216953	0	0	0
-0.644639	55.116962	0	0	0
-0.643466	55.016968	0	0	0
-0.642292	54.916977	0	0	0
-0.641119	54.816982	0	0	0
-0.639945	54.716991	0	0	0
-0.638771	54.616997	0	0	0
-0.637598	54.517002	0	0	0
-0.636424	54.417011	0	0	0
-0.635251	54.317017	0	0	0
-0.634077	54.217026	0	0	0
-0.632903	54.117031	0	0	0
-0.63173	54.017036	0	0	0
-0.630556	53.917046	0	0	0
-0.629383	53.817051	0	0	0
-0.628209	53.71706	0	0	0
-0.627035	53.617065	0	0	0
-0.625862	53.517071	0	0	0
-0.624688	53.41708	0	0	0
-0.623515	53.317085	0	0	0
-0.622341	53.217094	0	0	0
-0.621167	53.1171	0	0	0
-0.619994	53.017105	0	0	0
-0.61882	52.917114	0	0	0
-0.617647	52.81712	0	0	0
-0.616473	52.717129	0	0	0
-0.615299	52.617134	0	0	0
-0.614126	52.517139	0	0	0
-0.612952	52.417149	0	0	0
-0.611779	52.317154	0	0	0
-0.610605	52.217163	0	0	0
-0.609432	52.117168	0	0	0
-0.608258	52.017174	0	0	0
-0.607084	51.917183	0	0	0
-0.605911	51.817188	0	0	0
-0.604737	51.717197	0	0	0
-0.603564	51.617203	0	0	0
-0.60239	51.517208	0	0	0
-0.601216	51.417217	0	0	0
-0.600043	51.317223	0	0	0
-0.598869	51.217232	0	0	0
-0.597696	51.117237	0	0	0
-0.596522	51.017246	0	0	0
-0.595348	50.917252	0	0	0
-0.594175	50.817257	0	0	0
-0.593001	50.717266	0	0	0
-0.591828	50.617271	0	0	0
-0.590654	50.517281	0	0	0
-0.589481	50.417286	0	0	0
-0.588307	50.317291	0	0	0
-0.587133	50.2173	0	0	0
-0.58596	50.117306	0	0	0
-0.584786	50.017315	0	0	0
-0.583613	49.91732	0	0	0
-0.582439	49.817326	0	0	0
-0.581265	49.717335	0	0	0
-0.580092	49.61734	0	0	0
-0.578918	49.517349	0	0	0
-0.577745	49.417355	0	0	0
-0.576571	49.31736	0	0	0
-0.575397	49.217369	0	0	0
-0.574224	49.117374	0	0	0
-0.57305	49.017384	0	0	0
-0.571877	48.917389	0	0	0
-0.570703	48.817394	0	0	0
-0.56953	48.717403	0	0	0
-0.568356	48.617409	0	0	0
-0.567182	48.517418	0	0	0
-0.566009	48.417423	0	0	0
-0.564835	48.317429	0	0	0
-0.563662	48.217438	0	0	0
-0.562488	48.117443	0	0	0
-0.561314	48.017452	0	0	0
-0.560141	47.917458	0	0	0
-0.558967	47.817463	0	0	0
-0.557794	47.717472	0	0	0
-0.55662	47.617477	0	0	0
-0.555446	47.517487	0	0	0
-0.554273	47.417492	0	0	0
-0.553099	47.317501	0	0	0
-0.551926	47.217506	0	0	0
-0.550752	47.117512	0	0	0
-0.549578	47.017521	0	0	0
-0.548405	46.917526	0	0	0
-0.547231	46.817535	0	0	0
-0.546058	46.717541	0	0	0
-0.544884	46.617546	0	0	0
-0.54371	46.517555	0	0	0
-0.542537	46.417561	0	0	0
-0.541363	46.31757	0	0	0
-0.54019	46.217575	0	0	0
-0.539016	46.11758	0	0	0
-0.537843	46.01759	0	0	0
-0.536669	45.917595	0	0	0
-0.535495	45.817604	0	0	0
-0.534322	45.717609	0	0	0
-0.533148	45.617615	0	0	0
-0.531975	45.517624	0	0	0
-0.530801	45.417629	0	0	0
-0.529627	45.317638	0	0	0
-0.528454	45.217644	0	0	0
-0.52728	45.117649	0	0	0
-0.526107	45.017658	0	0	0
-0.524933	44.917664	0	0	0
-0.523759	44.817673	0	0	0
-0.522586	44.717678	0	0	0
-0.521412	44.617683	0	0	0
-0.520239	44.517693	0	0	0
-0.519065	44.417698	0	0	0
-0.517891	44.317707	0	0	0
-0.516718	44.217712	0	0	0
-0.515544	44.117718	0	0	0
-0.514371	44.017727	0	0	0
-0.513197	43.917732	0	0	0
-0.512023	43.817741	0	0	0
-0.51085	43.717747	0	0	0
-0.509676	43.617756	0	0	0
-0.508503	43.517761	0	0	0
-0.507329	43.417767	0	0	0
-0.506155	43.317776	0	0	0
-0.504982	43.217781	0	0	0
-0.503808	43.11779	0	0	0
-0.502635	43.017796	0	0	0
-0.501461	42.917801	0	0	0
-0.500288	42.81781	0	0	0
-0.499114	42.717815	0	0	0
-0.49794	42.617825	0	0	0
-0.496767	42.51783	0	0	0
-0.495593	42.417835	0	0	0
-0.49442	42.317844	0	0	0
-0.493246	42.21785	0	0	0
-0.492072	42.117859	0	0	0
-0.490899	42.017864	0	0	0
-0.489725	41.91787	0	0	0
-0.488552	41.817879	0	0	0
-0.487378	41.717884	0	0	0
-0.486205	41.617893	0	0	0
-0.485031	41.517899	0	0	0
-0.483857	41.417904	0	0	0
-0.482684	41.317913	0	0	0
-0.48151	41.217918	0	0	0
-0.480337	41.117928	0	0	0
-0.479163	41.017933	0	0	0
-0.477989	40.917938	0	0	0
-0.476816	40.817947	0	0	0
-0.475642	40.717953	0	0	0
-0.474469	40.617962	0	0	0
-0.473295	40.517967	0	0	0
-0.472121	40.417973	0	0	0
-0.470948	40.317982	0	0	0
-0.469774	40.217987	0	0	0
-0.468601	40.117996	0	0	0
-0.467427	40.018002	0	0	0
-0.466254	39.918011	0	0	0
-0.46508	39.818016	0	0	0
-0.463906	39.718021	0	0	0
-0.462733	39.618031	0	0	0
-0.461559	39.518036	0	0	0
-0.460386	39.418045	0	0	0
-0.459212	39.31805	0	0	0
-0.458038	39.218056	0	0	0
-0.456865	39.118065	0	0	0
-0.455691	39.01807	0	0	0
-0.454518	38.918079	0	0	0
-0.453344	38.818085	0	0	0
-0.45217	38.71809	0	0	0
-0.450997	38.618099	0	0	0
-0.449823	38.518105	0	0	0
-0.44865	38.418114	0	0	0
-0.447476	38.318119	0	0	0
-0.446302	38.218124	0	0	0
-0.445129	38.118134	0	0	0
-0.443955	38.018139	0	0	0
-0.442782	37.918148	0	0	0
-0.441608	37.818153	0	0	0
-0.440434	37.718159	0	0	0
-0.439261	37.618168	0	0	0
-0.438087	37.518173	0	0	0
-0.436914	37.418182	0	0	0
-0.43574	37.318188	0	0	0
-0.434566	37.218193	0	0	0
-0.433393	37.118202	0	0	0
-0.432219	37.018208	0	0	0
-0.431046	36.918217	0	0	0
-0.429872	36.818222	0	0	0
-0.428699	36.718227	0	0	0
-0.427525	36.618237	0	0	0
-0.426351	36.518242	0	0	0
-0.425178	36.418251	0	0	0
-0.424004	36.318256	0	0	0
-0.422831	36.218266	0	0	0
-0.421657	36.118271	0	0	0
-0.420483	36.018276	0	0	0
-0.41931	35.918285	0	0	0
-0.418136	35.818291	0	0	0
-0.416963	35.7183	0	0	0
-0.415789	35.618305	0	0	0
-0.414616	35.518311	0	0	0
-0.413442	35.41832	0	0	0
-0.412268	35.318325	0	0	0
-0.411095	35.218334	0	0	0
-0.409921	35.11834	0	0	0
-0.408748	35.018345	0	0	0
-0.407574	34.918354	0	0	0
-0.4064	34.818359	0	0	0
-0.405227	34.718369	0	0	0
-0.404053	34.618374	0	0	0
-0.40288	34.518379	0	0	0
-0.401706	34.418388	0	0	0
-0.400532	34.318394	0	0	0
-0.399359	34.218403	0	0	0
-0.398185	34.118408	0	0	0
-0.397012	34.018414	0	0	0
-0.395838	33.918423	0	0	0
-0.394665	33.818428	0	0	0
-0.393491	33.718437	0	0	0
-0.392317	33.618443	0	0	0
-0.391144	33.518448	0	0	0
-0.38997	33.418457	0	0	0
-0.388797	33.318462	0	0	0
-0.387623	33.218472	0	0	0
-0.386449	33.118477	0	0	0
-0.385276	33.018482	0	0	0
-0.384102	32.918491	0	0	0
-0.382929	32.818497	0	0	0
-0.381755	32.718506	0	0	0
-0.380581	32.618511	0	0	0
-0.379408	32.51852	0	0	0
-0.378234	32.418526	0	0	0
-0.377061	32.318531	0	0	0
-0.375887	32.21854	0	0	0
-0.374713	32.118546	0	0	0
-0.37354	32.018555	0	0	0
-0.372366	31.91856	0	0	0
-0.371193	31.818567	0	0	0
-0.370019	31.718573	0	0	0
-0.368845	31.61858	0	0	0
-0.367672	31.518587	0	0	0
-0.366498	31.418594	0	0	0
-0.365325	31.318602	0	0	0
-0.364151	31.218609	0	0	0
-0.362978	31.118614	0	0	0
-0.361804	31.018621	0	0	0
-0.36063	30.918629	0	0	0
-0.359457	30.818636	0	0	0
-0.358283	30.718643	0	0	0
-0.35711	30.618649	0	0	0
-0.355936	30.518656	0	0	0
-0.354762	30.418663	0	0	0
-0.353589	30.31867	0	0	0
-0.352415	30.218678	0	0	0
-0.351242	30.118683	0	0	0
-0.350068	30.01869	0	0	0
-0.348894	29.918697	0	0	0
-0.347721	29.818705	0	0	0
-0.346547	29.718712	0	0	0
-0.345374	29.618719	0	0	0
-0.3442	29.518724	0	0	0
-0.343026	29.418732	0	0	0
-0.341853	29.318739	0	0	0
-0.340679	29.218746	0	0	0
-0.339506	29.118753	0	0	0
-0.338332	29.018759	0	0	0
-0.337158	28.918766	0	0	0
-0.335985	28.818773	0	0	0
-0.334811	28.718781	0	0	0
-0.333638	28.618788	0	0	0
-0.332464	28.518793	0	0	0
-0.331291	28.4188	0	0	0
-0.330117	28.318808	0	0	0
-0.328943	28.218815	0	0	0
-0.32777	28.118822	0	0	0
-0.326596	28.018827	0	0	0
-0.325423	27.918835	0	0	0
-0.324249	27.818842	0	0	0
-0.323075	27.718849	0	0	0
-0.321902	27.618856	0	0	0
-0.320728	27.518864	0	0	0
-0.319555	27.418869	0	0	0
-0.318381	27.318876	0	0	0
-0.317207	27.218884	0	0	0
-0.316034	27.118891	0	0	0
-0.31486	27.018898	0	0	0
-0.313687	26.918903	0	0	0
-0.312513	26.818911	0	0	0
-0.311339	26.718918	0	0	0
-0.310166	26.618925	0	0	0
-0.308992	26.518932	0	0	0
-0.307819	26.418938	0	0	0
-0.306645	26.318945	0	0	0
-0.305472	26.218952	0	0	0
-0.304298	26.118959	0	0	0
-0.303124	26.018967	0	0	0
-0.301951	25.918974	0	0	0
-0.300777	25.818979	0	0	0
-0.299604	25.718987	0	0	0
-0.29843	25.618994	0	0	0
-0.297256	25.519001	0	0	0
-0.296083	25.419008	0	0	0
-0.294909	25.319014	0	0	0
-0.293736	25.219021	0	0	0
-0.292562	25.119028	0	0	0
-0.291389	25.019035	0	0	0
-0.290215	24.919043	0	0	0
-0.289041	24.819048	0	0	0
-0.287868	24.719055	0	0	0
-0.286694	24.619062	0	0	0
-0.285521	24.51907	0	0	0
-0.284347	24.419077	0	0	0
-0.283173	24.319082	0	0	0
-0.282	24.21909	0	0	0
-0.280826	24.119097	0	0	0
-0.279653	24.019104	0	0	0
-0.278479	23.919111	0	0	0
-0.277305	23.819118	0	0	0
-0.276132	23.719124	0	0	0
-0.274958	23.619131	0	0	0
-0.273785	23.519138	0	0	0
-0.272611	23.419146	0	0	0
-0.271437	23.319153	0	0	0
-0.270264	23.219158	0	0	0
-0.26909	23.119165	0	0	0
-0.267917	23.019173	0	0	0
-0.266743	22.91918	0	0	0
-0.265569	22.819187	0	0	0
-0.264396	22.719193	0	0	0
-0.263222	22.6192	0	0	0
-0.262049	22.519207	0	0	0
-0.260875	22.419214	0	0	0
-0.259701	22.319221	0	0	0
-0.258528	22.219229	0	0	0
-0.257354	22.119234	0	0	0
-0.256181	22.019241	0	0	0
-0.255007	21.919249	0	0	0
-0.253834	21.819256	0	0	0
-0.25266	21.719263	0	0	0
-0.251486	21.619268	0	0	0
-0.250313	21.519276	0	0	0
-0.249139	21.419283	0	0	0
-0.247966	21.31929	0	0	0
-0.246792	21.219297	0	0	0
-0.245618	21.119303	0	0	0
-0.244445	21.01931	0	0	0
-0.243271	20.919317	0	0	0
-0.242098	20.819324	0	0	0
-0.240924	20.719332	0	0	0
-0.239751	20.619337	0	0	0
-0.238577	20.519344	0	0	0
-0.237403	20.419352	0	0	0
-0.23623	20.319359	0	0	0
-0.235056	20.219366	0	0	0
-0.233883	20.119373	0	0	0
-0.232709	20.019379	0	0	0
-0.231535	19.919386	0	0	0
-0.230362	19.819393	0	0	0
-0.229188	19.7194	0	0	0
-0.228015	19.619408	0	0	0
-0.226841	19.519413	0	0	0
-0.225667	19.41942	0	0	0
-0.224494	19.319427	0	0	0
-0.22332	19.219435	0	0	0
-0.222147	19.119442	0	0	0
-0.220973	19.019447	0	0	0
-0.219799	18.919455	0	0	0
-0.218626	18.819462	0	0	0
-0.217452	18.719469	0	0	0
-0.216279	18.619476	0	0	0
-0.215105	18.519484	0	0	0
-0.213932	18.419489	0	0	0
-0.212758	18.319496	0	0	0
-0.211584	18.219503	0	0	0
-0.210411	18.119511	0	0	0
-0.209237	18.019518	0	0	0
-0.208064	17.919523	0	0	0
-0.20689	17.81953	0	0	0
-0.205716	17.719538	0	0	0
-0.204543	17.619545	0	0	0
-0.203369	17.519552	0	0	0
-0.202196	17.419558	0	0	0
-0.201022	17.319565	0	0	0
-0.199848	17.219572	0	0	0
-0.198675	17.119579	0	0	0
-0.197501	17.019587	0	0	0
-0.196328	16.919592	0	0	0
-0.195154	16.819599	0	0	0
-0.19398	16.719606	0	0	0
-0.192807	16.619614	0	0	0
-0.191633	16.519621	0	0	0
-0.19046	16.419628	0	0	0
-0.189286	16.319633	0	0	0
-0.188112	16.219641	0	0	0
-0.186939	16.119648	0	0	0
-0.185765	16.019655	0	0	0
-0.184592	15.919663	0	0	0
-0.183418	15.81967	0	0	0
-0.182245	15.719676	0	0	0
-0.181071	15.619683	0	0	0
-0.179897	15.519691	0	0	0
-0.178724	15.419697	0	0	0
-0.17755	15.319704	0	0	0
-0.176377	15.219711	0	0	0
-0.175203	15.119718	0	0	0
-0.174029	15.019725	0	0	0
-0.172856	14.919731	0	0	0
-0.171682	14.819738	0	0	0
-0.170509	14.719746	0	0	0
-0.169335	14.619752	0	0	0
-0.168161	14.519759	0	0	0
-0.166988	14.419765	0	0	0
-0.165814	14.319773	0	0	0
-0.164641	14.21978	0	0	0
-0.163467	14.119786	0	0	0
-0.162294	14.019794	0	0	0
-0.16112	13.919801	0	0	0
-0.159946	13.819807	0	0	0
-0.158773	13.719814	0	0	0
-0.157599	13.619821	0	0	0
-0.156426	13.519828	0	0	0
-0.155252	13.419835	0	0	0
-0.154078	13.319841	0	0	0
-0.152905	13.219849	0	0	0
-0.151731	13.119856	0	0	0
-0.150558	13.019862	0	0	0
-0.149384	12.919869	0	0	0
-0.14821	12.819876	0	0	0
-0.147037	12.719883	0	0	0
-0.145863	12.61989	0	0	0
-0.14469	12.519897	0	0	0
-0.143516	12.419904	0	0	0
-0.142342	12.319911	0	0	0
-0.141169	12.219917	0	0	0
-0.139995	12.119925	0	0	0
-0.138822	12.019931	0	0	0
-0.137648	11.919938	0	0	0
-0.136474	11.819945	0	0	0
-0.135301	11.719952	0	0	0
-0.134127	11.619959	0	0	0
-0.132954	11.519965	0	0	0
-0.13178	11.419972	0	0	0
-0.130607	11.31998	0	0	0
-0.129433	11.219986	0	0	0
-0.128259	11.119993	0	0	0
-0.127086	11.02	0	0	0
-0.125912	10.920007	0	0	0
-0.124739	10.820014	0	0	0
-0.123565	10.72002	0	0	0
-0.122391	10.620028	0	0	0
-0.121218	10.520035	0	0	0
-0.120044	10.420041	0	0	0
-0.118871	10.320048	0	0	0
-0.117697	10.220056	0	0	0
-0.116524	10.120062	0	0	0
-0.11535	10.020069	0	0	0
-0.114176	9.920075	0	0	0
-0.113003	9.820083	0	0	0
-0.111829	9.72009	0	0	0
-0.110656	9.620096	0	0	0
-0.109482	9.520103	0	0	0
-0.108308	9.420111	0	0	0
-0.107135	9.320117	0	0	0
-0.105961	9.220124	0	0	0
-0.104788	9.120131	0	0	0
-0.103614	9.020138	0	0	0
-0.10244	8.920145	0	0	0
-0.101267	8.820151	0	0	0
-0.100093	8.720159	0	0	0
-0.09892	8.620166	0	0	0
-0.097746	8.520172	0	0	0
-0.096572	8.420179	0	0	0
-0.095399	8.320186	0	0	0
-0.094225	8.220193	0	0	0
-0.093052	8.1202	0	0	0
-0.091878	8.020206	0	0	0
-0.090704	7.920214	0	0	0
-0.089531	7.820221	0	0	0
-0.088357	7.720228	0	0	0
-0.087184	7.620234	0	0	0
-0.08601	7.520242	0	0	0
-0.084836	7.420249	0	0	0
-0.083663	7.320255	0	0	0
-0.082489	7.220262	0	0	0
-0.081316	7.120269	0	0	0
-0.080142	7.020276	0	0	0
-0.078969	6.920283	0	0	0
-0.077795	6.82029	0	0	0
-0.076621	6.720297	0	0	0
-0.075448	6.620304	0	0	0
-0.074274	6.52031	0	0	0
-0.073101	6.420317	0	0	0
-0.071927	6.320324	0	0	0
-0.070753	6.220331	0	0	0
-0.06958	6.120338	0	0	0
-0.068406	6.020345	0	0	0
-0.067233	5.920352	0	0	0
-0.066059	5.820359	0	0	0
-0.064885	5.720366	0	0	0
-0.063712	5.620372	0	0	0
-0.062538	5.52038	0	0	0
-0.061365	5.420386	0	0	0
-0.060191	5.320393	0	0	0
-0.059018	5.2204	0	0	0
-0.057844	5.120407	0	0	0
-0.05667	5.020414	0	0	0
-0.055497	4.920421	0	0	0
-0.054323	4.820427	0	0	0
-0.05315	4.720434	0	0	0
-0.051976	4.620441	0	0	0
-0.050802	4.520448	0	0	0
-0.049629	4.420455	0	0	0
-0.048455	4.320462	0	0	0
-0.047282	4.220469	0	0	0
-0.046108	4.120476	0	0	0
-0.044934	4.020483	0	0	0
-0.043761	3.920489	0	0	0
-0.042587	3.820496	0	0	0
-0.041414	3.720503	0	0	0
-0.04024	3.620509	0	0	0
-0.039066	3.520516	0	0	0
-0.037893	3.420523	0	0	0
-0.036719	3.32053	0	0	0
-0.035546	3.220537	0	0	0
-0.034372	3.120544	0	0	0
-0.033198	3.020551	0	0	0
-0.032025	2.920558	0	0	0
-0.030851	2.820565	0	0	0
-0.029678	2.720572	0	0	0
-0.028504	2.620578	0	0	0
-0.027331	2.520585	0	0	0
-0.026157	2.420592	0	0	0
-0.024983	2.320599	0	0	0
-0.02381	2.220606	0	0	0
-0.022636	2.120613	0	0	0
-0.021463	2.02062	0	0	0
-0.020289	1.920627	0	0	0
-0.019115	1.820634	0	0	0
-0.017942	1.720641	0	0	0
-0.016768	1.620647	0	0	0
-0.015595	1.520654	0	0	0
-0.014421	1.420661	0	0	0
-0.013247	1.320668	0	0	0
-0.012074	1.220675	0	0	0
-0.0109	1.120682	0	0	0
-0.009727	1.020689	0	0	0
-0.008553	0.920696	0	0	0
-0.00738	0.820702	0	0	0
-0.006206	0.720709	0	0	0
-0.005032	0.620716	0	0	0
-0.003859	0.520723	0	0	0
-0.002685	0.42073	0	0	0
-0.001512	0.320737	0	0	0
-0.000338	0.220744	0	0	0
0.000836	0.120751	0	0	0
0.002009	0.020758	0	0	0
0.003183	-0.079236	0	0	0
0.004549	-0.186265	0	0	0
0.00623	-0.292572	0	0	0
0.00824	-0.398875	0	0	0
0.010578	-0.505173	0	0	0
0.013245	-0.611464	0	0	0
0.01624	-0.717748	0	0	0
0.019563	-0.824023	0	0	0
0.023215	-0.930289	0	0	0
0.027193	-1.036544	0	0	0
0.0315	-1.142788	0	0	0
0.036134	-1.24902	0	0	0
0.041095	-1.355238	0	0	0
0.046384	-1.461442	0	0	0
0.052	-1.567631	0	0	0
0.057942	-1.673803	0	0	0
0.064211	-1.779958	0	0	0
0.070807	-1.886094	0	0	0
0.077729	-1.992211	0	0	0
0.084978	-2.098307	0	0	0
0.092552	-2.204382	0	0	0
0.100452	-2.310435	0	0	0
0.108678	-2.416464	0	0	0
0.117229	-2.522469	0	0	0
0.126105	-2.628448	0	0	0
0.135306	-2.734402	0	0	0
0.144832	-2.840328	0	0	0
0.154683	-2.946225	0	0	0
0.164858	-3.052094	0	0	0
0.175357	-3.157932	0	0	0
0.18618	-3.263738	0	0	0
0.197327	-3.369513	0	0	0
0.208798	-3.475254	0	0	0
0.220592	-3.580961	0	0	0
0.232709	-3.686633	0	0	0
0.245149	-3.792269	0	0	0
0.257912	-3.897867	0	0	0
0.270997	-4.003428	0	0	0
0.284404	-4.108949	0	0	0
0.298133	-4.21443	0	0	0
0.312184	-4.319871	0	0	0
0.326556	-4.425269	0	0	0
0.34125	-4.530625	0	0	0
0.356264	-4.635937	0	0	0
0.3716	-4.741204	0	0	0
0.387255	-4.846425	0	0	0
0.403231	-4.9516	0	0	0
0.419527	-5.056726	0	0	0
0.436142	-5.161804	0	0	0
0.453078	-5.266832	0	0	0
0.470332	-5.37181	0	0	0
0.487905	-5.476736	0	0	0
0.505796	-5.58161	0	0	0
0.524006	-5.68643	0	0	0
0.542534	-5.791197	0	0	0
0.56138	-5.895907	0	0	0
0.580543	-6.000562	0	0	0
0.600023	-6.105159	0	0	0
0.61982	-6.209698	0	0	0
0.639934	-6.314178	0	0	0
0.660365	-6.418599	0	0	0
0.681111	-6.522959	0	0	0
0.702172	-6.627255	0	0	0
0.72355	-6.73149	0	0	0
0.745242	-6.835661	0	0	0
0.767249	-6.939767	0	0	0
0.78957	-7.043808	0	0	0
0.812206	-7.147782	0	0	0
0.835156	-7.251689	0	0	0
0.858419	-7.355527	0	0	0
0.881995	-7.459297	0	0	0
0.905884	-7.562995	0	0	0
0.930086	-7.666624	0	0	0
0.954599	-7.77018	0	0	0
0.979425	-7.873662	0	0	0
1.004563	-7.977072	0	0	0
1.030011	-8.080406	0	0	0
1.05577	-8.183665	0	0	0
1.08184	-8.286847	0	0	0
1.10822	-8.389952	0	0	0
1.13491	-8.492979	0	0	0
1.161909	-8.595926	0	0	0
1.189217	-8.698793	0	0	0
1.216834	-8.801579	0	0	0
1.24476	-8.904284	0	0	0
1.272993	-9.006906	0	0	0
1.301534	-9.109443	0	0	0
1.330383	-9.211896	0	0	0
1.359538	-9.314262	0	0	0
1.389	-9.416544	0	0	0
1.418768	-9.518739	0	0	0
1.448842	-9.620844	0	0	0
1.479222	-9.72286	0	0	0
1.509906	-9.824787	0	0	0
1.540896	-9.926623	0	0	0
1.572189	-10.028368	0	0	0
1.603786	-10.130019	0	0	0
1.635687	-10.231578	0	0	0
1.667891	-10.333042	0	0	0
1.700398	-10.43441	0	0	0
1.733206	-10.535684	0	0	0
1.766317	-10.63686	0	0	0
1.79973	-10.737939	0	0	0
1.833443	-10.838919	0	0	0
1.867458	-10.939798	0	0	0
1.901772	-11.040579	0	0	0
1.936386	-11.141258	0	0	0
1.9713	-11.241835	0	0	0
2.006513	-11.342309	0	0	0
2.042025	-11.442678	0	0	0
2.077834	-11.542945	0	0	0
2.113942	-11.643106	0	0	0
2.150347	-11.743159	0	0	0
2.187048	-11.843107	0	0	0
2.224047	-11.942946	0	0	0
2.261341	-12.042676	0	0	0
2.298931	-12.142298	0	0	0
2.336816	-12.241808	0	0	0
2.374996	-12.341208	0	0	0
2.413471	-12.440494	0	0	0
2.452239	-12.539669	0	0	0
2.491301	-12.638729	0	0	0
2.530655	-12.737675	0	0	0
2.570302	-12.836505	0	0	0
2.610241	-12.93522	0	0	0
2.650472	-13.033817	0	0	0
2.690994	-13.132297	0	0	0
2.731807	-13.230659	0	0	0
2.77291	-13.328899	0	0	0
2.814302	-13.427019	0	0	0
2.855985	-13.525021	0	0	0
2.897956	-13.622899	0	0	0
2.940215	-13.720654	0	0	0
2.982762	-13.818287	0	0	0
3.025597	-13.915794	0	0	0
3.068718	-14.013177	0	0	0
3.112127	-14.110434	0	0	0
3.155821	-14.207563	0	0	0
3.1998	-14.304566	0	0	0
3.244065	-14.401442	0	0	0
3.288615	-14.498186	0	0	0
3.333447	-14.594803	0	0	0
3.378565	-14.691288	0	0	0
3.423965	-14.787642	0	0	0
3.469647	-14.883863	0	0	0
3.515612	-14.979952	0	0	0
3.561859	-15.075907	0	0	0
3.608386	-15.171728	0	0	0
3.655194	-15.267414	0	0	0
3.702282	-15.362962	0	0	0
3.74965	-15.458375	0	0	0
3.797297	-15.55365	0	0	0
3.845222	-15.648787	0	0	0
3.893426	-15.743786	0	0	0
3.941907	-15.838644	0	0	0
3.990665	-15.93336	0	0	0
4.039699	-16.027937	0	0	0
4.08901	-16.122372	0	0	0
4.138596	-16.216661	0	0	0
4.188457	-16.31081	0	0	0
4.238593	-16.404812	0	0	0
4.289002	-16.498671	0	0	0
4.339685	-16.592384	0	0	0
4.390641	-16.685949	0	0	0
4.441869	-16.779367	0	0	0
4.493369	-16.872639	0	0	0
4.54514	-16.965763	0	0	0
4.597181	-17.058733	0	0	0
4.649494	-17.151556	0	0	0
4.702075	-17.244226	0	0	0
4.754926	-17.336746	0	0	0
4.808045	-17.429115	0	0	0
4.861433	-17.52133	0	0	0
4.915087	-17.61339	0	0	0
4.969009	-17.705297	0	0	0
5.023196	-17.797047	0	0	0
5.07765	-17.888643	0	0	0
5.13237	-17.98008	0	0	0
5.187353	-18.071363	0	0	0
5.242601	-18.162485	0	0	0
5.298113	-18.253448	0	0	0
5.353888	-18.344254	0	0	0
5.409925	-18.4349	0	0	0
5.466224	-18.525383	0	0	0
5.522784	-18.615705	0	0	0
5.579605	-18.705866	0	0	0
5.636685	-18.795864	0	0	0
5.694026	-18.885696	0	0	0
5.751626	-18.975367	0	0	0
5.809485	-19.064871	0	0	0
5.867601	-19.154209	0	0	0
5.925975	-19.243383	0	0	0
5.984605	-19.33239	0	0	0
6.043491	-19.421228	0	0	0
6.102633	-19.509897	0	0	0
6.162031	-19.598398	0	0	0
6.221682	-19.686729	0	0	0
6.281588	-19.774889	0	0	0
6.341746	-19.862881	0	0	0
6.402158	-19.950699	0	0	0
6.462821	-20.038343	0	0	0
6.523736	-20.12582	0	0	0
6.584901	-20.213118	0	0	0
6.646318	-20.300241	0	0	0
6.707983	-20.387196	0	0	0
6.769897	-20.473969	0	0	0
6.832061	-20.560568	0	0	0
6.894473	-20.646988	0	0	0
6.95713	-20.733234	0	0	0
7.020037	-20.819302	0	0	0
7.083187	-20.90519	0	0	0
7.146584	-20.990898	0	0	0
7.210225	-21.076427	0	0	0
7.274112	-21.161776	0	0	0
7.338241	-21.246943	0	0	0
7.402614	-21.331926	0	0	0
7.467229	-21.416729	0	0	0
7.532085	-21.501348	0	0	0
7.597183	-21.585785	0	0	0
7.662521	-21.670036	0	0	0
7.7281	-21.754105	0	0	0
7.793918	-21.837986	0	0	0
7.859974	-21.92168	0	0	0
7.926269	-22.00519	0	0	0
7.992801	-22.088509	0	0	0
8.059569	-22.171642	0	0	0
8.126575	-22.254587	0	0	0
8.193815	-22.337343	0	0	0
8.261292	-22.419909	0	0	0
8.329	-22.502285	0	0	0
8.396945	-22.584469	0	0	0
8.465121	-22.666462	0	0	0
8.533531	-22.748266	0	0	0
8.602172	-22.829872	0	0	0
8.671043	-22.911287	0	0	0
8.740146	-22.992508	0	0	0
8.809479	-23.073536	0	0	0
8.879041	-23.154369	0	0	0
8.948832	-23.235006	0	0	0
9.018849	-23.315447	0	0	0
9.089096	-23.395691	0	0	0
9.159568	-23.475737	0	0	0
9.230267	-23.555588	0	0	0
9.30119	-23.635239	0	0	0
9.372338	-23.714691	0	0	0
9.44371	-23.793943	0	0	0
9.515306	-23.872997	0	0	0
9.587127	-23.951847	0	0	0
9.659166	-24.030502	0	0	0
9.73143	-24.108952	0	0	0
9.803912	-24.187201	0	0	0
9.876616	-24.265244	0	0	0
9.949538	-24.343084	0	0	0
10.02268	-24.420725	0	0	0
10.09604	-24.498158	0	0	0
10.169618	-24.575388	0	0	0
10.243413	-24.652411	0	0	0
10.317423	-24.729229	0	0	0
10.391648	-24.805841	0	0	0
10.466089	-24.882246	0	0	0
10.540745	-24.958443	0	0	0
10.615613	-25.034433	0	0	0
10.690696	-25.110214	0	0	0
10.765989	-25.185787	0	0	0
10.841495	-25.261147	0	0	0
10.917212	-25.336302	0	0	0
10.993137	-25.411243	0	0	0
11.069274	-25.485975	0	0	0
11.145619	-25.560495	0	0	0
11.222172	-25.634804	0	0	0
11.298932	-25.7089	0	0	0
11.3759	-25.782782	0	0	0
11.453074	-25.856451	0	0	0
11.530454	-25.929909	0	0	0
11.608037	-26.003147	0	0	0
11.685826	-26.076176	0	0	0
11.763818	-26.148987	0	0	0
11.842012	-26.221582	0	0	0
11.920408	-26.293961	0	0	0
11.999005	-26.366123	0	0	0
12.077806	-26.438066	0	0	0
12.156804	-26.509794	0	0	0
12.236002	-26.581303	0	0	0
12.3154	-26.652594	0	0	0
12.394994	-26.723665	0	0	0
12.474787	-26.794518	0	0	0
12.554775	-26.865149	0	0	0
12.63496	-26.93556	0	0	0
12.715341	-27.005749	0	0	0
12.795916	-27.075722	0	0	0
12.876683	-27.145468	0	0	0
12.957644	-27.214991	0	0	0
13.038799	-27.284294	0	0	0
13.120145	-27.353374	0	0	0
13.201683	-27.42223	0	0	0
13.28341	-27.490862	0	0	0
13.365327	-27.559269	0	0	0
13.447433	-27.627451	0	0	0
13.529728	-27.695408	0	0	0
13.612209	-27.763142	0	0	0
13.694879	-27.830647	0	0	0
13.777735	-27.897924	0	0	0
13.860776	-27.964975	0	0	0
13.944002	-28.031801	0	0	0
14.027411	-28.098398	0	0	0
14.111005	-28.164768	0	0	0
14.194781	-28.230906	0	0	0
14.278739	-28.296818	0	0	0
14.362879	-28.362499	0	0	0
14.447198	-28.42795	0	0	0
14.531699	-28.493174	0	0	0
14.616378	-28.558165	0	0	0
14.701236	-28.622925	0	0	0
14.786272	-28.687452	0	0	0
14.871485	-28.751749	0	0	0
14.956873	-28.815811	0	0	0
15.042439	-28.879644	0	0	0
15.12818	-28.943245	0	0	0
15.214092	-29.006607	0	0	0
15.30018	-29.069742	0	0	0
15.38644	-29.132637	0	0	0
15.472875	-29.195301	0	0	0
15.559478	-29.25773	0	0	0
15.646254	-29.319923	0	0	0
15.733198	-29.38188	0	0	0
15.820312	-29.443604	0	0	0
15.907595	-29.505089	0	0	0
15.995047	-29.566338	0	0	0
16.082664	-29.62735	0	0	0
16.17045	-29.688124	0	0	0
16.258398	-29.748661	0	0	0
16.346516	-29.80896	0	0	0
16.434793	-29.86902	0	0	0
16.523237	-29.928841	0	0	0
16.611845	-29.988426	0	0	0
16.700611	-30.047766	0	0	0
16.789543	-30.106871	0	0	0
16.878633	-30.165733	0	0	0
16.967884	-30.224356	0	0	0
17.057295	-30.282736	0	0	0
17.146862	-30.340879	0	0	0
17.236588	-30.398777	0	0	0
17.326473	-30.456434	0	0	0
17.416513	-30.513849	0	0	0
17.50671	-30.57102	0	0	0
17.597059	-30.627953	0	0	0
17.687565	-30.684641	0	0	0
17.778227	-30.741083	0	0	0
17.869038	-30.797283	0	0	0
17.960001	-30.853239	0	0	0
18.051117	-30.908951	0	0	0
18.142384	-30.964418	0	0	0
18.233799	-31.019642	0	0	0
18.325365	-31.074615	0	0	0
18.417076	-31.129349	0	0	0
18.508942	-31.183836	0	0	0
18.60095	-31.238077	0	0	0
18.693106	-31.29207	0	0	0
18.785406	-31.345816	0	0	0
18.87785	-31.399315	0	0	0
18.970442	-31.452568	0	0	0
19.063175	-31.505571	0	0	0
19.156054	-31.558331	0	0	0
19.249069	-31.61084	0	0	0
19.34223	-31.663099	0	0	0
19.43553	-31.715111	0	0	0
19.528971	-31.766874	0	0	0
19.622549	-31.818388	0	0	0
19.716269	-31.869656	0	0	0
19.810123	-31.920671	0	0	0
19.904116	-31.971436	0	0	0
19.998245	-32.021946	0	0	0
20.092508	-32.072216	0	0	0
20.186907	-32.122227	0	0	0
20.281441	-32.171989	0	0	0
20.376106	-32.221504	0	0	0
20.470907	-32.270763	0	0	0
20.565838	-32.319767	0	0	0
20.660902	-32.368526	0	0	0
20.756096	-32.41703	0	0	0
20.851416	-32.465282	0	0	0
20.946869	-32.513279	0	0	0
21.042446	-32.561028	0	0	0
21.138155	-32.608517	0	0	0
21.233992	-32.655762	0	0	0
21.32995	-32.702744	0	0	0
21.426037	-32.749477	0	0	0
21.522245	-32.795952	0	0	0
21.618582	-32.842178	0	0	0
21.71504	-32.888149	0	0	0
21.811619	-32.933861	0	0	0
21.908321	-32.979321	0	0	0
22.005144	-33.024529	0	0	0
22.102087	-33.069477	0	0	0
22.19915	-33.114166	0	0	0
22.296333	-33.158607	0	0	0
22.393633	-33.202789	0	0	0
22.491051	-33.246716	0	0	0
22.588583	-33.290382	0	0	0
22.686234	-33.333794	0	0	0
22.783998	-33.376953	0	0	0
22.88188	-33.419849	0	0	0
22.979874	-33.462494	0	0	0
23.07798	-33.504875	0	0	0
23.176199	-33.547005	0	0	0
23.274529	-33.588875	0	0	0
23.372972	-33.630486	0	0	0
23.471521	-33.671837	0	0	0
23.570183	-33.712933	0	0	0
23.668955	-33.753769	0	0	0
23.767834	-33.79435	0	0	0
23.866817	-33.834667	0	0	0
23.965908	-33.874729	0	0	0
24.065107	-33.914532	0	0	0
24.16441	-33.954071	0	0	0
24.263817	-33.993355	0	0	0
24.363327	-34.032375	0	0	0
24.46294	-34.071136	0	0	0
24.562658	-34.109642	0	0	0
24.662476	-34.147888	0	0	0
24.762394	-34.185871	0	0	0
24.862411	-34.223591	0	0	0
24.962528	-34.261055	0	0	0
25.062744	-34.298256	0	0	0
25.163061	-34.335197	0	0	0
25.26347	-34.371876	0	0	0
25.363977	-34.408295	0	0	0
25.464582	-34.444454	0	0	0
25.565279	-34.480347	0	0	0
25.666073	-34.51598	0	0	0
25.76696	-34.551353	0	0	0
25.867939	-34.586464	0	0	0
25.969009	-34.621315	0	0	0
26.070173	-34.655903	0	0	0
26.171425	-34.690231	0	0	0
26.27277	-34.724293	0	0	0
26.374203	-34.758095	0	0	0
26.475721	-34.79163	0	0	0
26.577332	-34.824905	0	0	0
26.679028	-34.857918	0	0	0
26.780809	-34.890667	0	0	0
26.882679	-34.923157	0	0	0
26.984631	-34.955379	0	0	0
27.08667	-34.987339	0	0	0
27.188789	-35.019035	0	0	0
27.290995	-35.050468	0	0	0
27.393282	-35.081642	0	0	0
27.495647	-35.112553	0	0	0
27.598095	-35.143192	0	0	0
27.700623	-35.173569	0	0	0
27.803228	-35.20369	0	0	0
27.905914	-35.23354	0	0	0
28.008677	-35.26313	0	0	0
28.111519	-35.292458	0	0	0
28.214436	-35.321514	0	0	0
28.317427	-35.350311	0	0	0
28.420496	-35.378838	0	0	0
28.523636	-35.407108	0	0	0
28.626852	-35.435112	0	0	0
28.730139	-35.462849	0	0	0
28.8335	-35.490322	0	0	0
28.936932	-35.517532	0	0	0
29.040432	-35.544476	0	0	0
29.144005	-35.571156	0	0	0
29.247648	-35.597572	0	0	0
29.351358	-35.623722	0	0	0
29.455135	-35.649601	0	0	0
29.558981	-35.67522	0	0	0
29.662893	-35.700573	0	0	0
29.766869	-35.725666	0	0	0
29.870911	-35.750488	0	0	0
29.975018	-35.775047	0	0	0
30.079187	-35.799339	0	0	0
30.183422	-35.823372	0	0	0
30.287718	-35.847134	0	0	0
30.392075	-35.870628	0	0	0
30.496492	-35.89386	0	0	0
30.600971	-35.916828	0	0	0
30.705507	-35.939526	0	0	0
30.810104	-35.961967	0	0	0
30.914757	-35.984135	0	0	0
31.019468	-36.006039	0	0	0
31.124237	-36.027676	0	0	0
31.229061	-36.049046	0	0	0
31.333941	-36.070156	0	0	0
31.438871	-36.091	0	0	0
31.543863	-36.111576	0	0	0
31.648901	-36.131886	0	0	0
31.753998	-36.151928	0	0	0
31.859137	-36.171707	0	0	0
31.964338	-36.191216	0	0	0
32.06958	-36.210464	0	0	0
32.174881	-36.229443	0	0	0
32.280224	-36.248158	0	0	0
32.385616	-36.266605	0	0	0
32.491058	-36.284794	0	0	0
32.596546	-36.302708	0	0	0
32.70208	-36.320358	0	0	0
32.807659	-36.337749	0	0	0
32.913284	-36.354862	0	0	0
33.018955	-36.371719	0	0	0
33.124664	-36.388309	0	0	0
33.230415	-36.404633	0	0	0
33.336216	-36.420689	0	0	0
33.442055	-36.436478	0	0	0
33.547928	-36.452003	0	0	0
33.653851	-36.467262	0	0	0
33.759808	-36.482254	0	0	0
33.865803	-36.496986	0	0	0
33.97184	-36.511448	0	0	0
34.077911	-36.525642	0	0	0
34.184021	-36.539577	0	0	0
34.290165	-36.553238	0	0	0
34.396343	-36.566639	0	0	0
34.50256	-36.579773	0	0	0
34.608803	-36.59264	0	0	0
34.715088	-36.605247	0	0	0
34.8214	-36.61758	0	0	0
34.927746	-36.629658	0	0	0
35.034122	-36.641464	0	0	0
35.14053	-36.653004	0	0	0
35.246967	-36.66428	0	0	0
35.353436	-36.675293	0	0	0
35.45993	-36.686039	0	0	0
35.566448	-36.696518	0	0	0
35.673	-36.706734	0	0	0
35.779575	-36.716686	0	0	0
35.886177	-36.726368	0	0	0
35.992805	-36.73579	0	0	0
36.099457	-36.744949	0	0	0
36.206131	-36.753841	0	0	0
36.312828	-36.762466	0	0	0
36.419552	-36.770828	0	0	0
36.526295	-36.778923	0	0	0
36.63306	-36.786758	0	0	0
36.739841	-36.794327	0	0	0
36.846645	-36.801628	0	0	0
36.953465	-36.808666	0	0	0
37.060307	-36.815445	0	0	0
37.167168	-36.821957	0	0	0
37.274044	-36.828205	0	0	0
37.380936	-36.834187	0	0	0
37.48785	-36.839905	0	0	0
37.594772	-36.84536	0	0	0
37.70171	-36.850552	0	0	0
37.808659	-36.85548	0	0	0
37.915627	-36.860142	0	0	0
38.022606	-36.864544	0	0	0
38.129597	-36.868683	0	0	0
38.236595	-36.872555	0	0	0
38.343609	-36.876163	0	0	0
38.45063	-36.879517	0	0	0
38.557663	-36.882595	0	0	0
38.664703	-36.885422	0	0	0
38.771748	-36.887978	0	0	0
38.878799	-36.89027	0	0	0
38.985867	-36.892303	0	0	0
39.092934	-36.894077	0	0	0
39.200005	-36.895588	0	0	0
39.307087	-36.896828	0	0	0
39.414162	-36.897812	0	0	0
39.521248	-36.898537	0	0	0
39.628338	-36.898994	0	0	0
39.735428	-36.899189	0	0	0
39.842522	-36.899128	0	0	0
39.949612	-36.8988	0	0	0
40.056705	-36.898212	0	0	0
40.163799	-36.897369	0	0	0
40.270912	-36.896217	0	0	0
40.377613	-36.894798	0	0	0
40.484314	-36.893085	0	0	0
40.591007	-36.891079	0	0	0
40.697693	-36.888779	0	0	0
40.804382	-36.886185	0	0	0
40.911053	-36.883289	0	0	0
41.017719	-36.880104	0	0	0
41.124371	-36.876625	0	0	0
41.231018	-36.872849	0	0	0
41.337654	-36.868778	0	0	0
41.444279	-36.864414	0	0	0
41.550892	-36.859756	0	0	0
41.657486	-36.854805	0	0	0
41.764072	-36.84956	0	0	0
41.87064	-36.844013	0	0	0
41.977188	-36.838177	0	0	0
42.083721	-36.83205	0	0	0
42.190243	-36.825623	0	0	0
42.296745	-36.818905	0	0	0
42.403221	-36.81189	0	0	0
42.509686	-36.804585	0	0	0
42.616127	-36.796978	0	0	0
42.722546	-36.789085	0	0	0
42.828941	-36.780895	0	0	0
42.935314	-36.772411	0	0	0
43.041664	-36.76363	0	0	0
43.147987	-36.754559	0	0	0
43.254288	-36.745197	0	0	0
43.360561	-36.735535	0	0	0
43.466808	-36.725586	0	0	0
43.573025	-36.715336	0	0	0
43.679211	-36.704792	0	0	0
43.785374	-36.693962	0	0	0
43.891499	-36.682835	0	0	0
43.997597	-36.671413	0	0	0
44.103664	-36.659695	0	0	0
44.209698	-36.647694	0	0	0
44.315693	-36.635391	0	0	0
44.421661	-36.622799	0	0	0
44.527592	-36.609913	0	0	0
44.63348	-36.596733	0	0	0
44.739334	-36.58326	0	0	0
44.845154	-36.5695	0	0	0
44.950935	-36.555443	0	0	0
45.056675	-36.541088	0	0	0
45.162373	-36.526451	0	0	0
45.268032	-36.511513	0	0	0
45.37365	-36.496292	0	0	0
45.479225	-36.48077	0	0	0
45.584755	-36.464962	0	0	0
45.690243	-36.44886	0	0	0
45.795685	-36.432468	0	0	0
45.901077	-36.415779	0	0	0
46.006428	-36.398808	0	0	0
46.111732	-36.381538	0	0	0
46.216984	-36.363979	0	0	0
46.322189	-36.346127	0	0	0
46.427345	-36.327988	0	0	0
46.532444	-36.309555	0	0	0
46.637501	-36.290836	0	0	0
46.7425	-36.271824	0	0	0
46.84745	-36.252518	0	0	0
46.952339	-36.232922	0	0	0
47.057178	-36.213039	0	0	0
47.161964	-36.192867	0	0	0
47.266685	-36.172405	0	0	0
47.371361	-36.151646	0	0	0
47.475971	-36.130604	0	0	0
47.580524	-36.109272	0	0	0
47.685013	-36.08765	0	0	0
47.789448	-36.065742	0	0	0
47.893822	-36.043545	0	0	0
47.998131	-36.021053	0	0	0
48.102379	-35.998276	0	0	0
48.206562	-35.975212	0	0	0
48.310684	-35.951859	0	0	0
48.414734	-35.928219	0	0	0
48.518726	-35.904289	0	0	0
48.622646	-35.880074	0	0	0
48.726498	-35.855568	0	0	0
48.830284	-35.830776	0	0	0
48.934002	-35.805698	0	0	0
49.037647	-35.780331	0	0	0
49.141224	-35.754677	0	0	0
49.244732	-35.728737	0	0	0
49.34816	-35.702511	0	0	0
49.451523	-35.676003	0	0	0
49.554806	-35.6492	0	0	0
49.658016	-35.62212	0	0	0
49.76115	-35.594746	0	0	0
49.864212	-35.567093	0	0	0
49.967194	-35.539154	0	0	0
50.070095	-35.510925	0	0	0
50.17292	-35.482414	0	0	0
50.275669	-35.453617	0	0	0
50.37833	-35.424541	0	0	0
50.480919	-35.39518	0	0	0
50.58342	-35.365532	0	0	0
50.685837	-35.335598	0	0	0
50.788177	-35.305386	0	0	0
50.89043	-35.274887	0	0	0
50.992599	-35.244102	0	0	0
51.094681	-35.213039	0	0	0
51.196674	-35.18169	0	0	0
51.29858	-35.150063	0	0	0
51.400402	-35.118153	0	0	0
51.502132	-35.08596	0	0	0
51.603775	-35.053486	0	0	0
51.705326	-35.020733	0	0	0
51.806786	-34.987694	0	0	0
51.90815	-34.954369	0	0	0
52.009426	-34.920773	0	0	0
52.110607	-34.886894	0	0	0
52.211697	-34.852734	0	0	0
52.312683	-34.818295	0	0	0
52.413582	-34.783577	0	0	0
52.514381	-34.748577	0	0	0
52.615082	-34.713299	0	0	0
52.715691	-34.677742	0	0	0
52.816189	-34.641907	0	0	0
52.916595	-34.605793	0	0	0
53.016903	-34.569401	0	0	0
53.117104	-34.53273	0	0	0
53.217205	-34.495781	0	0	0
53.317204	-34.458557	0	0	0
53.417091	-34.421059	0	0	0
53.516884	-34.383278	0	0	0
53.616566	-34.345222	0	0	0
53.716148	-34.306892	0	0	0
53.81562	-34.268284	0	0	0
53.914986	-34.229404	0	0	0
54.014236	-34.190243	0	0	0
54.113388	-34.150814	0	0	0
54.212425	-34.111107	0	0	0
54.311352	-34.071125	0	0	0
54.410164	-34.030869	0	0	0
54.508869	-33.990337	0	0	0
54.60746	-33.949535	0	0	0
54.705936	-33.908455	0	0	0
54.804298	-33.867107	0	0	0
54.902546	-33.825489	0	0	0
55.000675	-33.783596	0	0	0
55.09869	-33.741428	0	0	0
55.19659	-33.69899	0	0	0
55.294365	-33.656284	0	0	0
55.392029	-33.6133	0	0	0
55.489567	-33.570053	0	0	0
55.586987	-33.526527	0	0	0
55.684288	-33.482738	0	0	0
55.781467	-33.438679	0	0	0
55.878517	-33.394348	0	0	0
55.975449	-33.349747	0	0	0
56.072258	-33.304882	0	0	0
56.168938	-33.259747	0	0	0
56.265495	-33.214344	0	0	0
56.361927	-33.168671	0	0	0
56.458225	-33.12273	0	0	0
56.554401	-33.076527	0	0	0
56.650444	-33.030052	0	0	0
56.746357	-32.983315	0	0	0
56.842152	-32.93631	0	0	0
56.937805	-32.889038	0	0	0
57.033329	-32.841503	0	0	0
57.128723	-32.793705	0	0	0
57.22398	-32.74564	0	0	0
57.319103	-32.697311	0	0	0
57.414093	-32.648716	0	0	0
57.508949	-32.599857	0	0	0
57.603668	-32.550743	0	0	0
57.698246	-32.501362	0	0	0
57.792694	-32.451717	0	0	0
57.886997	-32.40181	0	0	0
57.981167	-32.351643	0	0	0
58.075195	-32.301212	0	0	0
58.169083	-32.250523	0	0	0
58.262825	-32.199574	0	0	0
58.35643	-32.148365	0	0	0
58.449894	-32.096893	0	0	0
58.543209	-32.045166	0	0	0
58.636383	-31.993179	0	0	0
58.729416	-31.940935	0	0	0
58.822296	-31.88843	0	0	0
58.915035	-31.835669	0	0	0
59.007626	-31.782652	0	0	0
59.100071	-31.729374	0	0	0
59.19236	-31.675842	0	0	0
59.284508	-31.622055	0	0	0
59.376503	-31.56801	0	0	0
59.468346	-31.513712	0	0	0
59.560043	-31.459158	0	0	0
59.651581	-31.404348	0	0	0
59.742977	-31.349287	0	0	0
59.834209	-31.29397	0	0	0
59.925293	-31.238405	0	0	0
60.016216	-31.182585	0	0	0
60.106987	-31.126511	0	0	0
60.197601	-31.070183	0	0	0
60.288063	-31.013605	0	0	0
60.378365	-30.956778	0	0	0
60.46851	-30.8997	0	0	0
60.558495	-30.842371	0	0	0
60.648315	-30.784794	0	0	0
60.73798	-30.726967	0	0	0
60.82748	-30.66889	0	0	0
60.916821	-30.610565	0	0	0
61.005997	-30.551991	0	0	0
61.095013	-30.493172	0	0	0
61.183868	-30.434105	0	0	0
61.272556	-30.37479	0	0	0
61.361076	-30.315229	0	0	0
61.449436	-30.255424	0	0	0
61.537617	-30.195374	0	0	0
61.625645	-30.135077	0	0	0
61.713497	-30.074535	0	0	0
61.801182	-30.013754	0	0	0
61.888695	-29.952724	0	0	0
61.976044	-29.891457	0	0	0
62.063221	-29.829943	0	0	0
62.150223	-29.768188	0	0	0
62.237053	-29.706194	0	0	0
62.323711	-29.643955	0	0	0
62.410198	-29.581478	0	0	0
62.49651	-29.518759	0	0	0
62.582645	-29.455801	0	0	0
62.668602	-29.392603	0	0	0
62.754391	-29.329168	0	0	0
62.840004	-29.265495	0	0	0
62.92543	-29.201584	0	0	0
63.010681	-29.137434	0	0	0
63.095757	-29.07305	0	0	0
63.180649	-29.008429	0	0	0
63.265366	-28.943573	0	0	0
63.349903	-28.878477	0	0	0
63.43425	-28.813152	0	0	0
63.518417	-28.747589	0	0	0
63.602406	-28.681793	0	0	0
63.686218	-28.615765	0	0	0
63.769836	-28.549505	0	0	0
63.853268	-28.483009	0	0	0
63.936516	-28.416286	0	0	0
64.019577	-28.349329	0	0	0
64.102455	-28.282143	0	0	0
64.18515	-28.214725	0	0	0
64.267654	-28.147079	0	0	0
64.349968	-28.079203	0	0	0
64.432091	-28.011097	0	0	0
64.51403	-27.942764	0	0	0
64.595772	-27.874205	0	0	0
64.677315	-27.805418	0	0	0
64.75869	-27.736403	0	0	0
64.839859	-27.667162	0	0	0
64.920837	-27.597696	0	0	0
65.001617	-27.528006	0	0	0
65.082207	-27.45809	0	0	0
65.162598	-27.387951	0	0	0
65.24279	-27.317591	0	0	0
65.3228	-27.247005	0	0	0
65.402603	-27.176197	0	0	0
65.482208	-27.105167	0	0	0
65.561615	-27.033918	0	0	0
65.640823	-26.962448	0	0	0
65.719841	-26.890757	0	0	0
65.798645	-26.818848	0	0	0
65.877258	-26.746716	0	0	0
65.955666	-26.674368	0	0	0
66.033875	-26.601803	0	0	0
66.111885	-26.529018	0	0	0
66.18969	-26.456018	0	0	0
66.267281	-26.382801	0	0	0
66.344681	-26.309372	0	0	0
66.421875	-26.235723	0	0	0
66.498856	-26.161863	0	0	0
66.57563	-26.087788	0	0	0
66.652206	-26.013496	0	0	0
66.728577	-25.938999	0	0	0
66.804733	-25.864285	0	0	0
66.880684	-25.789358	0	0	0
66.956413	-25.71422	0	0	0
67.031944	-25.638874	0	0	0
67.107277	-25.563318	0	0	0
67.182381	-25.487551	0	0	0
67.257278	-25.411575	0	0	0
67.33197	-25.335394	0	0	0
67.406433	-25.259003	0	0	0
67.480705	-25.182402	0	0	0
67.554749	-25.1056	0	0	0
67.628578	-25.028589	0	0	0
67.702194	-24.951376	0	0	0
67.775604	-24.873953	0	0	0
67.848778	-24.796328	0	0	0
67.921753	-24.7185	0	0	0
67.994507	-24.640471	0	0	0
68.067039	-24.562239	0	0	0
68.139359	-24.483803	0	0	0
68.211464	-24.405167	0	0	0
68.283333	-24.326332	0	0	0
68.354996	-24.247295	0	0	0
68.426437	-24.16806	0	0	0
68.49765	-24.088625	0	0	0
68.568649	-24.008995	0	0	0
68.63942	-23.929165	0	0	0
68.709969	-23.849138	0	0	0
68.780296	-23.768915	0	0	0
68.850403	-23.688499	0	0	0
68.92028	-23.607887	0	0	0
68.989929	-23.527079	0	0	0
69.059364	-23.446077	0	0	0
69.128563	-23.364883	0	0	0
69.197533	-23.283497	0	0	0
69.266289	-23.20192	0	0	0
69.334816	-23.120148	0	0	0
69.403107	-23.038189	0	0	0
69.471169	-22.956039	0	0	0
69.539001	-22.873699	0	0	0
69.606598	-22.791174	0	0	0
69.673981	-22.708456	0	0	0
69.741127	-22.625555	0	0	0
69.808037	-22.542463	0	0	0
69.874718	-22.459187	0	0	0
69.941162	-22.375725	0	0	0
70.007378	-22.292078	0	0	0
70.073357	-22.208248	0	0	0
70.139114	-22.124233	0	0	0
70.20462	-22.040035	0	0	0
70.269897	-21.955656	0	0	0
70.334946	-21.871096	0	0	0
70.39975	-21.786354	0	0	0
70.46431	-21.701431	0	0	0
70.528656	-21.616329	0	0	0
70.592743	-21.531048	0	0	0
70.656609	-21.445591	0	0	0
70.720222	-21.359951	0	0	0
70.7836	-21.274139	0	0	0
70.846741	-21.188147	0	0	0
70.909637	-21.101982	0	0	0
70.972298	-21.015642	0	0	0
71.034714	-20.929127	0	0	0
71.096886	-20.842438	0	0	0
71.158821	-20.755575	0	0	0
71.220512	-20.668541	0	0	0
71.281967	-20.581337	0	0	0
71.343163	-20.493959	0	0	0
71.404137	-20.40641	0	0	0
71.464844	-20.318693	0	0	0
71.525322	-20.23081	0	0	0
71.585548	-20.142754	0	0	0
71.645523	-20.054533	0	0	0
71.705254	-19.966145	0	0	0
71.76474	-19.877588	0	0	0
71.823982	-19.78887	0	0	0
71.88298	-19.699984	0	0	0
71.941719	-19.610933	0	0	0
72.000206	-19.521723	0	0	0
72.058449	-19.432346	0	0	0
72.11644	-19.342808	0	0	0
72.174194	-19.253109	0	0	0
72.231689	-19.163248	0	0	0
72.288933	-19.073229	0	0	0
72.345917	-18.983051	0	0	0
72.402672	-18.892712	0	0	0
72.459152	-18.802217	0	0	0
72.515388	-18.711563	0	0	0
72.571373	-18.620754	0	0	0
72.627098	-18.529789	0	0	0
72.682571	-18.438667	0	0	0
72.737785	-18.347393	0	0	0
72.792755	-18.255964	0	0	0
72.847466	-18.164383	0	0	0
72.901917	-18.072649	0	0	0
72.956116	-17.980764	0	0	0
73.010048	-17.888729	0	0	0
73.063736	-17.796541	0	0	0
73.117157	-17.704206	0	0	0
73.170326	-17.611721	0	0	0
73.223228	-17.519087	0	0	0
73.275887	-17.426308	0	0	0
73.328262	-17.333382	0	0	0
73.380402	-17.240311	0	0	0
73.432266	-17.147093	0	0	0
73.483887	-17.053732	0	0	0
73.535225	-16.960224	0	0	0
73.586311	-16.866577	0	0	0
73.637138	-16.772785	0	0	0
73.687706	-16.678854	0	0	0
73.737999	-16.584782	0	0	0
73.788048	-16.490568	0	0	0
73.837814	-16.396217	0	0	0
73.887329	-16.301725	0	0	0
73.936577	-16.207096	0	0	0
73.985558	-16.112331	0	0	0
74.034271	-16.017429	0	0	0
74.082718	-15.922391	0	0	0
74.130913	-15.827218	0	0	0
74.178825	-15.731913	0	0	0
74.226479	-15.636471	0	0	0
74.273865	-15.540898	0	0	0
74.320992	-15.445194	0	0	0
74.367836	-15.34936	0	0	0
74.414421	-15.253391	0	0	0
74.460739	-15.157296	0	0	0
74.50679	-15.061071	0	0	0
74.552559	-14.964717	0	0	0
74.598068	-14.868236	0	0	0
74.643311	-14.771628	0	0	0
74.688271	-14.674895	0	0	0
74.732971	-14.578036	0	0	0
74.77739	-14.481054	0	0	0
74.821556	-14.383947	0	0	0
74.865433	-14.286717	0	0	0
74.909035	-14.189365	0	0	0
74.952385	-14.091893	0	0	0
74.995453	-13.994298	0	0	0
75.038239	-13.896585	0	0	0
75.080765	-13.798751	0	0	0
75.123009	-13.7008	0	0	0
75.164978	-13.602731	0	0	0
75.206673	-13.504545	0	0	0
75.248108	-13.406243	0	0	0
75.289246	-13.307826	0	0	0
75.330132	-13.209295	0	0	0
75.370712	-13.110649	0	0	0
75.411041	-13.011889	0	0	0
75.451088	-12.913019	0	0	0
75.49086	-12.814036	0	0	0
75.53035	-12.714943	0	0	0
75.569565	-12.615742	0	0	0
75.608498	-12.516427	0	0	0
75.647163	-12.417006	0	0	0
75.685532	-12.317479	0	0	0
75.72364	-12.217843	0	0	0
75.761459	-12.118103	0	0	0
75.799004	-12.018256	0	0	0
75.836266	-11.918305	0	0	0
75.873253	-11.818251	0	0	0
75.909958	-11.718093	0	0	0
75.946381	-11.617832	0	0	0
75.982521	-11.51747	0	0	0
76.018394	-11.417008	0	0	0
76.05397	-11.316447	0	0	0
76.089264	-11.215786	0	0	0
76.12429	-11.115027	0	0	0
76.159027	-11.014172	0	0	0
76.193481	-10.913217	0	0	0
76.227646	-10.812168	0	0	0
76.261536	-10.711023	0	0	0
76.295143	-10.609785	0	0	0
76.328468	-10.508451	0	0	0
76.361504	-10.407028	0	0	0
76.394257	-10.30551	0	0	0
76.426727	-10.203902	0	0	0
76.458916	-10.102204	0	0	0
76.490807	-10.000416	0	0	0
76.52243	-9.89854	0	0	0
76.553764	-9.796575	0	0	0
76.584808	-9.694523	0	0	0
76.615562	-9.592384	0	0	0
76.646049	-9.490161	0	0	0
76.676231	-9.387853	0	0	0
76.706131	-9.285458	0	0	0
76.735741	-9.182983	0	0	0
76.765068	-9.080423	0	0	0
76.794106	-8.977784	0	0	0
76.822861	-8.875064	0	0	0
76.851318	-8.772264	0	0	0
76.879501	-8.669382	0	0	0
76.907387	-8.566425	0	0	0
76.93499	-8.463389	0	0	0
76.962303	-8.360277	0	0	0
76.989326	-8.257087	0	0	0
77.01606	-8.153823	0	0	0
77.042503	-8.050486	0	0	0
77.068649	-7.947074	0	0	0
77.094521	-7.843589	0	0	0
77.120102	-7.740034	0	0	0
77.145393	-7.636406	0	0	0
77.17038	-7.532708	0	0	0
77.195084	-7.428942	0	0	0
77.219498	-7.325106	0	0	0
77.243622	-7.221201	0	0	0
77.267448	-7.11723	0	0	0
77.290985	-7.013194	0	0	0
77.31424	-6.90909	0	0	0
77.337196	-6.804924	0	0	0
77.359863	-6.700693	0	0	0
77.382233	-6.596399	0	0	0
77.404312	-6.492042	0	0	0
77.426102	-6.387626	0	0	0
77.447594	-6.283146	0	0	0
77.468803	-6.17861	0	0	0
77.489716	-6.074013	0	0	0
77.510323	-5.969359	0	0	0
77.530663	-5.864647	0	0	0
77.550682	-5.759878	0	0	0
77.570419	-5.655054	0	0	0
77.589867	-5.550174	0	0	0
77.609009	-5.445243	0	0	0
77.627869	-5.340256	0	0	0
77.646423	-5.235218	0	0	0
77.664703	-5.130127	0	0	0
77.682663	-5.024989	0	0	0
77.70034	-4.9198	0	0	0
77.717728	-4.814558	0	0	0
77.734818	-4.709272	0	0	0
77.751602	-4.603938	0	0	0
77.768097	-4.498557	0	0	0
77.784302	-4.393126	0	0	0
77.800201	-4.287656	0	0	0
77.815811	-4.182141	0	0	0
77.831123	-4.076583	0	0	0
77.846146	-3.970979	0	0	0
77.860863	-3.865335	0	0	0
77.87529	-3.759651	0	0	0
77.88942	-3.653926	0	0	0
77.903252	-3.548164	0	0	0
77.916794	-3.442361	0	0	0
77.930038	-3.336526	0	0	0
77.94297	-3.230649	0	0	0
77.95562	-3.124736	0	0	0
77.967972	-3.018794	0	0	0
77.980011	-2.91281	0	0	0
77.991783	-2.806798	0	0	0
78.003227	-2.700752	0	0	0
78.014381	-2.594676	0	0	0
78.025253	-2.488567	0	0	0
78.03582	-2.382429	0	0	0
78.046089	-2.276261	0	0	0
78.056053	-2.170064	0	0	0
78.065727	-2.063841	0	0	0
78.075104	-1.957592	0	0	0
78.084183	-1.851314	0	0	0
78.092957	-1.745014	0	0	0
78.101433	-1.638691	0	0	0
78.109612	-1.532343	0	0	0
78.1175	-1.425973	0	0	0
78.125076	-1.31958	0	0	0
78.132362	-1.21317	0	0	0
78.139351	-1.106736	0	0	0
78.146042	-1.000285	0	0	0
78.152428	-0.893816	0	0	0
78.158524	-0.787327	0	0	0
78.164307	-0.680825	0	0	0
78.169807	-0.574303	0	0	0
78.174995	-0.467767	0	0	0
78.179886	-0.36122	0	0	0
78.184494	-0.254659	0	0	0
78.188782	-0.148082	0	0	0
78.19278	-0.041499	0	0	0
78.196487	0.0651	0	0	0
78.199883	0.171705	0	0	0
78.202988	0.278318	0	0	0
78.20578	0.384942	0	0	0
78.208282	0.491573	0	0	0
78.210495	0.598212	0	0	0
78.212402	0.704854	0	0	0
78.213997	0.811503	0	0	0
78.215309	0.918153	0	0	0
78.216316	1.024809	0	0	0
78.217018	1.131466	0	0	0
78.21743	1.238126	0	0	0
78.217537	1.344782	0	0	0
78.217346	1.451442	0	0	0
78.21685	1.558102	0	0	0
78.216057	1.664758	0	0	0
78.214973	1.771411	0	0	0
78.213638	1.882803	0	0	0
78.21244	1.982796	0	0	0
78.21125	2.082789	0	0	0
78.21006	2.182782	0	0	0
78.20887	2.282775	0	0	0
78.207672	2.382768	0	0	0
78.206482	2.482761	0	0	0
78.205292	2.582754	0	0	0
78.204094	2.682747	0	0	0
78.202904	2.78274	0	0	0
78.201714	2.882733	0	0	0
78.200523	2.982727	0	0	0
78.199326	3.08272	0	0	0
78.198135	3.182713	0	0	0
78.196945	3.282706	0	0	0
78.195747	3.382699	0	0	0
78.194557	3.482692	0	0	0
78.193367	3.582685	0	0	0
78.192177	3.682678	0	0	0
78.190979	3.782671	0	0	0
78.189789	3.882664	0	0	0
78.188599	3.982657	0	0	0
78.187408	4.08265	0	0	0
78.186211	4.182643	0	0	0
78.18502	4.282636	0	0	0
78.18383	4.382629	0	0	0
78.18264	4.482623	0	0	0
78.181442	4.582615	0	0	0
78.180252	4.682609	0	0	0
78.179062	4.782602	0	0	0
78.177872	4.882594	0	0	0
78.176674	4.982588	0	0	0
78.175484	5.082581	0	0	0
78.174294	5.182573	0	0	0
78.173103	5.282567	0	0	0
78.171906	5.38256	0	0	0
78.170715	5.482553	0	0	0
78.169525	5.582546	0	0	0
78.168335	5.682539	0	0	0
78.167145	5.782532	0	0	0
78.165947	5.882525	0	0	0
78.164757	5.982518	0	0	0
78.163567	6.082511	0	0	0
78.162376	6.182504	0	0	0
78.161179	6.282497	0	0	0
78.159988	6.382491	0	0	0
78.158798	6.482483	0	0	0
78.157608	6.582476	0	0	0
78.156418	6.68247	0	0	0
78.15522	6.782463	0	0	0
78.15403	6.882455	0	0	0
78.15284	6.982449	0	0	0
78.151649	7.082442	0	0	0
78.150459	7.182435	0	0	0
78.149261	7.282428	0	0	0
78.148071	7.382421	0	0	0
78.146881	7.482414	0	0	0
78.145691	7.582407	0	0	0
78.144501	7.6824	0	0	0
78.143303	7.782393	0	0	0
78.142113	7.882386	0	0	0
78.140923	7.982379	0	0	0
78.139732	8.082373	0	0	0
78.138542	8.182365	0	0	0
78.137344	8.282358	0	0	0
78.136154	8.382352	0	0	0
78.134964	8.482344	0	0	0
78.133774	8.582337	0	0	0
78.132584	8.682331	0	0	0
78.131393	8.782324	0	0	0
78.130196	8.882317	0	0	0
78.129005	8.982309	0	0	0
78.127815	9.082303	0	0	0
78.126625	9.182296	0	0	0
78.125435	9.28229	0	0	0
78.124245	9.382282	0	0	0
78.123047	9.482275	0	0	0
78.121857	9.582269	0	0	0
78.120667	9.682261	0	0	0
78.119476	9.782254	0	0	0
78.118286	9.882247	0	0	0
78.117096	9.98224	0	0	0
78.115898	10.082233	0	0	0
78.114708	10.182227	0	0	0
78.113518	10.282219	0	0	0
78.112328	10.382212	0	0	0
78.111137	10.482205	0	0	0
78.109947	10.582198	0	0	0
78.108757	10.682192	0	0	0
78.107559	10.782185	0	0	0
78.106369	10.882177	0	0	0
78.105179	10.982171	0	0	0
78.103989	11.082164	0	0	0
78.102798	11.182157	0	0	0
78.101608	11.282149	0	0	0
78.100418	11.382143	0	0	0
78.09922	11.482136	0	0	0
78.09803	11.582129	0	0	0
78.09684	11.682122	0	0	0
78.09565	11.782115	0	0	0
78.09446	11.882107	0	0	0
78.093269	11.982101	0	0	0
78.092079	12.082094	0	0	0
78.090889	12.182088	0	0	0
78.089691	12.28208	0	0	0
78.088501	12.382072	0	0	0
78.087311	12.482066	0	0	0
78.086121	12.58206	0	0	0
78.08493	12.682053	0	0	0
78.08374	12.782045	0	0	0
78.08255	12.882038	0	0	0
78.08136	12.982031	0	0	0
78.08017	13.082025	0	0	0
78.078972	13.182018	0	0	0
78.077782	13.282011	0	0	0
78.076591	13.382003	0	0	0
78.075401	13.481997	0	0	0
78.074211	13.581989	0	0	0
78.073021	13.681983	0	0	0
78.071831	13.781977	0	0	0
78.070641	13.881968	0	0	0
78.06945	13.981962	0	0	0
78.068253	14.081955	0	0	0
78.067062	14.181948	0	0	0
78.065872	14.28194	0	0	0
78.064682	14.381934	0	0	0
78.063492	14.481927	0	0	0
78.062302	14.58192	0	0	0
78.061111	14.681913	0	0	0
78.059921	14.781906	0	0	0
78.058731	14.881899	0	0	0
78.057541	14.981893	0	0	0
78.056351	15.081885	0	0	0
78.055161	15.181878	0	0	0
78.053963	15.281872	0	0	0
78.052773	15.381865	0	0	0
78.051582	15.481856	0	0	0
78.050392	15.58185	0	0	0
78.049202	15.681844	0	0	0
78.048012	15.781837	0	0	0
78.046822	15.881829	0	0	0
78.045631	15.981822	0	0	0
78.044441	16.081816	0	0	0
78.043251	16.181808	0	0	0
78.042061	16.281801	0	0	0
78.040871	16.381794	0	0	0
78.03968	16.481789	0	0	0
78.03849	16.581781	0	0	0
78.037292	16.681774	0	0	0
78.036102	16.781769	0	0	0
78.034912	16.881762	0	0	0
78.033722	16.981752	0	0	0
78.032532	17.081745	0	0	0
78.031342	17.18174	0	0	0
78.030151	17.281733	0	0	0
78.028961	17.381725	0	0	0
78.027771	17.481718	0	0	0
78.026581	17.581711	0	0	0
78.025391	17.681704	0	0	0
78.0242	17.781696	0	0	0
78.02301	17.881693	0	0	0
78.02182	17.981686	0	0	0
78.02063	18.081676	0	0	0
78.01944	18.181669	0	0	0
78.01825	18.281662	0	0	0
78.017059	18.381655	0	0	0
78.015869	18.481647	0	0	0
78.014679	18.58164	0	0	0
78.013489	18.681635	0	0	0
78.012299	18.781628	0	0	0
78.011101	18.881622	0	0	0
78.009911	18.981615	0	0	0
78.00872	19.081608	0	0	0
78.00753	19.181601	0	0	0
78.00634	19.281595	0	0	0
78.00515	19.381588	0	0	0
78.00396	19.481579	0	0	0
78.002769	19.581572	0	0	0
78.001579	19.681564	0	0	0
78.000389	19.781557	0	0	0
77.999199	19.88155	0	0	0
77.998009	19.981543	0	0	0
77.996819	20.081537	0	0	0
77.995628	20.181532	0	0	0
77.994438	20.281525	0	0	0
77.993248	20.381517	0	0	0
77.992058	20.48151	0	0	0
77.990868	20.581503	0	0	0
77.989677	20.681494	0	0	0
77.988487	20.781487	0	0	0
77.987297	20.881481	0	0	0
77.986107	20.981474	0	0	0
77.984917	21.081467	0	0	0
77.983727	21.181459	0	0	0
77.982536	21.281454	0	0	0
77.981346	21.381447	0	0	0
77.980156	21.48144	0	0	0
77.978966	21.581432	0	0	0
77.977776	21.681425	0	0	0
77.976585	21.78142	0	0	0
77.975395	21.881413	0	0	0
77.974205	21.981405	0	0	0
77.973015	22.081396	0	0	0
77.971825	22.181389	0	0	0
77.970634	22.281382	0	0	0
77.969444	22.381376	0	0	0
77.968254	22.481371	0	0	0
77.967064	22.581364	0	0	0
77.965874	22.681356	0	0	0
77.964684	22.781349	0	0	0
77.963493	22.881342	0	0	0
77.962303	22.981335	0	0	0
77.961113	23.081327	0	0	0
77.959923	23.18132	0	0	0
77.958733	23.281313	0	0	0
77.957542	23.381306	0	0	0
77.956352	23.4813	0	0	0
77.955162	23.581293	0	0	0
77.953972	23.681286	0	0	0
77.952782	23.781279	0	0	0
77.951591	23.881271	0	0	0
77.950401	23.981264	0	0	0
77.949211	24.081257	0	0	0
77.948021	24.18125	0	0	0
77.946831	24.281242	0	0	0
77.945641	24.381235	0	0	0
77.94445	24.48123	0	0	0
77.94326	24.581223	0	0	0
77.94207	24.681217	0	0	0
77.94088	24.78121	0	0	0
77.93969	24.881203	0	0	0
77.938499	24.981195	0	0	0
77.937309	25.081188	0	0	0
77.936119	25.181179	0	0	0
77.934937	25.281174	0	0	0
77.933746	25.381166	0	0	0
77.932556	25.481159	0	0	0
77.931366	25.581152	0	0	0
77.930176	25.681145	0	0	0
77.928986	25.781139	0	0	0
77.927795	25.881132	0	0	0
77.926605	25.981125	0	0	0
77.925415	26.081118	0	0	0
77.924225	26.18111	0	0	0
77.923035	26.281103	0	0	0
77.921844	26.381098	0	0	0
77.920654	26.481091	0	0	0
77.919464	26.581083	0	0	0
77.918274	26.681076	0	0	0
77.917084	26.781069	0	0	0
77.915894	26.881062	0	0	0
77.914703	26.981054	0	0	0
77.913513	27.081047	0	0	0
77.912323	27.18104	0	0	0
77.911133	27.281033	0	0	0
77.909943	27.381027	0	0	0
77.908752	27.48102	0	0	0
77.907562	27.581013	0	0	0
77.90638	27.681005	0	0	0
77.90519	27.780998	0	0	0
77.903999	27.880991	0	0	0
77.902809	27.980984	0	0	0
77.901619	28.080978	0	0	0
77.900429	28.180971	0	0	0
77.899239	28.280964	0	0	0
77.898048	28.380957	0	0	0
77.896858	28.480949	0	0	0
77.895668	28.580944	0	0	0
77.894478	28.680937	0	0	0
77.893288	28.78093	0	0	0
77.892097	28.88092	0	0	0
77.890907	28.980913	0	0	0
77.889717	29.080906	0	0	0
77.888527	29.180901	0	0	0
77.887337	29.280893	0	0	0
77.886154	29.380886	0	0	0
77.884964	29.480879	0	0	0
77.883774	29.580872	0	0	0
77.882584	29.680866	0	0	0
77.881393	29.780859	0	0	0
77.880203	29.880852	0	0	0
77.879013	29.980844	0	0	0
77.877823	30.080837	0	0	0
77.876633	30.18083	0	0	0
77.875443	30.280825	0	0	0
77.874252	30.380817	0	0	0
77.873062	30.48081	0	0	0
77.871872	30.580803	0	0	0
77.870682	30.680796	0	0	0
77.869499	30.780788	0	0	0
77.868309	30.880781	0	0	0
77.867119	30.980774	0	0	0
77.865929	31.080767	0	0	0
77.864738	31.180759	0	0	0
77.863548	31.280752	0	0	0
77.862358	31.380747	0	0	0
77.861168	31.48074	0	0	0
77.859978	31.580732	0	0	0
77.858788	31.680725	0	0	0
77.857597	31.780718	0	0	0
77.856407	31.880711	0	0	0
77.855217	31.980703	0	0	0
77.854034	32.080696	0	0	0
77.852844	32.180687	0	0	0
77.851654	32.280682	0	0	0
77.850464	32.380672	0	0	0
77.849274	32.480667	0	0	0
77.848083	32.580662	0	0	0
77.846893	32.680653	0	0	0
77.845703	32.780647	0	0	0
77.844513	32.880638	0	0	0
77.843323	32.980633	0	0	0
77.842133	33.080624	0	0	0
77.840942	33.180618	0	0	0
77.83976	33.280609	0	0	0
77.83857	33.380608	0	0	0
77.837379	33.480598	0	0	0
77.836189	33.580593	0	0	0
77.834999	33.680588	0	0	0
77.833809	33.780579	0	0	0
77.832619	33.880573	0	0	0
77.831429	33.980564	0	0	0
77.830238	34.080559	0	0	0
77.829048	34.180553	0	0	0
77.827858	34.280544	0	0	0
77.826675	34.380539	0	0	0
77.825485	34.48053	0	0	0
77.824295	34.580524	0	0	0
77.823105	34.680515	0	0	0
77.821915	34.78051	0	0	0
77.820724	34.880501	0	0	0
77.819534	34.980495	0	0	0
77.818344	35.080486	0	0	0
77.817154	35.180481	0	0	0
77.815964	35.280476	0	0	0
77.814774	35.380463	0	0	0
77.813591	35.480457	0	0	0
77.812401	35.580448	0	0	0
77.811211	35.680443	0	0	0
77.81002	35.780434	0	0	0
77.80883	35.880428	0	0	0
77.80764	35.980419	0	0	0
77.80645	36.080414	0	0	0
77.80526	36.180405	0	0	0
77.80407	36.280399	0	0	0
77.802879	36.380394	0	0	0
77.801697	36.480385	0	0	0
77.800507	36.580379	0	0	0
77.799316	36.68037	0	0	0
77.798126	36.780365	0	0	0
77.796936	36.880356	0	0	0
77.795746	36.98035	0	0	0
77.794556	37.080341	0	0	0
77.793365	37.180336	0	0	0
77.792175	37.280327	0	0	0
77.790993	37.380322	0	0	0
77.789803	37.48032	0	0	0
77.788612	37.580311	0	0	0
77.787422	37.680305	0	0	0
77.786232	37.780296	0	0	0
77.785042	37.880291	0	0	0
77.783852	37.980282	0	0	0
77.782661	38.080276	0	0	0
77.781471	38.180267	0	0	0
77.780281	38.280262	0	0	0
77.779099	38.380253	0	0	0
77.777908	38.480247	0	0	0
77.776718	38.580242	0	0	0
77.775528	38.680233	0	0	0
77.774338	38.780228	0	0	0
77.773148	38.880219	0	0	0
77.771957	38.980213	0	0	0
77.770767	39.080204	0	0	0
77.769577	39.180199	0	0	0
77.768394	39.28019	0	0	0
77.767204	39.380184	0	0	0
77.766014	39.480175	0	0	0
77.764824	39.58017	0	0	0
77.763634	39.680164	0	0	0
77.762444	39.780155	0	0	0
77.761253	39.88015	0	0	0
77.760063	39.980141	0	0	0
77.758873	40.080135	0	0	0
77.75769	40.180126	0	0	0
77.7565	40.280121	0	0	0
77.75531	40.380112	0	0	0
77.75412	40.480106	0	0	0
77.75293	40.580097	0	0	0
77.75174	40.680092	0	0	0
77.750549	40.780087	0	0	0
77.749359	40.880077	0	0	0
77.748169	40.980072	0	0	0
77.746986	41.080063	0	0	0
77.745796	41.180058	0	0	0
77.744606	41.280048	0	0	0
77.743416	41.380043	0	0	0
77.742226	41.480034	0	0	0
77.741035	41.580029	0	0	0
77.739845	41.680019	0	0	0
77.738655	41.780014	0	0	0
77.737473	41.880009	0	0	0
77.736282	41.98	0	0	0
77.735092	42.079994	0	0	0
77.733902	42.179985	0	0	0
77.732712	42.27998	0	0	0
77.731522	42.379971	0	0	0
77.730331	42.479965	0	0	0
77.729141	42.579956	0	0	0
77.727951	42.679951	0	0	0
77.726768	42.779942	0	0	0
77.725578	42.879936	0	0	0
77.724388	42.979931	0	0	0
77.723198	43.079922	0	0	0
77.722008	43.179916	0	0	0
77.720818	43.279907	0	0	0
77.719627	43.379902	0	0	0
77.718437	43.479893	0	0	0
77.717247	43.579887	0	0	0
77.716064	43.679878	0	0	0
77.714874	43.779873	0	0	0
77.713684	43.879864	0	0	0
77.712494	43.979858	0	0	0
77.711304	44.079853	0	0	0
77.710114	44.179844	0	0	0
77.708923	44.279839	0	0	0
77.707733	44.379829	0	0	0
77.706551	44.479824	0	0	0
77.70536	44.579815	0	0	0
77.70417	44.67981	0	0	0
77.70298	44.7798	0	0	0
77.70179	44.879795	0	0	0
77.7006	44.979786	0	0	0
77.699409	45.079781	0	0	0
77.698219	45.179775	0	0	0
77.697029	45.279766	0	0	0
77.695847	45.379761	0	0	0
77.694656	45.479752	0	0	0
77.693466	45.579746	0	0	0
77.692276	45.679737	0	0	0
77.691086	45.779732	0	0	0
77.689896	45.879723	0	0	0
77.688705	45.979717	0	0	0
77.687515	46.079708	0	0	0
77.686333	46.179703	0	0	0
77.685143	46.279697	0	0	0
77.683952	46.379688	0	0	0
77.682762	46.479683	0	0	0
77.681572	46.579674	0	0	0
77.680382	46.679668	0	0	0
77.679192	46.779659	0	0	0
77.678001	46.879654	0	0	0
77.676811	46.979645	0	0	0
77.675629	47.079639	0	0	0
77.674438	47.17963	0	0	0
77.673248	47.279625	0	0	0
77.672058	47.37962	0	0	0
77.670868	47.47961	0	0	0
77.669678	47.579605	0	0	0
77.668488	47.679596	0	0	0
77.667297	47.779591	0	0	0
77.666115	47.879581	0	0	0
77.664925	47.979576	0	0	0
77.663734	48.079567	0	0	0
77.662544	48.179562	0	0	0
77.661354	48.279552	0	0	0
77.660164	48.379547	0	0	0
77.658974	48.479542	0	0	0
77.657784	48.579533	0	0	0
77.656593	48.679527	0	0	0
77.655411	48.779518	0	0	0
77.654221	48.879513	0	0	0
77.65303	48.979504	0	0	0
77.65184	49.079498	0	0	0
77.65065	49.179489	0	0	0
77.64946	49.279484	0	0	0
77.64827	49.379475	0	0	0
77.647079	49.479469	0	0	0
77.645889	49.579464	0	0	0
77.644707	49.679455	0	0	0
77.643517	49.779449	0	0	0
77.642326	49.87944	0	0	0
77.641136	49.979435	0	0	0
77.639946	50.079426	0	0	0
77.638756	50.17942	0	0	0
77.637566	50.279411	0	0	0
77.636375	50.379406	0	0	0
77.635185	50.479397	0	0	0
77.634003	50.579391	0	0	0
77.632812	50.679386	0	0	0
77.631622	50.779377	0	0	0
77.630432	50.879372	0	0	0
77.629242	50.979362	0	0	0
77.628052	51.079357	0	0	0
77.626862	51.179348	0	0	0
77.625671	51.279343	0	0	0
77.624481	51.379333	0	0	0
77.623299	51.479328	0	0	0
77.622108	51.579323	0	0	0
77.620918	51.679314	0	0	0
77.619728	51.779308	0	0	0
77.618538	51.879299	0	0	0
77.617348	51.97929	0	0	0
77.616158	52.079281	0	0	0
77.614967	52.179276	0	0	0
77.613777	52.279266	0	0	0
77.612587	52.379261	0	0	0
77.611404	52.479252	0	0	0
77.610214	52.579247	0	0	0
77.609024	52.679241	0	0	0
77.607834	52.779232	0	0	0
77.606644	52.879227	0	0	0
77.605453	52.979218	0	0	0
77.604263	53.079212	0	0	0
77.603073	53.179203	0	0	0
77.601883	53.279198	0	0	0
77.600693	53.379189	0	0	0
77.59951	53.479183	0	0	0
77.59832	53.579174	0	0	0
77.59713	53.679169	0	0	0
77.59594	53.779163	0	0	0
77.594749	53.879154	0	0	0
77.593559	53.979149	0	0	0
77.592369	54.079144	0	0	0
77.591179	54.179138	0	0	0
77.589989	54.279129	0	0	0
77.588799	54.379124	0	0	0
77.587616	54.479115	0	0	0
77.586426	54.579109	0	0	0
77.585236	54.6791	0	0	0
77.584045	54.779095	0	0	0
77.582855	54.879089	0	0	0
77.581665	54.97908	0	0	0
77.580475	55.079075	0	0	0
77.579285	55.179066	0	0	0
77.578094	55.27906	0	0	0
77.576904	55.379051	0	0	0
77.575722	55.479046	0	0	0
77.574532	55.579037	0	0	0
77.573341	55.679031	0	0	0
77.572151	55.779022	0	0	0
77.570961	55.879017	0	0	0
77.569771	55.979012	0	0	0
77.568581	56.078999	0	0	0
77.56739	56.178993	0	0	0
77.5662	56.278984	0	0	0
77.56501	56.378979	0	0	0
77.56382	56.47897	0	0	0
77.56263	56.578964	0	0	0
77.561447	56.678955	0	0	0
77.560257	56.77895	0	0	0
77.559067	56.878941	0	0	0
77.557877	56.978935	0	0	0
77.556686	57.07893	0	0	0
77.555496	57.178921	0	0	0
77.554306	57.278915	0	0	0
77.553116	57.378906	0	0	0
77.551926	57.478901	0	0	0
77.550735	57.578892	0	0	0
77.549545	57.678886	0	0	0
77.548355	57.778877	0	0	0
77.547173	57.878872	0	0	0
77.545982	57.978863	0	0	0
77.544792	58.078857	0	0	0
77.543602	58.178852	0	0	0
77.542412	58.278843	0	0	0
77.541222	58.378838	0	0	0
77.540031	58.478828	0	0	0
77.538841	58.578823	0	0	0
77.537651	58.678814	0	0	0
77.536461	58.778809	0	0	0
77.535271	58.878799	0	0	0
77.534081	58.97879	0	0	0
77.53289	59.078781	0	0	0
77.5317	59.178776	0	0	0
77.530518	59.278767	0	0	0
77.529327	59.378761	0	0	0
77.528137	59.47876	0	0	0
77.526947	59.578751	0	0	0
77.525757	59.678745	0	0	0
77.524567	59.778736	0	0	0
77.523376	59.878731	0	0	0
77.522186	59.978722	0	0	0
77.520996	60.078716	0	0	0
77.519806	60.178707	0	0	0
77.518616	60.278702	0	0	0
77.517426	60.378693	0	0	0
77.516235	60.478687	0	0	0
77.515045	60.578682	0	0	0
77.513855	60.678673	0	0	0
77.512672	60.778667	0	0	0
77.511482	60.878658	0	0	0
77.510292	60.978653	0	0	0
77.509102	61.078644	0	0	0
77.507912	61.178638	0	0	0
77.506721	61.278629	0	0	0
77.505531	61.378624	0	0	0
77.504341	61.478611	0	0	0
77.503151	61.578606	0	0	0
77.501961	61.6786	0	0	0
77.500771	61.778591	0	0	0
77.49958	61.878586	0	0	0
77.49839	61.978577	0	0	0
77.4972	62.078571	0	0	0
77.49601	62.178562	0	0	0
77.49482	62.278557	0	0	0
77.493629	62.378548	0	0	0
77.492439	62.478542	0	0	0
77.491249	62.578533	0	0	0
77.490059	62.678528	0	0	0
77.488876	62.778522	0	0	0
77.487686	62.878513	0	0	0
77.486496	62.978508	0	0	0
77.485306	63.078499	0	0	0
77.484116	63.178493	0	0	0
77.482925	63.278484	0	0	0
77.481735	63.378483	0	0	0
77.480545	63.478474	0	0	0
77.479355	63.578465	0	0	0
77.478165	63.678455	0	0	0
77.476974	63.77845	0	0	0
77.475784	63.878445	0	0	0
77.474594	63.978436	0	0	0
77.473404	64.07843	0	0	0
77.472214	64.178421	0	0	0
77.471024	64.278412	0	0	0
77.469833	64.378403	0	0	0
77.468643	64.478401	0	0	0
77.467453	64.578392	0	0	0
77.466263	64.678383	0	0	0
77.465073	64.778374	0	0	0
77.463882	64.878372	0	0	0
77.462692	64.978363	0	0	0
77.461502	65.078354	0	0	0
77.460312	65.178352	0	0	0
77.459122	65.278343	0	0	0
77.457932	65.378334	0	0	0
77.456741	65.478325	0	0	0
77.455551	65.578323	0	0	0
77.454361	65.678314	0	0	0
77.453171	65.778305	0	0	0
77.451981	65.878296	0	0	0
77.45079	65.978287	0	0	0
77.4496	66.078285	0	0	0
77.448418	66.178276	0	0	0
77.447227	66.278267	0	0	0
77.446037	66.378265	0	0	0
77.444847	66.478249	0	0	0
77.443657	66.578239	0	0	0
77.442467	66.67823	0	0	0
77.441277	66.778229	0	0	0
77.440086	66.87822	0	0	0
77.438896	66.97821	0	0	0
77.437706	67.078201	0	0	0
77.436516	67.1782	0	0	0
77.435326	67.278191	0	0	0
77.434135	67.378181	0	0	0
77.432945	67.47818	0	0	0
77.431755	67.578171	0	0	0
77.430565	67.678162	0	0	0
77.429375	67.778152	0	0	0
77.428185	67.878151	0	0	0
77.426994	67.978149	0	0	0
77.425804	68.07814	0	0	0
77.424614	68.178131	0	0	0
77.423424	68.27813	0	0	0
77.422234	68.37812	0	0	0
77.421043	68.478111	0	0	0
77.419853	68.57811	0	0	0
77.418663	68.678101	0	0	0
77.417465	68.778091	0	0	0
77.416275	68.878082	0	0	0
77.415085	68.978081	0	0	0
77.413895	69.078072	0	0	0
77.412704	69.178062	0	0	0
77.411514	69.278053	0	0	0
77.410324	69.378052	0	0	0
77.409134	69.478043	0	0	0
77.407944	69.578033	0	0	0
77.406754	69.678032	0	0	0
77.405563	69.778015	0	0	0
77.404373	69.878006	0	0	0
77.403183	69.977997	0	0	0
77.401993	70.077995	0	0	0
77.400803	70.177986	0	0	0
77.399612	70.277977	0	0	0
77.398422	70.377968	0	0	0
77.397232	70.477966	0	0	0
77.396042	70.577957	0	0	0
77.394852	70.677948	0	0	0
77.393661	70.777946	0	0	0
77.392471	70.877937	0	0	0
77.391281	70.977928	0	0	0
77.390091	71.077919	0	0	0
77.388901	71.177917	0	0	0
77.387711	71.277908	0	0	0
77.38652	71.377899	0	0	0
77.38533	71.47789	0	0	0
77.38414	71.577888	0	0	0
77.38295	71.677879	0	0	0
77.38176	71.77787	0	0	0
77.380562	71.877861	0	0	0
77.379372	71.977859	0	0	0
77.378181	72.07785	0	0	0
77.376991	72.177841	0	0	0
77.375801	72.27784	0	0	0
77.374611	72.377831	0	0	0
77.373421	72.477821	0	0	0
77.372231	72.577805	0	0	0
77.37104	72.677803	0	0	0
77.36985	72.777794	0	0	0
77.36866	72.877785	0	0	0
77.36747	72.977776	0	0	0
77.36628	73.077782	0	0	0
77.365089	73.177773	0	0	0
77.363899	73.277763	0	0	0
77.362709	73.377762	0	0	0
77.361519	73.477753	0	0	0
77.360321	73.577744	0	0	0
77.359131	73.677734	0	0	0
77.357941	73.777733	0	0	0
77.35675	73.877724	0	0	0
77.35556	73.977715	0	0	0
77.35437	74.077705	0	0	0
77.35318	74.177704	0	0	0
77.35199	74.277695	0	0	0
77.3508	74.377686	0	0	0
77.349609	74.477684	0	0	0
77.348419	74.577675	0	0	0
77.347229	74.677666	0	0	0
77.346039	74.777657	0	0	0
77.344841	74.877655	0	0	0
77.343651	74.977646	0	0	0
77.342461	75.077637	0	0	0
77.34127	75.17762	0	0	0
77.34008	75.277618	0	0	0
77.33889	75.377609	0	0	0
77.3377	75.4776	0	0	0
77.33651	75.577599	0	0	0
77.33532	75.677589	0	0	0
77.334129	75.77758	0	0	0
77.332932	75.877571	0	0	0
77.331741	75.97757	0	0	0
77.330551	76.07756	0	0	0
77.329361	76.177551	0	0	0
77.328171	76.277542	0	0	0
77.326981	76.377541	0	0	0
77.32579	76.477531	0	0	0
77.3246	76.577522	0	0	0
77.32341	76.677513	0	0	0
77.322212	76.777512	0	0	0
77.321022	76.877502	0	0	0
77.319832	76.977493	0	0	0
77.318642	77.077492	0	0	0
77.317451	77.177483	0	0	0
77.316261	77.277473	0	0	0
77.315071	77.377472	0	0	0
77.313881	77.47747	0	0	0
77.312691	77.577461	0	0	0
77.311493	77.677444	0	0	0
77.310303	77.777435	0	0	0
77.309113	77.877434	0	0	0
77.307922	77.977425	0	0	0
77.306732	78.077415	0	0	0
77.305542	78.177414	0	0	0
77.304352	78.277405	0	0	0
77.303154	78.377396	0	0	0
77.301964	78.477386	0	0	0
77.300774	78.577385	0	0	0
77.299583	78.677376	0	0	0
77.298393	78.777367	0	0	0
77.297203	78.877357	0	0	0
77.296013	78.977356	0	0	0
77.294815	79.077347	0	0	0
77.293625	79.177338	0	0	0
77.292435	79.277336	0	0	0
77.291245	79.377327	0	0	0
77.290054	79.477318	0	0	0
77.288864	79.577309	0	0	0
77.287666	79.677307	0	0	0
77.286476	79.777298	0	0	0
77.285286	79.877289	0	0	0
77.284096	79.977272	0	0	0
77.282906	80.077271	0	0	0
77.281715	80.177261	0	0	0
77.280525	80.277252	0	0	0
77.279327	80.377243	0	0	0
77.278137	80.477242	0	0	0
77.276947	80.577232	0	0	0
77.275757	80.677223	0	0	0
77.274567	80.777222	0	0	0
77.273369	80.877213	0	0	0
77.272179	80.977203	0	0	0
77.270988	81.077194	0	0	0
77.269798	81.1772	0	0	0
77.268608	81.277191	0	0	0
77.267418	81.377182	0	0	0
77.26622	81.477173	0	0	0
77.26503	81.577171	0	0	0
77.26384	81.677162	0	0	0
77.26265	81.777153	0	0	0
77.261459	81.877151	0	0	0
77.260262	81.977142	0	0	0
77.259071	82.077126	0	0	0
77.257881	82.177116	0	0	0
77.256691	82.277115	0	0	0
77.255501	82.377106	0	0	0
77.254303	82.477097	0	0	0
77.253113	82.577087	0	0	0
77.251923	82.677086	0	0	0
77.250732	82.777077	0	0	0
77.249542	82.877068	0	0	0
77.248344	82.977058	0	0	0
77.247154	83.077057	0	0	0
77.245964	83.177048	0	0	0
77.244774	83.277039	0	0	0
77.243576	83.377037	0	0	0
77.242386	83.477028	0	0	0
77.241196	83.577019	0	0	0
77.240005	83.67701	0	0	0
77.238815	83.777008	0	0	0
77.237617	83.876999	0	0	0
77.236427	83.976982	0	0	0
77.235237	84.076973	0	0	0
77.234047	84.176971	0	0	0
77.232849	84.276962	0	0	0
77.231659	84.376953	0	0	0
77.230469	84.476952	0	0	0
77.229279	84.576942	0	0	0
77.228081	84.676941	0	0	0
77.226891	84.776932	0	0	0
77.2257	84.87693	0	0	0
77.22451	84.976921	0	0	0
77.223312	85.076912	0	0	0
77.222122	85.176903	0	0	0
77.220932	85.276901	0	0	0
77.219742	85.376892	0	0	0
77.218544	85.476883	0	0	0
77.217354	85.576874	0	0	0
77.216164	85.676872	0	0	0
77.214973	85.776863	0	0	0
77.213776	85.876854	0	0	0
77.212585	85.976845	0	0	0
77.211395	86.076836	0	0	0
77.210205	86.176826	0	0	0
77.209007	86.276817	0	0	0
77.207817	86.376816	0	0	0
77.206627	86.476807	0	0	0
77.205429	86.576797	0	0	0
77.204239	86.676788	0	0	0
77.203049	86.776787	0	0	0
77.201859	86.876778	0	0	0
77.200661	86.976768	0	0	0
77.199471	87.076759	0	0	0
77.19828	87.176758	0	0	0
77.197083	87.276749	0	0	0
77.195892	87.37674	0	0	0
77.194702	87.476738	0	0	0
77.193512	87.576729	0	0	0
77.192314	87.67672	0	0	0
77.191124	87.776711	0	0	0
77.18808	87.876122	0	0	0
