-2.435	1.5355	1	1	-1.55253981792793
-2.43317380544188	1.43548133396526	1	1	-1.55013062110769
-2.43110665176451	1.33546735785389	1	1	-1.54772142428746
-2.42879855096612	1.23545865216965	1	1	-1.54531222746714
-2.42624951644344	1.13545579738572	1	1	-1.54290303064708
-2.42345956299167	1.03545937394134	1	1	-1.5404938338267
-2.4204287068043	0.935469962238377	1	1	-1.53808463700647
-2.41715696547312	0.83548814263804	1	1	-1.53567544018626
-2.41364435798806	0.735514495457455	1	1	-1.53326624336605
-2.40989090473709	0.635549600966295	1	1	-1.53085704654581
-2.4058966275061	0.535594039383489	1	1	-1.52844784972547
-2.40166154947877	0.435648390873737	1	1	-1.52603865290532
-2.39718569523647	0.335713235544224	1	1	-1.52362945608504
-2.39246909075806	0.235789153441226	1	1	-1.52122025926486
-2.38751176341979	0.135876724546752	1	1	-1.51881106244467
-2.38231374199511	0.0359765287751674	1	1	-1.51640186562434
-2.3768750566545	-0.0639108540301603	1	1	-1.5139926688041
-2.37119573896533	-0.163784844100237	1	1	-1.51158347198399
-2.36527582189166	-0.263644861743801	1	1	-1.50917427516358
-2.359115339794	-0.363490327350692	1	1	-1.50676507834335
-2.3527143284292	-0.463320661395211	1	1	-1.50435588152321
-2.34607282495019	-0.563135284439485	1	1	-1.50194668470296
-2.33919086790575	-0.662933617136833	1	1	-1.49953748788265
-2.33206849724031	-0.762715080235128	1	1	-1.49712829106251
-2.32470575429374	-0.862479094580157	1	1	-1.49471909424218
-2.31710268180105	-0.962225081118981	1	1	-1.492309897422
-2.30925932389221	-1.0619524609033	1	1	-1.48990070060178
-2.30117572609184	-1.16166065509282	1	1	-1.48749150378153
-2.29285193531897	-1.2613490849586	1	1	-1.48508230696119
-2.28428799988676	-1.36101717188639	1	1	-1.48267311014105
-2.27548396950225	-1.46066433738005	1	1	-1.48026391332085
-2.26643989526602	-1.56029000306486	1	1	-1.47785471650058
-2.25715582967192	-1.65989359069089	1	1	-1.47544551968023
-2.24763182660676	-1.75947452213636	1	1	-1.47303632286017
-2.23786794135004	-1.85903221941099	1	1	-1.47062712603988
-2.22786423057354	-1.95856610465934	1	1	-1.46821792921956
-2.21762075234106	-2.05807560016421	1	1	-1.46580873239937
-2.20713756610808	-2.15756012834994	1	1	-1.4633995355792
-2.19641473272139	-2.25701911178579	1	1	-1.46099033875889
-2.18545231441873	-2.3564519731893	1	1	-1.4585811419386
-2.17425037482846	-2.45585813542962	1	1	-1.45617194511844
-2.16280897896919	-2.55523702153086	1	1	-1.45376274829816
-2.15112819324936	-2.65458805467546	1	1	-1.45135355147793
-2.1392080854669	-2.75391065820752	1	1	-1.44894435465774
-2.12704872480882	-2.85320425563615	1	1	-1.44653515783743
-2.11465018185079	-2.95246827063884	1	1	-1.44412596101725
-2.10201252855678	-3.05170212706472	1	1	-1.441716764197
-2.08913583827858	-3.15090524893804	1	1	-1.43930756737684
-2.07602018575543	-3.25007706046139	1	1	-1.43689837055643
-2.06266564711352	-3.34921698601913	1	1	-1.43448917373633
-2.04907229986565	-3.44832445018067	1	1	-1.43207997691608
-2.03524022291067	-3.54739887770384	1	1	-1.42967078009574
-2.02116949653308	-3.64643969353822	1	1	-1.42726158327557
-2.00686020240258	-3.74544632282848	1	1	-1.42485238645526
-1.99231242357354	-3.84441819091772	1	1	-1.42244318963522
-1.97752624448459	-3.9433547233508	1	1	-1.42003399281484
-1.96250175095803	-4.04225534587767	1	1	-1.41762479599454
-1.94723903019943	-4.14111948445672	1	1	-1.41521559917445
-1.9317381707971	-4.2399465652581	1	1	-1.41280640235415
-1.91599926272152	-4.33873601466703	1	1	-1.4103972055339
-1.90002239732488	-4.43748725928719	1	1	-1.40798800871367
-1.88380766734053	-4.53619972594397	1	1	-1.40557881189341
-1.86735516688243	-4.63487284168787	1	1	-1.40316961507323
-1.85066499144463	-4.73350603379776	1	1	-1.40076041825293
-1.83373723790067	-4.83209872978429	1	1	-1.39835122143276
-1.81657200450309	-4.93065035739306	1	1	-1.39594202461244
-1.79916939088277	-5.02916034460814	1	1	-1.39353282779228
-1.78152949804844	-5.12762811965524	1	1	-1.39112363097198
-1.76365242838602	-5.22605311100508	1	1	-1.38871443415178
-1.74553828565808	-5.32443474737673	1	1	-1.38630523733151
-1.7271871750032	-5.42277245774089	1	1	-1.3838960405113
-1.70859920293539	-5.52106567132321	1	1	-1.38148684369116
-1.68977447734346	-5.6193138176076	1	1	-1.37907764687076
-1.67071310749035	-5.71751632633959	1	1	-1.37666845005054
-1.65141520401259	-5.81567262752956	1	1	-1.37425925323039
-1.63188087891959	-5.9137821514561	1	1	-1.37185005641008
-1.61211024559298	-6.01184432866932	1	1	-1.36944085958983
-1.592103418786	-6.10985858999413	1	1	-1.36703166276962
-1.57186051462281	-6.20782436653355	1	1	-1.36462246594951
-1.55138165059782	-6.30574108967203	1	1	-1.36221326912905
-1.53066694557496	-6.40360819107873	1	1	-1.35980407230892
-1.5097165197871	-6.50142510271084	1	1	-1.35739487548872
-1.48853049483526	-6.5991912568168	1	1	-1.35498567866844
-1.46710899368791	-6.69690608593975	1	1	-1.35257648184826
-1.44545214068031	-6.79456902292067	1	1	-1.35016728502801
-1.42356006151373	-6.89217950090176	1	1	-1.34775808820767
-1.40143288325475	-6.98973695332969	1	1	-1.3453488913875
-1.37907073433454	-7.08724081395891	1	1	-1.34293969456725
-1.35647374454807	-7.18469051685493	1	1	-1.34053049774703
-1.33364204505339	-7.2820854963976	1	1	-1.33812130092674
-1.31057576837085	-7.37942518728439	1	1	-1.33571210410663
-1.28727504838236	-7.4767090245337	1	1	-1.33330290728623
-1.26374002033055	-7.57393644348809	1	1	-1.33089371046602
-1.23997082081807	-7.67110687981761	1	1	-1.32848451364591
-1.21596758780675	-7.76821976952303	1	1	-1.32607531682556
-1.19173046061677	-7.86527454893913	1	1	-1.3236661200054
-1.16725957992592	-7.96227065473801	1	1	-1.32125692318516
-1.14255508776873	-8.05920752393228	1	1	-1.31884772636484
-1.11761712753566	-8.1560845938784	1	1	-1.31643852954464
-1.09244584397229	-8.25290130227992	1	1	-1.31402933272437
-1.06704138317844	-8.34965708719075	1	1	-1.31162013590423
-1.04140389260738	-8.44635138701835	1	1	-1.30921093908386
-1.01553352106488	-8.54298364052714	1	1	-1.30680174226373
-0.989430418708466	-8.63955328684161	1	1	-1.30439254544347
-0.96309473704644	-8.73605976544967	1	1	-1.30198334862316
-0.93652662893706	-8.83250251620586	1	1	-1.29957415180303
-0.90972624858766	-8.92888097933461	1	1	-1.29716495498275
-0.882693751553703	-9.02519459543349	1	1	-1.29475575816248
-0.855429294737931	-9.12144280547644	1	1	-1.29234656134226
-0.827933036389425	-9.21762505081707	1	1	-1.28993736452201
-0.800205136102697	-9.31374077319183	1	1	-1.28752816770181
-0.772245754816765	-9.4097894147233	1	1	-1.28511897088152
-0.744055054814204	-9.5057704179234	1	1	-1.2827097740613
-0.71563319972023	-9.60168322569665	1	1	-1.28030057724112
-0.686980354501728	-9.6975272813434	1	1	-1.27789138042081
-0.65809668546629	-9.79330202856303	1	1	-1.27548218360062
-0.628982360261283	-9.88900691145723	1	1	-1.27307298678035
-0.599637547872845	-9.98464137453315	1	1	-1.27066378996006
-0.570062418624914	-10.0802048627067	1	1	-1.26825459313994
-0.540257144178241	-10.1756968213058	1	1	-1.26584539631978
-0.510221897529384	-10.2711166960735	1	1	-1.2634361994993
-0.479956853009725	-10.3664639331711	1	1	-1.2610270026792
-0.449462186284428	-10.4617379791818	1	1	-1.258617805859
-0.418738074351452	-10.5569382811134	1	1	-1.25620860903861
-0.38778469554051	-10.6520642864017	1	1	-1.25379941221862
-0.356602229512006	-10.747115442914	1	1	-1.25139021539799
-0.325190857256054	-10.8420911989516	1	1	-1.24898101857818
-0.29355076109136	-10.936991003254	1	1	-1.2465718217577
-0.261682124664219	-11.031814305001	1	1	-1.2441626249376
-0.229585132947413	-11.1265605538168	1	1	-1.24175342811732
-0.197259972239138	-11.2212291997727	1	1	-1.23934423129684
-0.164706830161975	-11.3158196933903	1	1	-1.23693503447696
-0.131925895661709	-11.4103314856452	1	1	-1.23452583765643
-0.0989173590063288	-11.5047640279693	1	1	-1.23211664083633
-0.0656814117848441	-11.5991167722549	1	1	-1.22970744401633
-0.0322182469062327	-11.6933891708573	1	1	-1.22729824719564
0.00147194140173923	-11.787580676598	1	1	-1.22488905037565
0.0353889575935611	-11.8816907427683	1	1	-1.22247985355535
0.0695326048072005	-11.975718823132	1	1	-1.22007065673501
0.10390268486519	-12.0696643719288	1	1	-1.21766145991517
0.1384989982758	-12.1635268438776	1	1	-1.21525226309441
0.173321344234196	-12.2573056941791	1	1	-1.21284306627461
0.208369520623599	-12.3510003785199	1	1	-1.21043386945409
0.243643324016446	-12.4446103530746	1	1	-1.20802467263393
0.279142549675591	-12.5381350745098	1	1	-1.20561547581362
0.31486699155549	-12.6315739999868	1	1	-1.20320627899362
0.35081644230339	-12.724926587165	1	1	-1.20079708217307
0.386990693260543	-12.8181922942047	1	1	-1.19838788535339
0.423389534463382	-12.9113705797708	1	1	-1.19597868853265
0.460012754644815	-13.0044609030352	1	1	-1.19356949171251
0.496860141235359	-13.0974627236807	1	1	-1.19116029489205
0.533931480364444	-13.1903755019036	1	1	-1.1887510980724
0.571226556861617	-13.2831986984173	1	1	-1.1863419012515
0.608745154257804	-13.3759317744546	1	1	-1.18393270443156
0.646487054786576	-13.468574191772	1	1	-1.18152350761169
0.684452039385377	-13.5611254126519	1	1	-1.17911431079073
0.72263988769685	-13.6535848999058	1	1	-1.17670511397095
0.761050378070074	-13.7459521168782	1	1	-1.17429591715066
0.799683287561855	-13.8382265274487	1	1	-1.17188672033027
0.838538391938037	-13.9304075960357	1	1	-1.16947752351022
0.877615465674801	-14.0224947875995	1	1	-1.16706832668989
0.916914281959954	-14.1144875676451	1	1	-1.16465912986968
0.956434612694267	-14.2063854022256	1	1	-1.16224993304974
0.996176228492779	-14.2981877579452	1	1	-1.15984073622917
1.03613889868616	-14.3898941019621	1	1	-1.15743153940859
1.07632239132202	-14.4815039019919	1	1	-1.15502234258907
1.11672647316625	-14.5730166263108	1	1	-1.15261314576836
1.15735090970444	-14.664431743758	1	1	-1.15020394894812
1.19819546514313	-14.7557487237395	1	1	-1.14779475212831
1.23925990241128	-14.846967036231	1	1	-1.14538555530752
1.28054398316159	-14.9380861517805	1	1	-1.14297635848753
1.3220474677719	-15.0291055415122	1	1	-1.14056716166763
1.3637701153466	-15.120024677129	1	1	-1.13815796484682
1.40571168371798	-15.2108430309154	1	1	-1.13574876802681
1.44787192944768	-15.3015600757413	1	1	-1.13333957120676
1.49025060782808	-15.3921752850644	1	1	-1.13093037438619
1.53284747288374	-15.4826881329334	1	1	-1.12852117756598
1.5756622773728	-15.5730980939913	1	1	-1.12611198074615
1.61869477278844	-15.6634046434783	1	1	-1.12370278392531
1.66194470936031	-15.7536072572345	1	1	-1.12129358710546
1.70541183605597	-15.8437054117037	1	1	-1.1188843902855
1.74909590058238	-15.9336985839358	1	1	-1.11647519346487
1.79299664938734	-16.0235862515899	1	1	-1.11406599664459
1.83711382766096	-16.1133678929377	1	1	-1.1116567998244
1.88144717933713	-16.2030429868662	1	1	-1.10924760300429
1.92599644709505	-16.2926110128809	1	1	-1.10683840618389
1.97076137236067	-16.3820714511086	1	1	-1.10442920936372
2.01574169530822	-16.4714237823007	1	1	-1.10202001254367
2.06093715486174	-16.5606674878361	1	1	-1.09961081572331
2.10634748869652	-16.649802049724	1	1	-1.09720161890278
2.15197243324071	-16.7388269506072	1	1	-1.0947924220827
2.19781172367679	-16.8277416737651	1	1	-1.09238322526257
2.24386509394314	-16.9165457031165	1	1	-1.0899740284425
2.29013227673556	-17.0052385232227	1	1	-1.08756483162197
2.33661300350885	-17.0938196192904	1	1	-1.08515563480169
2.38330700447834	-17.1822884771749	1	1	-1.08274643798185
2.43021400862147	-17.270644583383	1	1	-1.08033724116126
2.47733374367937	-17.3588874250757	1	1	-1.07792804434099
2.52466593615841	-17.4470164900716	1	1	-1.07551884752122
2.57221031133185	-17.5350312668498	1	1	-1.07310965070029
2.61996659324134	-17.6229312445523	1	1	-1.0707004538806
2.66793450469861	-17.710715912988	1	1	-1.06829125706042
2.71611376728704	-17.7983847626347	1	1	-1.06588206023953
2.76450410136328	-17.8859372846424	1	1	-1.06347286341997
2.81310522605887	-17.9733729708367	1	1	-1.06106366659919
2.86191685928186	-18.0606913137208	1	1	-1.05865446977953
2.91093871771848	-18.1478918064795	1	1	-1.05624527295877
2.96017051683478	-18.2349739429812	1	1	-1.05383607613897
3.00961197087822	-18.3219372177816	1	1	-1.05142687931825
3.05926279287942	-18.408781126126	1	1	-1.04901768249826
3.10912269465374	-18.4955051639528	1	1	-1.0466084856784
3.15919138680304	-18.5821088278961	1	1	-1.04419928885751
3.20946857871728	-18.6685916152884	1	1	-1.04179009203758
3.25995397857625	-18.7549530241642	1	1	-1.03938089521755
3.31064729335125	-18.8411925532623	1	1	-1.03697169839674
3.36154822880681	-18.9273097020288	1	1	-1.0345625015773
3.41265648950235	-19.0133039706205	1	1	-1.03215330475615
3.46397177879398	-19.0991748599069	1	1	-1.0297441079368
3.5154937988361	-19.1849218714742	1	1	-1.02733491111612
3.56722225058326	-19.2705445076271	1	1	-1.02492571429578
3.61915683379181	-19.3560422713925	1	1	-1.02251651747544
3.67129724702166	-19.441414666522	1	1	-1.02010732065529
3.72364318763803	-19.5266611974949	1	1	-1.01769812383532
3.77619435181325	-19.6117813695211	1	1	-1.01528892701477
3.82895043452844	-19.6967746885437	1	1	-1.01287973019518
3.88191112957534	-19.7816406612424	1	1	-1.01047053337419
3.93507612955808	-19.8663787950356	1	1	-1.00806133655416
3.98844512589498	-19.9509885980842	1	1	-1.00565213973407
4.04201780882028	-20.0354695792937	1	1	-1.00324294291368
4.095793867386	-20.1198212483173	1	1	-1.00083374609382
4.14977298946371	-20.2040431155589	1	1	-0.998424549273392
4.20395486174636	-20.2881346921756	1	1	-0.996015352452736
4.25833916975009	-20.3720954900808	1	1	-0.993606155633093
4.31292559781606	-20.4559250219472	1	1	-0.991196958812284
4.36771382911228	-20.539622801209	1	1	-0.988787761992455
4.42270354563544	-20.6231883420655	1	1	-0.986378565172299
4.47789442821276	-20.7066211594833	1	1	-0.983969368351788
4.53328615650388	-20.7899207691994	1	1	-0.981560171531461
4.58887840900264	-20.873086687724	1	1	-0.979150974711251
4.64467086303902	-20.9561184323433	1	1	-0.976741777891272
4.70066319478099	-21.0390155211223	1	1	-0.974332581070653
4.75685507923637	-21.1217774729074	1	1	-0.971923384250706
4.81324619025473	-21.2044038073296	1	1	-0.969514187430496
4.86983620052929	-21.2868940448069	1	1	-0.967104990610556
4.9266247815988	-21.3692477065473	1	1	-0.964695793789873
4.9836116038495	-21.4514643145514	1	1	-0.962286596969433
5.04079633651694	-21.5335433916154	1	1	-0.959877400149824
5.09817864768799	-21.6154844613339	1	1	-0.957468203329306
5.15575820430271	-21.6972870481022	1	1	-0.955059006508941
5.21353467215632	-21.7789506771196	1	1	-0.952649809688632
5.27150771590111	-21.8604748743919	1	1	-0.950240612868356
5.3296769990484	-21.9418591667342	1	1	-0.94783141604836
5.38804218397051	-22.0231030817737	1	1	-0.945422219227997
5.44660293190265	-22.1042061479522	1	1	-0.943013022407638
5.50535890294502	-22.1851678945292	1	1	-0.940603825587661
5.56430975606462	-22.2659878515844	1	1	-0.938194628767743
5.62345514909737	-22.3466655500205	1	1	-0.935785431946917
5.68279473875	-22.4272005215657	1	1	-0.933376235126854
5.74232818060208	-22.5075922987769	1	1	-0.930967038306471
5.80205512910806	-22.587840415042	1	1	-0.928557841486708
5.86197523759916	-22.6679444045828	1	1	-0.926148644666039
5.92208815828553	-22.7479038024575	1	1	-0.92373944784584
5.98239354225815	-22.8277181445637	1	1	-0.921330251025753
6.04289103949091	-22.9073869676409	1	1	-0.918921054205604
6.10358029884264	-22.9869098092732	1	1	-0.916511857384839
6.16446096805912	-23.0662862078919	1	1	-0.914102660565171
6.22553269377517	-23.1455157027786	1	1	-0.911693463744579
6.28679512151665	-23.2245978340672	1	1	-0.90928426692455
6.34824789570256	-23.3035321427472	1	1	-0.906875070104548
6.40989065964708	-23.382318170666	1	1	-0.904465873283781
6.47172305556163	-23.4609554605315	1	1	-0.902056676463688
6.533744724557	-23.5394435559152	1	1	-0.899647479643738
6.59595530664535	-23.6177820012544	1	1	-0.897238282823383
6.6583544407424	-23.695970341855	1	1	-0.894829086002864
6.72094176466942	-23.7740081238941	1	1	-0.892419889182758
6.7837169151554	-23.8518948944228	1	1	-0.890010692362861
6.84667952783917	-23.9296302013687	1	1	-0.887601495541982
6.90982923727145	-24.0072135935383	1	1	-0.88519229872227
6.97316567691702	-24.0846446206202	1	1	-0.882783101901959
7.03668847915685	-24.1619228331871	1	1	-0.88037390508142
7.1003972752902	-24.2390477826987	1	1	-0.877964708261267
7.16429169553679	-24.3160190215044	1	1	-0.875555511441306
7.22837136903892	-24.3928361028457	1	1	-0.873146314620879
7.29263592386366	-24.4694985808588	1	1	-0.870737117801039
7.35708498700497	-24.5460060105774	1	1	-0.86832792098018
7.4217181843859	-24.6223579479349	1	1	-0.865918724160217
7.48653514086073	-24.6985539497675	1	1	-0.863509527340076
7.55153548021715	-24.7745935738163	1	1	-0.861100330519763
7.61671882517849	-24.8504763787301	1	1	-0.858691133699531
7.68208479740583	-24.9262019240679	1	1	-0.85628193687935
7.74763301750027	-25.0017697703015	1	1	-0.853872740059169
7.81336310500509	-25.077179478818	1	1	-0.851463543238467
7.87927467840798	-25.1524306119223	1	1	-0.84905434641867
7.94536735514323	-25.2275227328399	1	1	-0.846645149598629
8.01164075159398	-25.3024554057191	1	1	-0.844235952777875
8.07809448309444	-25.3772281956336	1	1	-0.841826755957417
8.14472816393207	-25.4518406685852	1	1	-0.839417559137623
8.21154140734989	-25.5262923915063	1	1	-0.837008362317345
8.27853382554873	-25.6005829322622	1	1	-0.83459916549733
8.34570502968941	-25.6747118596538	1	1	-0.83218996867727
8.41305462989504	-25.74867874342	1	1	-0.829780771856199
8.48058223525328	-25.8224831542401	1	1	-0.827371575036484
8.54828745381863	-25.8961246637368	1	1	-0.824962378216169
8.61616989261466	-25.969602844478	1	1	-0.822553181395924
8.68422915763631	-26.0429172699797	1	1	-0.820143984575835
8.7524648538522	-26.1160675147084	1	1	-0.817734787755733
8.82087658520688	-26.1890531540835	1	1	-0.815325590934778
8.88946395462318	-26.2618737644797	1	1	-0.812916394115315
8.95822656400447	-26.3345289232299	1	1	-0.810507197294596
9.02716401423697	-26.4070182086269	1	1	-0.808098000474596
9.09627590519213	-26.4793411999266	1	1	-0.805688803654147
9.16556183572887	-26.5514974773499	1	1	-0.803279606834278
9.23502140369595	-26.6234866220855	1	1	-0.80087041001366
9.30465420593431	-26.695308216292	1	1	-0.798461213193768
9.3744598382794	-26.7669618431007	1	1	-0.796052016373118
9.4444378955635	-26.8384470866176	1	1	-0.793642819553455
9.51458797161812	-26.9097635319263	1	1	-0.791233622732204
9.58490965927636	-26.9809107650898	1	1	-0.788824425913077
9.65540255037517	-27.0518883731537	1	1	-0.786415229092492
9.72606623575786	-27.1226959441477	1	1	-0.78400603227175
9.7969003052764	-27.1933330670886	1	1	-0.781596835452218
9.8679043477938	-27.2637993319827	1	1	-0.779187638631634
9.93907795118652	-27.3340943298277	1	1	-0.776778441811323
10.0104207023468	-27.4042176526155	1	1	-0.774369244990996
10.0819321871853	-27.4741688933346	1	1	-0.771960048171457
10.1536119906329	-27.543947645972	1	1	-0.769550851350316
10.2254596966441	-27.6135535055161	1	1	-0.767141654530656
10.2974748881983	-27.6829860679587	1	1	-0.764732457709847
10.3696571473031	-27.7522449302974	1	1	-0.762323260890046
10.4420060549963	-27.8213296905382	1	1	-0.759914064069915
10.5145211913485	-27.8902399476975	1	1	-0.757504867249529
10.5872021354654	-27.9589753018045	1	1	-0.7550956704291
10.6600484654903	-28.0275353539036	1	1	-0.752686473609249
10.7330597586066	-28.0959197060568	1	1	-0.75027727678857
10.8062355910403	-28.1641279613458	1	1	-0.747868079968977
10.8795755380622	-28.2321597238745	1	1	-0.745458883147965
10.9530791739907	-28.300014598771	1	1	-0.743049686328454
11.026746072194	-28.3676921921904	1	1	-0.740640489507627
11.1005758050928	-28.4351921113165	1	1	-0.738231292687697
11.1745679441625	-28.5025139643645	1	1	-0.735822095867414
11.248722059936	-28.5696573605831	1	1	-0.733412899047123
11.3230377220061	-28.6366219102569	1	1	-0.731003702226751
11.3975144990279	-28.7034072247085	1	1	-0.728594505406999
11.4721519587211	-28.7700129163007	1	1	-0.726185308586557
11.5469496678731	-28.836438598439	1	1	-0.723776111765918
11.6219071923411	-28.9026838855737	1	1	-0.721366914945931
11.6970240970546	-28.9687483932022	1	1	-0.7189577181255
11.7722999460181	-29.0346317378711	1	1	-0.716548521306333
11.8477343023134	-29.1003335371786	1	1	-0.714139324484573
11.9233267281026	-29.1658534097764	1	1	-0.711730127665074
11.99907678463	-29.2311909753725	1	1	-0.70932093084452
12.0749840322252	-29.2963458547328	1	1	-0.706911734024799
12.1510480303053	-29.3613176696837	1	1	-0.704502537203978
12.2272683373776	-29.4261060431139	1	1	-0.702093340384424
12.3036445110422	-29.4907105989772	1	1	-0.699684143563928
12.3801761079945	-29.555130962294	1	1	-0.697274946743668
12.4568626840277	-29.6193667591539	1	1	-0.6948657499226
12.5337037940357	-29.6834176167178	1	1	-0.692456553104127
12.6106989920151	-29.7472831632202	1	1	-0.690047356282292
12.6878478310685	-29.8109630279707	1	1	-0.68763815946348
12.7651498634064	-29.8744568413572	1	1	-0.685228962641591
12.8426046403505	-29.937764234847	1	1	-0.682819765821769
12.9202117123356	-30.0008848409898	1	1	-0.680410569002309
12.9979706289126	-30.0638182934193	1	1	-0.678001372181982
13.0758809387513	-30.1265642268555	1	1	-0.675592175361652
13.1539421896425	-30.1891222771067	1	1	-0.673182978540713
13.2321539285011	-30.2514920810718	1	1	-0.670773781720706
13.3105157013684	-30.3136732767424	1	1	-0.668364584901157
13.3890270534149	-30.3756655032048	1	1	-0.66595538808056
13.467687528943	-30.437468400642	1	1	-0.663546191259799
13.5464966713894	-30.4990816103359	1	1	-0.661136994440752
13.625454023328	-30.5605047746697	1	1	-0.658727797618855
13.7045591264726	-30.6217375371292	1	1	-0.656318600800294
13.783811521679	-30.6827795423058	1	1	-0.653909403979458
13.8632107489485	-30.7436304358977	1	1	-0.651500207159146
13.94275634743	-30.8042898647126	1	1	-0.649091010338115
14.0224478554229	-30.8647574766694	1	1	-0.646681813519465
14.1022848103794	-30.9250329208005	1	1	-0.64427261669781
14.182266748908	-30.9851158472534	1	1	-0.641863419878373
14.2623932067752	-31.0450059072933	1	1	-0.639454223058033
14.342663718909	-31.1047027533047	1	1	-0.637045026236819
14.4230778194012	-31.1642060387935	1	1	-0.634635829417708
14.50363504151	-31.2235154183893	1	1	-0.632226632597327
14.5843349176632	-31.282630547847	1	1	-0.629817435777036
14.6651769794603	-31.3415510840489	1	1	-0.627408238956249
14.7461607576758	-31.4002766850069	1	1	-0.624999042136764
14.8272857822614	-31.4588070098644	1	1	-0.62258984531609
14.9085515823491	-31.517141718898	1	1	-0.620180648495884
14.9899576862538	-31.5752804735199	1	1	-0.617771451676119
15.0715036214761	-31.6332229362797	1	1	-0.615362254855234
15.1531889147048	-31.690968770866	1	1	-0.612953058035743
15.23501309182	-31.7485176421091	1	1	-0.610543861214185
15.3169756778957	-31.8058692159821	1	1	-0.608134664394946
15.3990761972024	-31.8630231596037	1	1	-0.605725467575099
15.4813141732101	-31.9199791412394	1	1	-0.603316270753816
15.5636891285911	-31.9767368303037	1	1	-0.60090707393434
15.6462005852223	-32.0332958973622	1	1	-0.598497877113807
15.7288480641886	-32.0896560141332	1	1	-0.596088680293559
15.8116310857854	-32.1458168534899	1	1	-0.593679483473838
15.8945491695211	-32.201778089462	1	1	-0.591270286653124
15.9776018341205	-32.2575393972378	1	1	-0.588861089833155
16.0607885975271	-32.3131004531661	1	1	-0.586451893012639
16.1441089769061	-32.3684609347579	1	1	-0.584042696192248
16.2275624886471	-32.4236205206884	1	1	-0.581633499371514
16.3111486483671	-32.4785788907989	1	1	-0.579224302552199
16.3948669709129	-32.5333357260986	1	1	-0.576815105731533
16.4787169703646	-32.5878907087664	1	1	-0.574405908912081
16.5626981600377	-32.6422435221529	1	1	-0.571996712091029
16.6468100524864	-32.6963938507819	1	1	-0.56958751527074
16.7310521595062	-32.7503413803527	1	1	-0.567178318450719
16.8154239921369	-32.8040857977417	1	1	-0.56476912163061
16.8999250606651	-32.857626791004	1	1	-0.562359924810957
16.9845548746276	-32.9109640493757	1	1	-0.559950727989877
17.0693129428138	-32.9640972632751	1	1	-0.557541531169177
17.1541987732686	-33.017026124305	1	1	-0.555132334349827
17.2392118732955	-33.0697503252545	1	1	-0.552723137529234
17.3243517494591	-33.1222695601002	1	1	-0.550313940708909
17.4096179075883	-33.1745835240086	1	1	-0.547904743888958
17.4950098527791	-33.2266919133377	1	1	-0.545495547068527
17.5805270893972	-33.2785944256385	1	1	-0.543086350248458
17.6661691210812	-33.3302907596571	1	1	-0.540677153428311
17.7519354507454	-33.3817806153363	1	1	-0.538267956608192
17.8378255805826	-33.4330636938173	1	1	-0.535858759787215
17.923839012067	-33.4841396974414	1	1	-0.533449562967485
18.0099752459571	-33.535008329752	1	1	-0.531040366147679
18.0962337822988	-33.5856692954961	1	1	-0.528631169326389
18.182614120428	-33.6361223006258	1	1	-0.526221972506841
18.2691157589736	-33.6863670523006	1	1	-0.523812775686688
18.3557381958605	-33.7364032588885	1	1	-0.521403578865996
18.4424809283125	-33.786230629968	1	1	-0.518994382045832
18.5293434528551	-33.8358488763298	1	1	-0.516585185226306
18.6163252653185	-33.8852577099784	1	1	-0.514175988405363
18.7034258608406	-33.9344568441336	1	1	-0.511766791585462
18.7906447338698	-33.9834459932326	1	1	-0.509357594764429
18.8779813781681	-34.0322248729312	1	1	-0.506948397945462
18.9654352868137	-34.0807932001059	1	1	-0.504539201124552
19.0530059522043	-34.1291506928549	1	1	-0.502130004304501
19.14069286606	-34.1772970705005	1	1	-0.499720807484206
19.2284955194261	-34.2252320535902	1	1	-0.497311610663155
19.3164134026761	-34.2729553638984	1	1	-0.494902413844313
19.4044460055146	-34.3204667244284	1	1	-0.492493217022887
19.4925928169806	-34.3677658594133	1	1	-0.490084020203367
19.5808533254498	-34.4148524943183	1	1	-0.487674823382456
19.6692270186385	-34.4617263558419	1	1	-0.485265626563011
19.7577133836055	-34.5083871719176	1	1	-0.482856429742025
19.8463119067561	-34.5548346717154	1	1	-0.480447232922556
19.9350220738443	-34.6010685856436	1	1	-0.478038036102201
20.0238433699762	-34.64708864535	1	1	-0.475628839281269
20.1127752796129	-34.6928945837237	1	1	-0.473219642461511
20.2018172865735	-34.7384861348968	1	1	-0.470810445641195
20.2909688740379	-34.7838630342455	1	1	-0.468401248821436
20.3802295245502	-34.8290250183921	1	1	-0.465992052000819
20.4695987200213	-34.8739718252061	1	1	-0.463582855180522
20.5590759417322	-34.9187031938061	1	1	-0.461173658360225
20.6486606703368	-34.9632188645611	1	1	-0.458764461540087
20.7383523858651	-35.0075185790921	1	1	-0.456355264719994
20.828150567726	-35.0516020802735	1	1	-0.453946067898943
20.9180546947106	-35.0954691122346	1	1	-0.451536871080302
21.0080642449948	-35.1391194203614	1	1	-0.449127674258685
21.098178696143	-35.1825527512974	1	1	-0.446718477438411
21.1883975251104	-35.2257688529458	1	1	-0.444309280618921
21.2787202082464	-35.2687674744706	1	1	-0.441900083798804
21.3691462212979	-35.3115483662981	1	1	-0.439490886977385
21.4596750394117	-35.3541112801181	1	1	-0.437081690158782
21.550306137138	-35.3964559688861	1	1	-0.434672493337483
21.6410389884335	-35.4385821868237	1	1	-0.432263296516623
21.7318730666641	-35.4804896894208	1	1	-0.429854099698133
21.8228078446082	-35.522178233437	1	1	-0.427444902877056
21.9138427944598	-35.5636475769023	1	1	-0.425035706056439
22.0049773878315	-35.6048974791193	1	1	-0.422626509236697
22.0962110957574	-35.6459277006643	1	1	-0.420217312416435
22.1875433886963	-35.6867380033885	1	1	-0.417808115595771
22.2789737365351	-35.7273281504197	1	1	-0.415398918775646
22.3705016085912	-35.7676979061635	1	1	-0.412989721955713
22.4621264736161	-35.8078470363047	1	1	-0.410580525134858
22.5538477997984	-35.8477753078086	1	1	-0.408171328315557
22.6456650547667	-35.8874824889226	1	1	-0.40576213149479
22.7375777055929	-35.9269683491771	1	1	-0.403352934674079
22.8295852187951	-35.9662326593872	1	1	-0.400943737854511
22.9216870603409	-36.0052751916541	1	1	-0.39853454103429
23.0138826956503	-36.044095719366	1	1	-0.396125344214189
23.106171589599	-36.0826940171998	1	1	-0.393716147393065
23.1985532065213	-36.1210698611221	1	1	-0.391306950573475
23.2910270102134	-36.159223028391	1	1	-0.388897753753372
23.3835924639364	-36.1971532975568	1	1	-0.386488556932979
23.4762490304194	-36.2348604484636	1	1	-0.384079360113099
23.5689961718627	-36.2723442622506	1	1	-0.381670163292311
23.661833349941	-36.3096045213532	1	1	-0.379260966472573
23.7547600258062	-36.3466410095045	1	1	-0.376851769651665
23.8477756600908	-36.3834535117362	1	1	-0.374442572831338
23.9408797129111	-36.4200418143803	1	1	-0.372033376011677
24.0340716438699	-36.45640570507	1	1	-0.36962417919193
24.1273509120603	-36.4925449727411	1	1	-0.367214982370582
24.2207169760682	-36.5284594076329	1	1	-0.364805785550952
24.3141692939759	-36.5641488012901	1	1	-0.362396588729941
24.4077073233649	-36.5996129465632	1	1	-0.359987391911171
24.5013305213193	-36.6348516376105	1	1	-0.357578195089731
24.5950383444289	-36.6698646698984	1	1	-0.355168998270184
24.6888302487922	-36.7046518402035	1	1	-0.352759801449605
24.7827056900198	-36.7392129466131	1	1	-0.350350604628873
24.8766641232374	-36.7735477885267	1	1	-0.347941407809399
24.9707050030889	-36.8076561666572	1	1	-0.345532210988467
25.0648277837397	-36.8415378830317	1	1	-0.343123014168719
25.15903191888	-36.8751927409932	1	1	-0.340713817348681
25.2533168617275	-36.9086205452012	1	1	-0.338304620527575
25.3476820650312	-36.9418211016331	1	1	-0.335895423708449
25.4421269810739	-36.9747942175855	1	1	-0.333486226888241
25.5366510616761	-37.0075397016749	1	1	-0.331077030067398
25.6312537581985	-37.040057363839	1	1	-0.328667833247197
25.7259345215457	-37.072347015338	1	1	-0.326258636426374
25.8206928021691	-37.1044084687554	1	1	-0.323849439607189
25.9155280500701	-37.1362415379994	1	1	-0.321440242786619
26.0104397148034	-37.1678460383035	1	1	-0.31903104596619
26.1054272454804	-37.1992217862281	1	1	-0.316621849145713
26.2004900907718	-37.2303685996612	1	1	-0.314212652325961
26.2956276989113	-37.2612862978197	1	1	-0.31180345550587
26.3908395176988	-37.2919747012503	1	1	-0.309394258684892
26.4861249945032	-37.3224336318304	1	1	-0.306985061864818
26.5814835762661	-37.3526629127696	1	1	-0.304575865045824
26.6769147095046	-37.3826623686104	1	1	-0.302166668224159
26.7724178403149	-37.4124318252289	1	1	-0.299757471404001
26.8679924143752	-37.4419711098366	1	1	-0.297348274584195
26.9636378769489	-37.4712800509808	1	1	-0.294939077764603
27.0593536728881	-37.5003584785458	1	1	-0.292529880943725
27.1551392466367	-37.5292062237537	1	1	-0.290120684123127
27.2509940422336	-37.5578231191657	1	1	-0.287711487303377
27.3469175033157	-37.5862089986829	1	1	-0.285302290482398
27.4429090731215	-37.6143636975471	1	1	-0.282893093663209
27.5389681944944	-37.6422870523423	1	1	-0.280483896841818
27.6350943098852	-37.6699789009947	1	1	-0.278074700023147
27.7312868613564	-37.6974390827749	1	1	-0.275665503201221
27.8275452905845	-37.7246674382974	1	1	-0.273256306382199
27.9238690388639	-37.751663809523	1	1	-0.27084710956122
28.0202575471096	-37.7784280397584	1	1	-0.268437912741352
28.116710255861	-37.8049599736581	1	1	-0.266028715921404
28.2132266052846	-37.8312594572247	1	1	-0.263619519100744
28.3098060351778	-37.85732633781	1	1	-0.261210322280346
28.4064479849715	-37.8831604641159	1	1	-0.258801125460369
28.5031518937342	-37.9087616861954	1	1	-0.256391928640038
28.5999172001743	-37.9341298554531	1	1	-0.253982731820696
28.696743342644	-37.9592648246465	1	1	-0.251573534999268
28.7936297591427	-37.9841664478864	1	1	-0.249164338178948
28.8905758873195	-38.0088345806382	1	1	-0.246755141358963
28.9875811644771	-38.0332690797225	1	1	-0.24434594453938
29.084645027575	-38.057469803316	1	1	-0.241936747718746
29.1817669132325	-38.0814366109521	1	1	-0.239527550897872
29.2789462577322	-38.105169363522	1	1	-0.23711835407885
29.3761824970231	-38.1286679232756	1	1	-0.234709157257371
29.4734750667241	-38.1519321538217	1	1	-0.232299960438467
29.5708234021271	-38.1749619201297	1	1	-0.229890763617476
29.6682269382003	-38.1977570885294	1	1	-0.227481566796617
29.7656851095915	-38.2203175267125	1	1	-0.225072369977725
29.8631973506314	-38.2426431037333	1	1	-0.222663173156836
29.9607630953369	-38.2647336900089	1	1	-0.220253976335815
30.0583817774142	-38.2865891573205	1	1	-0.217844779516353
30.1560528302625	-38.3082093788142	1	1	-0.21543558269652
30.2537756869769	-38.3295942290013	1	1	-0.213026385876159
30.3515497803516	-38.3507435837592	1	1	-0.210617189054793
30.4493745428839	-38.3716573203322	1	1	-0.208207992235493
30.5472494067765	-38.3923353173324	1	1	-0.20579879541494
30.6451738039415	-38.4127774547399	1	1	-0.203389598594981
30.7431471660037	-38.432983613904	1	1	-0.200980401774547
30.8411689243034	-38.4529536775435	1	1	-0.198571204954716
30.9392385099002	-38.4726875297477	1	1	-0.196162008134437
31.0373553535759	-38.4921850559768	1	1	-0.193752811313935
31.1355188858381	-38.5114461430627	1	1	-0.191343614493327
31.2337285369235	-38.5304706792097	1	1	-0.188934417673792
31.3319837368011	-38.5492585539952	1	1	-0.186525220853357
31.4302839151753	-38.56780965837	1	1	-0.184116024032657
31.5286285014898	-38.5861238846593	1	1	-0.181706827212575
31.6270169249301	-38.6042011265632	1	1	-0.179297630392312
31.7254486144277	-38.6220412791573	1	1	-0.176888433572952
31.8239229986627	-38.6396442388934	1	1	-0.174479236752158
31.9224395060675	-38.6570099035998	1	1	-0.172070039930979
32.02099756483	-38.6741381724822	1	1	-0.169660843112315
32.1195966028968	-38.6910289461245	1	1	-0.167251646290522
32.2182360479768	-38.7076821264885	1	1	-0.164842449471927
32.3169153275443	-38.7240976169157	1	1	-0.1624332526505
32.4156338688425	-38.7402753221266	1	1	-0.160024055830926
32.5143910988865	-38.7562151482223	1	1	-0.157614859009662
32.6131864444671	-38.7719170026843	1	1	-0.155205662190782
32.7120193321537	-38.7873807943757	1	1	-0.152796465369563
32.8108891882977	-38.8026064335409	1	1	-0.150387268549682
32.9097954390362	-38.817593831807	1	1	-0.147978071729339
33.0087375102949	-38.8323429021837	1	1	-0.145568874909743
33.1077148277915	-38.8468535590641	1	1	-0.143159678088137
33.2067268170394	-38.8611257182249	1	1	-0.140750481269345
33.3057729033504	-38.8751592968275	1	1	-0.138341284447925
33.4048525118388	-38.8889542134176	1	1	-0.135932087628942
33.5039650674239	-38.9025103879266	1	1	-0.133522890807965
33.6031099948341	-38.9158277416712	1	1	-0.131113693987243
33.7022867186098	-38.9289061973545	1	1	-0.128704497167925
33.8014946631067	-38.9417456790663	1	1	-0.126295300347069
33.9007332524995	-38.9543461122832	1	1	-0.123886103526934
34.000001910785	-38.9667074238695	1	1	-0.121476906706368
34.0993000617853	-38.9788295420773	1	1	-0.119067709886871
34.1986271291516	-38.9907123965472	1	1	-0.116658513066184
34.297982536367	-39.0023559183083	1	1	-0.114249316246064
34.3973657067502	-39.013760039779	1	1	-0.111840119425915
34.4967760634587	-39.0249246947672	1	1	-0.109430922605425
34.5962130294925	-39.0358498184707	1	1	-0.10702172578609
34.6956760276967	-39.0465353474777	1	1	-0.10461252896498
34.7951644807656	-39.0569812197668	1	1	-0.10220333214491
34.8946778112458	-39.0671873747079	1	1	-0.0997941353243164
34.9942154415392	-39.0771537530621	1	1	-0.0973849385047692
35.093776793907	-39.0868802969824	1	1	-0.0949757416839305
35.1933612904725	-39.0963669500136	1	1	-0.0925665448638832
35.2929683532247	-39.1056136570931	1	1	-0.0901573480437646
35.3925974040216	-39.1146203645509	1	1	-0.0877481512241585
35.4922478645938	-39.1233870201101	1	1	-0.0853389544023518
35.5919191565472	-39.1319135728868	1	1	-0.0829297575836805
35.6916107013673	-39.1401999733913	1	1	-0.0805205607626703
35.7913219204217	-39.1482461735272	1	1	-0.0781113639423487
35.8910522349638	-39.1560521265926	1	1	-0.0757021671221737
35.9908010661364	-39.16361778728	1	1	-0.0732929703020166
36.0905678349746	-39.1709431116766	1	1	-0.0708837734823601
36.1903519624095	-39.1780280572646	1	1	-0.0684745766609872
36.2901528692715	-39.1848725829212	1	1	-0.066065379841345
36.3899699762934	-39.1914766489194	1	1	-0.0636561830217309
36.4898027041142	-39.1978402169277	1	1	-0.0612469862010045
36.589650473282	-39.2039632500104	1	1	-0.0588377893798855
36.6895127042579	-39.209845712628	1	1	-0.0564285925602766
36.7893888174188	-39.2154875706375	1	1	-0.0540193957409327
36.8892782330612	-39.2208887912923	1	1	-0.0516101989196027
36.9891803714042	-39.2260493432423	1	1	-0.0492010020994492
37.0890946525932	-39.2309691965346	1	1	-0.0467918052796792
37.1890204967031	-39.2356483226133	1	1	-0.0443826084590466
37.2889573237416	-39.2400866943196	1	1	-0.0419734116384957
37.3889045536528	-39.2442842858922	1	1	-0.0395642148187534
37.4888616063203	-39.2482410729674	1	1	-0.0371550179987761
37.5888279015707	-39.2519570325791	1	1	-0.0347458211785695
37.6888028591771	-39.255432143159	1	1	-0.0323366243577509
37.788785898862	-39.2586663845367	1	1	-0.0299274275384326
37.8887764403014	-39.2616597379401	1	1	-0.0275182307172656
37.9887739031274	-39.2644121859949	1	1	-0.0251090338974048
38.0887777069321	-39.2669237127254	1	1	-0.0226998370771932
38.1887872712709	-39.2691943035541	1	1	-0.0202906402562293
38.2888020156654	-39.2712239453019	1	1	-0.0178814434362865
38.3888213596076	-39.2730126261884	1	1	-0.0154722466165031
38.4888447225624	-39.2745603358317	1	1	-0.0130630497961464
38.5888715239716	-39.2758670652485	1	1	-0.0106538529764167
38.6889011832571	-39.2769328068543	1	1	-0.00824465615576796
38.7889331198239	-39.2777575544632	1	1	-0.00583545933527476
38.8889667530642	-39.2783413032882	1	1	-0.00342626251488216
38.9890015023599	-39.2786840499411	1	1	-0.00101706569535085
39.0890367870868	-39.2787857924326	1	1	0.00139213112591008
39.1890720266175	-39.278646530172	1	1	0.00380132794514598
39.2891066403247	-39.2782662639678	1	1	0.00621052476601289
39.3891400475848	-39.277644996027	1	1	0.00861972158563198
39.4891716677814	-39.2767827299557	1	1	0.0110289184071115
39.5892009203083	-39.2756794707585	1	1	0.0134381152262545
39.6892272245729	-39.2743352248392	1	1	0.0158473120464628
39.78925	-39.27275	1	1	0.0182565088667646
39.8892686660347	-39.2709238054419	1	1	0.0206657056875231
39.9892826421461	-39.2688566517645	1	1	0.0230749025075398
40.0892913478304	-39.2665485509661	1	1	0.0254840993279747
40.1892942026143	-39.2639995164434	1	1	0.0278932961470747
40.2892906260587	-39.2612095629917	1	1	0.0303024929685197
40.3892800377616	-39.2581787068043	1	1	0.0327116897886503
40.489261857362	-39.2549069654731	1	1	0.0351208866080378
40.5892355045426	-39.2513943579881	1	1	0.0375300834291038
40.6892003990337	-39.2476409047371	1	1	0.0399392802492062
40.7891559606165	-39.2436466275061	1	1	0.0423484770690998
40.8891016091263	-39.2394115494788	1	1	0.0447576738895991
40.9890367644558	-39.2349356952365	1	1	0.0471668707097889
41.0889608465588	-39.2302190907581	1	1	0.0495760675303372
41.1888732754532	-39.2252617634198	1	1	0.051985264350457
41.2887734712248	-39.2200637419951	1	1	0.0543944611704198
41.3886608540302	-39.2146250566545	1	1	0.056803657991144
41.4885348441002	-39.2089457389653	1	1	0.0592128548101693
41.5883948617438	-39.2030258218917	1	1	0.061622051631689
41.6882403273507	-39.196865339794	1	1	0.0640312484515694
41.7880706613952	-39.1904643284292	1	1	0.0664404452716008
41.8878852844395	-39.1838228249502	1	1	0.0688496420925477
41.9876836171368	-39.1769408679057	1	1	0.0712588389118462
42.0874650802351	-39.1698184972403	1	1	0.0736680357326096
42.1872290945802	-39.1624557542937	1	1	0.0760772325518384
42.286975081119	-39.1548526818011	1	1	0.0784864293735419
42.3867024609033	-39.1470093238922	1	1	0.0808956261934388
42.4864106550928	-39.1389257260918	1	1	0.0833048230126438
42.5860990849586	-39.130601935319	1	1	0.0857140198335965
42.6857671718864	-39.1220379998868	1	1	0.0881232166537626
42.78541433738	-39.1132339695023	1	1	0.0905324134746649
42.8850400030649	-39.104189895266	1	1	0.0929416102943589
42.9846435906909	-39.0949058296719	1	1	0.0953508071140655
43.0842245221364	-39.0853818266068	1	1	0.0977600039355098
43.183782219411	-39.07561794135	1	1	0.10016920075509
43.2833161046593	-39.0656142305735	1	1	0.102578397574538
43.3828256001642	-39.0553707523411	1	1	0.104987594395719
43.4823101283499	-39.0448875661081	1	1	0.107396791215761
43.5817691117858	-39.0341647327214	1	1	0.109805988036454
43.6812019731893	-39.0232023144187	1	1	0.112215184855569
43.7806081354296	-39.0120003748285	1	1	0.114624381676689
43.8799870215309	-39.0005589789692	1	1	0.117033578496471
43.9793380546755	-38.9888781932494	1	1	0.119442775317452
44.0786606582075	-38.9769580854669	1	1	0.121851972137228
44.1779542556362	-38.9647987248088	1	1	0.124261168957315
44.2772182706388	-38.9524001818508	1	1	0.12667036577751
44.3764521270647	-38.9397625285568	1	1	0.129079562597908
44.475655248938	-38.9268858382786	1	1	0.131488759418452
44.5748270604614	-38.9137701857554	1	1	0.133897956238479
44.6739669860191	-38.9004156471135	1	1	0.136307153058763
44.7730744501807	-38.8868222998656	1	1	0.138716349878109
44.8721488777038	-38.8729902229107	1	1	0.141125546699263
44.9711896935382	-38.8589194965331	1	1	0.143534743519252
45.0701963228285	-38.8446102024026	1	1	0.145943940340258
45.1691681909177	-38.8300624235735	1	1	0.148353137159164
45.2681047233508	-38.8152762444846	1	1	0.150762333980438
45.3670053458777	-38.800251750958	1	1	0.153171530800436
45.4658694844567	-38.7849890301994	1	1	0.155580727620056
45.5646965652581	-38.7694881707971	1	1	0.157989924441045
45.663486014667	-38.7537492627215	1	1	0.160399121260497
45.7622372592872	-38.7377723973249	1	1	0.162808318081725
45.860949725944	-38.7215576673405	1	1	0.165217514901494
45.9596228416879	-38.7051051668824	1	1	0.167626711721607
46.0582560337978	-38.6884149914446	1	1	0.170035908541456
46.1568487297843	-38.6714872379007	1	1	0.172445105362265
46.2554003573931	-38.6543220045031	1	1	0.174854302182375
46.3539103446081	-38.6369193908828	1	1	0.177263499003332
46.4523781196552	-38.6192794980484	1	1	0.179672695822585
46.5508031110051	-38.601402428386	1	1	0.182081892642849
46.6491847473767	-38.5832882856581	1	1	0.184491089463494
46.7475224577409	-38.5649371750032	1	1	0.186900286283523
46.8458156713232	-38.5463492029354	1	1	0.189309483104457
46.9440638176076	-38.5275244773434	1	1	0.191718679924001
47.0422663263396	-38.5084631074903	1	1	0.1941278767437
47.1404226275296	-38.4891652040126	1	1	0.196537073564575
47.2385321514561	-38.4696308789196	1	1	0.198946270384768
47.3365943286693	-38.449860245593	1	1	0.201355467205271
47.4346085899941	-38.429853418786	1	1	0.203764664025253
47.5325743665336	-38.4096105146228	1	1	0.206173860845672
47.630491089672	-38.3891316505978	1	1	0.208583057665234
47.7283581910787	-38.368416945575	1	1	0.210992254486403
47.8261751027108	-38.3474665197871	1	1	0.213401451305648
47.9239412568168	-38.3262804948353	1	1	0.215810648127065
48.0216560859397	-38.3048589936879	1	1	0.218219844946459
48.1193190229207	-38.2832021406803	1	1	0.220629041767114
48.2169295009018	-38.2613100615137	1	1	0.223038238587465
48.3144869533297	-38.2391828832547	1	1	0.225447435407358
48.4119908139589	-38.2168207343345	1	1	0.227856632227015
48.5094405168549	-38.1942237445481	1	1	0.23026582904795
48.6068354963976	-38.1713920450534	1	1	0.232675025868712
48.7041751872844	-38.1483257683708	1	1	0.235084222687474
48.8014590245337	-38.1250250483824	1	1	0.237493419508504
48.8986864434881	-38.1014900203306	1	1	0.239902616329129
48.9958568798176	-38.0777208208181	1	1	0.242311813148841
49.092969769523	-38.0537175878068	1	1	0.244721009969521
49.1900245489391	-38.0294804606168	1	1	0.247130206789983
49.287020654738	-38.0050095799259	1	1	0.249539403609744
49.3839575239323	-37.9803050877687	1	1	0.251948600429405
49.4808345938784	-37.9553671275357	1	1	0.254357797250623
49.5776513022799	-37.9301958439723	1	1	0.256766994071078
49.6744070871907	-37.9047913831784	1	1	0.259176190890102
49.7711013870183	-37.8791538926074	1	1	0.261585387710962
49.8677336405271	-37.8532835210649	1	1	0.26399458453097
49.9643032868416	-37.8271804187085	1	1	0.266403781352084
50.0608097654497	-37.8008447370464	1	1	0.268812978170875
50.1572525162059	-37.7742766289371	1	1	0.271222174991994
50.2536309793346	-37.7474762485877	1	1	0.273631371812513
50.3499445954335	-37.7204437515537	1	1	0.276040568632812
50.4461928054764	-37.6931792947379	1	1	0.278449765452377
50.5423750508171	-37.6656830363894	1	1	0.280858962272847
50.6384907731918	-37.6379551361027	1	1	0.283268159092652
50.7345394147233	-37.6099957548168	1	1	0.285677355913788
50.8305204179234	-37.5818050548142	1	1	0.288086552733669
50.9264332256967	-37.5533831997202	1	1	0.290495749553913
51.0222772813434	-37.5247303545017	1	1	0.292904946373829
51.118052028563	-37.4958466854663	1	1	0.295314143194202
51.2137569114572	-37.4667323602613	1	1	0.297723340015157
51.3093913745331	-37.4373875478728	1	1	0.300132536834409
51.4049548627067	-37.4078124186249	1	1	0.302541733655236
51.5004468213058	-37.3780071441782	1	1	0.304950930474576
51.5958666960735	-37.3479718975294	1	1	0.307360127295942
51.6912139331711	-37.3177068530097	1	1	0.30976932411575
51.7864879791818	-37.2872121862844	1	1	0.312178520935159
51.8816882811134	-37.2564880743515	1	1	0.314587717756824
51.9768142864017	-37.2255346955405	1	1	0.316996914576264
52.071865442914	-37.194352229512	1	1	0.319406111396378
52.1668411989516	-37.1629408572561	1	1	0.321815308216779
52.261741003254	-37.1313007610914	1	1	0.324224505037805
52.356564305001	-37.0994321246642	1	1	0.326633701857223
52.4513105538168	-37.0673351329474	1	1	0.329042898677786
52.5459791997727	-37.0350099722391	1	1	0.331452095497522
52.6405696933903	-37.002456830162	1	1	0.333861292318191
52.7350814856452	-36.9696758956617	1	1	0.336270489138664
52.8295140279693	-36.9366673590063	1	1	0.338679685958724
52.9238667722549	-36.9034314117848	1	1	0.341088882778477
53.0181391708573	-36.8699682469062	1	1	0.343498079598535
53.112330676598	-36.8362780585983	1	1	0.345907276419977
53.2064407427683	-36.8023610424064	1	1	0.34831647323922
53.300468823132	-36.7682173951928	1	1	0.35072567005997
53.3944143719288	-36.7338473151348	1	1	0.353134866879651
53.4882768438776	-36.6992510017242	1	1	0.355544063700501
53.5820556941791	-36.6644286557658	1	1	0.357953260520265
53.6757503785199	-36.6293804793764	1	1	0.360362457340332
53.7693603530746	-36.5941066759836	1	1	0.362771654161516
53.8628850745098	-36.5586074503244	1	1	0.365180850981281
53.9563239999868	-36.5228830084445	1	1	0.367590047801263
54.049676587165	-36.4869335576966	1	1	0.369999244621367
54.1429422942047	-36.4507593067395	1	1	0.372408441442045
54.2361205797708	-36.4143604655366	1	1	0.374817638261989
54.3292109030352	-36.3777372453552	1	1	0.377226835082903
54.4222127236807	-36.3408898587646	1	1	0.379636031902072
54.5151255019036	-36.3038185196356	1	1	0.38204522872274
54.6079486984173	-36.2665234431384	1	1	0.38445442554346
54.7006817744546	-36.2290048457422	1	1	0.386863622363596
54.793324191772	-36.1912629452134	1	1	0.389272819183599
54.8858754126518	-36.1532979606146	1	1	0.391682016004029
54.9783348999058	-36.1151101123031	1	1	0.394091212823751
55.0707021168782	-36.0766996219299	1	1	0.396500409644384
55.1629765274487	-36.0380667124381	1	1	0.398909606463892
55.2551575960357	-35.999211608062	1	1	0.401318803285004
55.3472447875995	-35.9601345343252	1	1	0.4037280001054
55.4392375676451	-35.92083571804	1	1	0.40613719692515
55.5311354022256	-35.8813153873057	1	1	0.408546393745027
55.6229377579452	-35.8415737715072	1	1	0.41095559056587
55.7146441019621	-35.8016111013138	1	1	0.413364787385402
55.806253901992	-35.761427608678	1	1	0.415773984206893
55.8977666263108	-35.7210235268337	1	1	0.418183181025651
55.989181743758	-35.6803990902956	1	1	0.420592377846906
56.0804987237395	-35.6395545348569	1	1	0.42300157466702
56.171717036231	-35.5984900975887	1	1	0.425410771487319
56.2628361517805	-35.5572060168384	1	1	0.42781996830728
56.3538555415122	-35.5157025322281	1	1	0.430229165127249
56.444774677129	-35.4739798846534	1	1	0.432638361948299
56.5355930309154	-35.432038316282	1	1	0.435047558768046
56.6263100757413	-35.3898780705523	1	1	0.437456755588171
56.7169252850644	-35.3474993921719	1	1	0.439865952408164
56.8074381329334	-35.3049025271163	1	1	0.442275149229245
56.8978480939913	-35.2620877226272	1	1	0.444684346048388
56.9881546434783	-35.2190552272116	1	1	0.447093542869834
57.0783572572345	-35.1758052906397	1	1	0.449502739689843
57.1684554117037	-35.132338163944	1	1	0.451911936509242
57.2584485839358	-35.0886540994176	1	1	0.454321133329517
57.3483362515899	-35.0447533506127	1	1	0.456730330151033
57.4381178929377	-35.000636172339	1	1	0.45913952696987
57.5277929868662	-34.9563028206629	1	1	0.461548723791341
57.6173610128809	-34.9117535529049	1	1	0.463957920610783
57.7068214511086	-34.8669886276393	1	1	0.466367117430766
57.7961737823007	-34.8220083046918	1	1	0.468776314251012
57.8854174878361	-34.7768128451383	1	1	0.471185511071801
57.974552049724	-34.7314025113035	1	1	0.473594707892213
58.0635769506072	-34.6857775667593	1	1	0.476003904712369
58.1524916737651	-34.6399382763232	1	1	0.478413101531883
58.2412957031165	-34.5938849060569	1	1	0.480822298353071
58.3299885232227	-34.5476177232644	1	1	0.483231495173046
58.4185696192904	-34.5011369964911	1	1	0.48564069199237
58.5070384771749	-34.4544429955217	1	1	0.48804988881369
58.595394583383	-34.4075359913785	1	1	0.49045908563366
58.6836374250757	-34.3604162563206	1	1	0.492868282453544
58.7717664900716	-34.3130840638416	1	1	0.495277479273327
58.8597812668498	-34.2655396886682	1	1	0.497686676094712
58.9476812445523	-34.2177834067587	1	1	0.500095872914535
59.035465912988	-34.1698154953014	1	1	0.502505069734214
59.1231347626347	-34.121636232713	1	1	0.504914266555909
59.2106872846424	-34.0732458986367	1	1	0.507323463375009
59.2981229708367	-34.0246447739411	1	1	0.509732660195787
59.3854413137208	-33.9758331407181	1	1	0.512141857015201
59.4726418064795	-33.9268112822815	1	1	0.514551053836115
59.5597239429812	-33.8775794831652	1	1	0.516960250655567
59.6466872177816	-33.8281380291218	1	1	0.519369447476673
59.733531126126	-33.7784872071206	1	1	0.521778644296444
59.8202551639528	-33.7286273053463	1	1	0.524187841116524
59.9068588278961	-33.678558613197	1	1	0.526597037937882
59.9933416152884	-33.6282814212827	1	1	0.529006234756707
60.0797030241642	-33.5777960214238	1	1	0.531415431578255
60.1659425532623	-33.5271027066487	1	1	0.533824628397574
60.2520597020288	-33.4762017711932	1	1	0.536233825218679
60.3380539706204	-33.4250935104976	1	1	0.538643022037945
60.4239248599069	-33.373778221206	1	1	0.541052218857923
60.5096718714742	-33.3222562011639	1	1	0.543461415679124
60.5952945076271	-33.2705277494167	1	1	0.545870612498702
60.6807922713925	-33.2185931662082	1	1	0.548279809319862
60.766164666522	-33.1664527529783	1	1	0.5506890061385
60.851411197495	-33.114106812362	1	1	0.553098202960829
60.9365313695211	-33.0615556481867	1	1	0.555507399779358
61.0215246885437	-33.0087995654716	1	1	0.557916596600219
61.1063906612423	-32.9558388704247	1	1	0.560325793420668
61.1911287950356	-32.9026738704419	1	1	0.562734990240737
61.2757385980842	-32.849304874105	1	1	0.565144187060842
61.3602195792937	-32.7957321911797	1	1	0.567553383881049
61.4445712483173	-32.741956132614	1	1	0.569962580701005
61.5287931155589	-32.6879770105363	1	1	0.572371777522439
61.6128846921755	-32.6337951382536	1	1	0.574780974341412
61.6968454900808	-32.5794108302499	1	1	0.57719017116202
61.7806750219472	-32.5248244021839	1	1	0.579599367982423
61.864372801209	-32.4700361708877	1	1	0.582008564801986
61.9479383420655	-32.4150464543646	1	1	0.584417761623805
62.0313711594832	-32.3598555717872	1	1	0.586826958442388
62.1146707691994	-32.3044638434961	1	1	0.589236155262919
62.197836687724	-32.2488715909974	1	1	0.591645352083808
62.2808684323433	-32.193079136961	1	1	0.594054548903871
62.3637655211223	-32.137086805219	1	1	0.59646374572446
62.4465274729074	-32.0808949207636	1	1	0.598872942543699
62.5291538073296	-32.0245038097453	1	1	0.60128213936468
62.6116440448069	-31.9679137994707	1	1	0.603691336184268
62.6939977065473	-31.9111252184012	1	1	0.606100533005024
62.7762143145514	-31.8541383961505	1	1	0.608509729825142
62.8582933916154	-31.7969536634831	1	1	0.610918926645459
62.9402344613339	-31.739571352312	1	1	0.613328123466031
63.0220370481021	-31.6819917956973	1	1	0.615737320285302
63.1037006771196	-31.6242153278437	1	1	0.618146517106337
63.1852248743919	-31.5662422840989	1	1	0.620555713926628
63.2666091667342	-31.5080730009516	1	1	0.622964910746471
63.3478530817737	-31.4497078160295	1	1	0.625374107567374
63.4289561479522	-31.3911470680973	1	1	0.627783304386656
63.5099178945292	-31.332391097055	1	1	0.630192501207243
63.5907378515844	-31.2734402439354	1	1	0.632601698027583
63.6714155500205	-31.2142948509026	1	1	0.63501089484773
63.7519505215657	-31.15495526125	1	1	0.637420091668206
63.8323422987769	-31.0954218193979	1	1	0.639829288488604
63.912590415042	-31.0356948708919	1	1	0.642238485308181
63.9926944045828	-30.9757747624008	1	1	0.644647682128326
64.0726538024575	-30.9156618417145	1	1	0.647056878948858
64.1524681445637	-30.8553564577419	1	1	0.649466075769476
64.2321369676409	-30.7948589605091	1	1	0.651875272589081
64.3116598092732	-30.7341697011574	1	1	0.654284469410163
64.3910362078919	-30.6732890319409	1	1	0.656693666230105
64.4702657027786	-30.6122173062248	1	1	0.659102863050479
64.5493478340672	-30.5509548784833	1	1	0.661512059870321
64.6282821427472	-30.4895021042974	1	1	0.663921256690136
64.707068170666	-30.4278593403529	1	1	0.666330453510747
64.7857054605315	-30.3660269444384	1	1	0.668739650331483
64.8641935559152	-30.304005275443	1	1	0.671148847151489
64.9425320012544	-30.2417946933546	1	1	0.673558043971162
65.020720341855	-30.1793955592576	1	1	0.675967240791865
65.0987581238941	-30.1168082353306	1	1	0.678376437612314
65.1766448944228	-30.0540330848446	1	1	0.680785634432217
65.2543802013687	-29.9910704721608	1	1	0.683194831253059
65.3319635935383	-29.9279207627285	1	1	0.685604028072083
65.4093946206202	-29.864584323083	1	1	0.688013224893516
65.4866728331871	-29.8010615208431	1	1	0.690422421713102
65.5637977826987	-29.7373527247098	1	1	0.692831618533712
65.6407690215044	-29.6734583044632	1	1	0.695240815353336
65.7175861028457	-29.6093786309611	1	1	0.69765001217445
65.7942485808588	-29.5451140761363	1	1	0.700059208993852
65.8707560105774	-29.480665012995	1	1	0.702468405814486
65.9471079479349	-29.4160318156141	1	1	0.704877602634449
66.0233039497675	-29.3512148591393	1	1	0.707286799455418
66.0993435738163	-29.2862145197828	1	1	0.709695996274794
66.1752263787301	-29.2210311748215	1	1	0.712105193095047
66.2509519240679	-29.1556652025942	1	1	0.714514389916012
66.3265197703015	-29.0901169824997	1	1	0.716923586735557
66.401929478818	-29.0243868949949	1	1	0.719332783556573
66.4771806119223	-28.958475321592	1	1	0.721741980375874
66.5522727328399	-28.8923826448568	1	1	0.72415117719664
66.6272054057191	-28.826109248406	1	1	0.726560374016523
66.7019781956336	-28.7596555169056	1	1	0.728969570837997
66.7765906685852	-28.6930218360679	1	1	0.731378767656475
66.8510423915064	-28.6262085926501	1	1	0.733787964477286
66.9253329322623	-28.5592161744513	1	1	0.736197161298294
66.9994618596538	-28.4920449703106	1	1	0.738606358117501
67.07342874342	-28.424695370105	1	1	0.741015554939119
67.1472331542401	-28.3571677647467	1	1	0.743424751758045
67.2208746637368	-28.2894625461814	1	1	0.745833948579226
67.294352844478	-28.2215801073853	1	1	0.74824314539856
67.3676672699797	-28.1535208423637	1	1	0.750652342219188
67.4408175147084	-28.0852851461478	1	1	0.753061539039258
67.5138031540835	-28.0168734147931	1	1	0.755470735860167
67.5866237644797	-27.9482860453768	1	1	0.757879932679597
67.6592789232299	-27.8795234359955	1	1	0.760289129500325
67.7317682086269	-27.810585985763	1	1	0.76269832631989
67.8040911999266	-27.7414740948079	1	1	0.765107523141161
67.8762474773499	-27.6721881642711	1	1	0.767516719960771
67.9482366220855	-27.602728596304	1	1	0.769925916780791
68.020058216292	-27.5330957940657	1	1	0.772335113601243
68.0917118431007	-27.4632901617206	1	1	0.774744310421754
68.1631970866176	-27.3933121044365	1	1	0.777153507241315
68.2345135319263	-27.3231620283819	1	1	0.779562704063122
68.3056607650898	-27.2528403407236	1	1	0.781971900881781
68.3766383731537	-27.1823474496248	1	1	0.78438109770243
68.4474459441477	-27.1116837642421	1	1	0.786790294522871
68.5180830670886	-27.0408496947236	1	1	0.789199491342641
68.5885493319827	-26.9698456522062	1	1	0.79160868816315
68.6588443298277	-26.8986720488135	1	1	0.794017884983761
68.7289676526155	-26.8273292976532	1	1	0.796427081803838
68.7989188933346	-26.7558178128147	1	1	0.798836278623426
68.868697645972	-26.6841380093671	1	1	0.801245475444619
68.9383035055161	-26.6122903033559	1	1	0.803654672264216
69.0077360679587	-26.5402751118017	1	1	0.806063869085074
69.0769949302974	-26.4680928526969	1	1	0.808473065904826
69.1460796905382	-26.3957439450037	1	1	0.810882262724968
69.2149899476975	-26.3232288086515	1	1	0.813291459545445
69.2837253018045	-26.2505478645346	1	1	0.815700656365759
69.3522853539036	-26.1777015345097	1	1	0.81810985318566
69.4206697060568	-26.1046902413934	1	1	0.820519050006262
69.4888779613458	-26.0315144089597	1	1	0.822928246825971
69.5569097238745	-25.9581744619378	1	1	0.825337443646958
69.624764598771	-25.8846708260093	1	1	0.82774664046644
69.6924421921904	-25.811003927806	1	1	0.830155837287193
69.7599421113165	-25.7371741949072	1	1	0.832565034107211
69.8272639643645	-25.6631820558375	1	1	0.834974230927508
69.8944073605831	-25.589027940064	1	1	0.837383427747762
69.9613719102569	-25.5147122779939	1	1	0.839792624567546
70.0281572247085	-25.4402355009722	1	1	0.842201821388559
70.0947629163007	-25.3655980412789	1	1	0.844611018208313
70.161188598439	-25.2908003321269	1	1	0.847020215028964
70.2274338855737	-25.2158428076589	1	1	0.849429411848969
70.2934983932022	-25.1407259029454	1	1	0.851838608669366
70.3593817378711	-25.0654500539819	1	1	0.854247805489297
70.4250835371786	-24.9900156976865	1	1	0.856657002309622
70.4906034097764	-24.9144232718974	1	1	0.859066199129849
70.5559409753725	-24.83867321537	1	1	0.86147539594958
70.6210958547329	-24.7627659677748	1	1	0.863884592770908
70.6860676696837	-24.6867019696947	1	1	0.86629378959088
70.7508560431139	-24.6104816626224	1	1	0.868702986410485
70.8154605989772	-24.5341054889578	1	1	0.871112183231007
70.879880962294	-24.4575738920055	1	1	0.873521380051175
70.9441167591539	-24.3808873159723	1	1	0.875930576872301
71.0081676167178	-24.3040462059643	1	1	0.878339773690769
71.0720331632202	-24.2270510079849	1	1	0.880748970512632
71.1357130279707	-24.1499021689315	1	1	0.883158167332059
71.1992068413572	-24.0726001365935	1	1	0.885567364152605
71.262514234847	-23.9951453596495	1	1	0.887976560973117
71.3256348409898	-23.9175382876644	1	1	0.890385757792643
71.3885682934193	-23.8397793710874	1	1	0.892794954612887
71.4513142268555	-23.7618690612487	1	1	0.895204151433272
71.5138722771067	-23.6838078103575	1	1	0.897613348254173
71.5762420810718	-23.6055960714989	1	1	0.900022545074163
71.6384232767424	-23.5272342986316	1	1	0.902431741893806
71.7004155032048	-23.4487229465851	1	1	0.904840938714309
71.762218400642	-23.370062471057	1	1	0.907250135535059
71.8238316103359	-23.2912533286106	1	1	0.909659332354128
71.8852547746697	-23.212295976672	1	1	0.91206852917607
71.9464875371292	-23.1331908735274	1	1	0.914477725994564
72.0075295423058	-23.053938478321	1	1	0.916886922815534
72.0683804358977	-22.9745392510515	1	1	0.919296119635739
72.1290398647126	-22.89499365257	1	1	0.921705316456707
72.1895074766694	-22.8153021445771	1	1	0.924114513275478
72.2497829208005	-22.7354651896206	1	1	0.926523710097029
72.3098658472534	-22.655483251092	1	1	0.928932906916619
72.3697559072933	-22.5753567932248	1	1	0.931342103736796
72.4294527533047	-22.495086281091	1	1	0.93375130055726
72.4889560387936	-22.4146721805988	1	1	0.936160497378589
72.5482654183893	-22.3341149584899	1	1	0.93856969419699
72.607380547847	-22.2534150823368	1	1	0.940978891018496
72.6663010840489	-22.1725730205396	1	1	0.943388087837277
72.725026685007	-22.0915892423242	1	1	0.945797284658928
72.7835570098644	-22.0104642177386	1	1	0.948206481478799
72.841891718898	-21.9291984176509	1	1	0.950615678298934
72.9000304735199	-21.8477923137462	1	1	0.953024875118817
72.9579729362797	-21.7662463785239	1	1	0.955434071939663
73.015718770866	-21.6845610852952	1	1	0.957843268759967
73.073267642109	-21.60273690818	1	1	0.960252465579945
73.1306192159821	-21.5207743221043	1	1	0.962661662399971
73.1877731596037	-21.4386738027976	1	1	0.96507085921969
73.2447291412394	-21.3564358267899	1	1	0.96748005604112
73.3014868303037	-21.2740608714089	1	1	0.969889252860557
73.3580458973622	-21.1915494147777	1	1	0.972298449681031
73.4144060141332	-21.1089019358114	1	1	0.974707646501396
73.4705668534899	-21.0261189142146	1	1	0.977116843321049
73.526528089462	-20.9432008304789	1	1	0.979526040141773
73.5822893972378	-20.8601481658795	1	1	0.98193523696181
73.6378504531661	-20.7769614024729	1	1	0.984344433782198
73.6932109347579	-20.6936410230939	1	1	0.986753630602708
73.7483705206884	-20.6101875113529	1	1	0.989162827423383
73.8033288907989	-20.5266013516329	1	1	0.991572024242698
73.8580857260986	-20.4428830290871	1	1	0.993981221063304
73.9126407087664	-20.3590330296354	1	1	0.996390417882815
73.9669935221529	-20.2750518399623	1	1	0.998799614703927
74.0211438507819	-20.1909399475136	1	1	1.0012088115241
74.0750913803527	-20.1066978404938	1	1	1.00361800834418
74.1288357977417	-20.0223260078631	1	1	1.00602720516429
74.182376791004	-19.9378249393349	1	1	1.00843640198476
74.2357140493756	-19.8531951253724	1	1	1.01084559880504
74.288847263275	-19.7684370571862	1	1	1.01325479562488
74.341776124305	-19.6835512267314	1	1	1.01566399244513
74.3945003252545	-19.5985381267045	1	1	1.0180731892656
74.4470195601002	-19.5133982505409	1	1	1.02048238608593
74.4993335240086	-19.4281320924117	1	1	1.02289158290606
74.5514419133377	-19.3427401472209	1	1	1.02530077972637
74.6033444256385	-19.2572229106028	1	1	1.02770997654644
74.6550407596571	-19.1715808789188	1	1	1.03011917336646
74.7065306153363	-19.0858145492546	1	1	1.03252837018683
74.7578136938173	-18.9999244194174	1	1	1.03493756700762
74.8088896974414	-18.913910987933	1	1	1.03734676382747
74.859758329752	-18.8277747540429	1	1	1.03975596064722
74.9104192954961	-18.7415162177012	1	1	1.04216515746851
74.9608723006258	-18.655135879572	1	1	1.04457435428793
75.0111170523006	-18.5686342410264	1	1	1.04698355110833
75.0611532588885	-18.4820118041395	1	1	1.0493927479289
75.110980629968	-18.3952690716875	1	1	1.05180194474899
75.1605988763298	-18.3084065471449	1	1	1.05421114156861
75.2100077099784	-18.2214247346815	1	1	1.05662033838953
75.2592068441336	-18.1343241391594	1	1	1.05902953520943
75.3081959932326	-18.0471052661302	1	1	1.06143873203047
75.3569748729312	-17.9597686218319	1	1	1.0638479288495
75.4055432001059	-17.8723147131863	1	1	1.06625712567028
75.4539006928549	-17.7847440477957	1	1	1.06866632249094
75.5020470705005	-17.6970571339399	1	1	1.07107551931015
75.5499820535902	-17.6092544805739	1	1	1.07348471613174
75.5977053638984	-17.5213365973239	1	1	1.07589391295065
75.6452167244284	-17.4333039944854	1	1	1.07830310977195
75.6925158594133	-17.3451571830194	1	1	1.08071230659151
75.7396024943183	-17.2568966745502	1	1	1.08312150341244
75.7864763558419	-17.1685229813615	1	1	1.0855307002319
75.8331371719176	-17.0800366163945	1	1	1.08793989705281
75.8795846717154	-16.9914380932439	1	1	1.09034909387247
75.9258185856436	-16.9027279261557	1	1	1.09275829069263
75.97183864535	-16.8139066300238	1	1	1.09516748751369
76.0176445837237	-16.7249747203871	1	1	1.09757668433339
76.0632361348968	-16.6359327134265	1	1	1.0999858811537
76.1086130342455	-16.5467811259621	1	1	1.10239507797346
76.1537750183921	-16.4575204754498	1	1	1.10480427479395
76.1987218252061	-16.3681512799787	1	1	1.10721347161444
76.2434531938061	-16.2786740582678	1	1	1.10962266843518
76.2879688645611	-16.1890893296631	1	1	1.11203186525431
76.3322685790921	-16.0993976141349	1	1	1.11444106207484
76.3763520802735	-16.009599432274	1	1	1.11685025889601
76.4202191122346	-15.9196953052894	1	1	1.11925945571461
76.4638694203614	-15.8296857550052	1	1	1.12166865253621
76.5073027512974	-15.739571303857	1	1	1.12407784935648
76.5505188529458	-15.6493524748896	1	1	1.12648704617597
76.5935174744706	-15.5590297917536	1	1	1.12889624299604
76.6362983662981	-15.4686037787021	1	1	1.13130543981758
76.6788612801181	-15.3780749605883	1	1	1.13371463663617
76.7212059688861	-15.287443862862	1	1	1.13612383345736
76.7633321868237	-15.1967110115665	1	1	1.13853303027827
76.8052396894208	-15.1058769333359	1	1	1.14094222709683
76.846928233437	-15.0149421553918	1	1	1.14335142391771
76.8883975769023	-14.9239072055402	1	1	1.14576062073859
76.9296474791193	-14.8327726121685	1	1	1.14816981755819
76.9706777006643	-14.7415389042426	1	1	1.15057901437845
77.0114880033885	-14.6502066113037	1	1	1.15298821119907
77.0520781504197	-14.5587762634649	1	1	1.15539740801924
77.0924479061635	-14.4672483914088	1	1	1.1578066048392
77.1325970363047	-14.3756235263839	1	1	1.16021580166002
77.1725253078086	-14.2839022002016	1	1	1.16262499847941
77.2122324889226	-14.1920849452333	1	1	1.1650341953001
77.2517183491771	-14.1001722944071	1	1	1.16744339211991
77.2909826593873	-14.0081647812049	1	1	1.16985258894124
77.3300251916541	-13.9160629396591	1	1	1.17226178576055
77.368845719366	-13.8238673043497	1	1	1.17467098258083
77.4074440171998	-13.731578410401	1	1	1.17708017940177
77.4458198611221	-13.6391967934787	1	1	1.17948937622135
77.483973028391	-13.5467229897866	1	1	1.1818985730416
77.5219032975568	-13.4541575360636	1	1	1.18430776986191
77.5596104484636	-13.3615009695806	1	1	1.18671696668186
77.5970942622506	-13.2687538281373	1	1	1.18912616350253
77.6343545213532	-13.175916650059	1	1	1.19153536032324
77.6713910095044	-13.0829899741938	1	1	1.19394455714267
77.7082035117362	-12.9899743399091	1	1	1.19635375396312
77.7447918143803	-12.8968702870889	1	1	1.19876295078323
77.78115570507	-12.8036783561301	1	1	1.20117214760309
77.8172949727411	-12.7103990879397	1	1	1.20358134442461
77.8532094076329	-12.6170330239317	1	1	1.20599054124365
77.8888988012901	-12.5235807060241	1	1	1.20839973806483
77.9243629465632	-12.4300426766351	1	1	1.21080893488472
77.9596016376104	-12.3364194786807	1	1	1.2132181317043
77.9946146698984	-12.2427116555711	1	1	1.21562732852465
78.0294018402035	-12.1489197512078	1	1	1.21803652534529
78.0639629466131	-12.0550443099802	1	1	1.22044572216609
78.0982977885267	-11.9610858767626	1	1	1.22285491898544
78.1324061666572	-11.8670449969111	1	1	1.22526411580642
78.1662878830317	-11.7729222162603	1	1	1.22767331262625
78.1999427409932	-11.67871808112	1	1	1.23008250944621
78.2333705452012	-11.5844331382725	1	1	1.23249170626726
78.2665711016331	-11.4900679349688	1	1	1.23490090308638
78.2995442175855	-11.3956230189261	1	1	1.2373100999068
78.3322897016749	-11.3010989383239	1	1	1.23971929672769
78.364807363839	-11.2064962418014	1	1	1.24212849354745
78.397097015338	-11.1118154784543	1	1	1.24453769036853
78.4291584687554	-11.0170571978309	1	1	1.2469468871877
78.4609915379994	-10.9222219499299	1	1	1.24935608400828
78.4925960383035	-10.8273102851966	1	1	1.25176528082871
78.5239717862281	-10.7323227545196	1	1	1.25417447764918
78.5551185996612	-10.6372599092282	1	1	1.25658367446894
78.5860362978197	-10.5421223010887	1	1	1.2589928712899
78.6167247012502	-10.4469104823012	1	1	1.26140206810913
78.6471836318304	-10.3516250054968	1	1	1.26381126493015
78.6774129127696	-10.2562664237339	1	1	1.26622046174987
78.7074123686103	-10.1608352904954	1	1	1.26862965856986
78.7371818252289	-10.0653321596851	1	1	1.27103885539089
78.7667211098366	-9.96975758562483	1	1	1.27344805221062
78.7960300509808	-9.87411212305113	1	1	1.27585724903041
78.8251084785458	-9.77839632711189	1	1	1.27826644585221
78.8539562237536	-9.68261075336326	1	1	1.28067564267067
78.8825731191657	-9.58675595776641	1	1	1.28308483949149
78.9109589986829	-9.49083249668432	1	1	1.28549403631267
78.9391136975471	-9.39484092687846	1	1	1.28790323313234
78.9670370523422	-9.29878180550564	1	1	1.29031242995242
78.9947289009947	-9.20265569011476	1	1	1.29272162677266
79.0221890827748	-9.10646313864358	1	1	1.29513082359286
79.0494174382974	-9.01020470941545	1	1	1.29754002041252
79.076413809523	-8.91388096113609	1	1	1.29994921723375
79.1031780397584	-8.81749245289036	1	1	1.30235841405351
79.1297099736581	-8.721039744139	1	1	1.30476761087351
79.1560094572247	-8.62452339471537	1	1	1.307176807694
79.18207633781	-8.52794396482223	1	1	1.3095860045148
79.2079104641159	-8.43130201502846	1	1	1.31199520133426
79.2335116861954	-8.33459810626584	1	1	1.31440439815483
79.2588798554531	-8.23783279982575	1	1	1.31681359497541
79.2840148246464	-8.14100665735595	1	1	1.31922279179455
79.3089164478864	-8.0441202408573	1	1	1.3216319886159
79.3335845806382	-7.94717411268052	1	1	1.32404118543615
79.3580190797225	-7.85016883552286	1	1	1.32645038225542
79.382219803316	-7.75310497242497	1	1	1.32885957907612
79.4061866109521	-7.65598308676748	1	1	1.33126877589695
79.429919363522	-7.55880374226781	1	1	1.33367797271617
79.4534179232756	-7.46156750297689	1	1	1.3360871695375
79.4766821538217	-7.36427493327587	1	1	1.33849636635643
79.4997119201297	-7.26692659787287	1	1	1.34090556317747
79.5225070885294	-7.16952306179968	1	1	1.3433147599982
79.5450675267125	-7.07206489040848	1	1	1.34572395681725
79.5673931037333	-6.97455264936858	1	1	1.34813315363889
79.5894836900088	-6.87698690466311	1	1	1.35054235045824
79.6113391573205	-6.77936822258575	1	1	1.35295154727848
79.6329593788142	-6.68169716973745	1	1	1.35536074409836
79.6543442290013	-6.58397431302312	1	1	1.35776994091972
79.6754935837591	-6.48620021964835	1	1	1.36017913773902
79.6964073203322	-6.38837545711614	1	1	1.36258833455938
79.7170853173324	-6.29050059322355	1	1	1.36499753138012
79.7375274547399	-6.19257619605847	1	1	1.36740672819999
79.757733613904	-6.09460283399627	1	1	1.3698159250203
79.7777036775435	-5.99658107569656	1	1	1.37222512184013
79.7974375297477	-5.89851149009982	1	1	1.37463431866037
79.8169350559768	-5.80039464642413	1	1	1.37704351548111
79.8361961430627	-5.70223111416189	1	1	1.37945271230164
79.8552206792097	-5.60402146307645	1	1	1.38186190912101
79.8740085539952	-5.5057662631989	1	1	1.38427110594155
79.89255965837	-5.40746608482466	1	1	1.38668030276218
79.9108738846593	-5.30912149851023	1	1	1.38908949958229
79.9289511265632	-5.21073307506987	1	1	1.3914986964027
79.9467912791573	-5.11230138557228	1	1	1.3939078932219
79.9643942388934	-5.01382700133727	1	1	1.39631709004279
79.9817599035998	-4.91531049393248	1	1	1.39872628686382
79.9988881724822	-4.81675243517004	1	1	1.4011354836835
80.0157789461244	-4.71815339710323	1	1	1.40354468050342
80.0324321264885	-4.61951395202321	1	1	1.40595387732311
80.0488476169157	-4.52083467245567	1	1	1.4083630741443
80.0650253221266	-4.42211613115749	1	1	1.41077227096407
80.0809651482223	-4.32335890111343	1	1	1.41318146778519
80.0966670026843	-4.22456355553286	1	1	1.41559066460401
80.1121307943757	-4.12573066784632	1	1	1.41799986142545
80.1273564335409	-4.02686081170229	1	1	1.42040905824521
80.142343831807	-3.92795456096379	1	1	1.42281825506536
80.1570929021837	-3.82901248970513	1	1	1.42522745188537
80.1716035590641	-3.73003517220848	1	1	1.42763664870657
80.1858757182249	-3.63102318296061	1	1	1.43004584552571
80.1999092968275	-3.53197709664955	1	1	1.4324550423469
80.2137042134176	-3.43289748816121	1	1	1.43486423916691
80.2272603879265	-3.33378493257608	1	1	1.43727343598602
80.2405777416712	-3.23464000516588	1	1	1.43968263280759
80.2536561973545	-3.13546328139023	1	1	1.44209182962708
80.2664956790663	-3.0362553368933	1	1	1.44450102644779
80.2790961122832	-2.93701674750048	1	1	1.44691022326793
80.2914574238695	-2.837748089215	1	1	1.44931942008858
80.3035795420773	-2.73844993821466	1	1	1.45172861690797
80.3154623965472	-2.6391228708484	1	1	1.45413781372862
80.3271059183083	-2.53976746363302	1	1	1.45654701054896
80.338510039779	-2.44038429324983	1	1	1.458956207369
80.3496746947672	-2.34097393654125	1	1	1.4613654041894
80.3605998184707	-2.24153697050751	1	1	1.4637746010089
80.3712853474777	-2.14207397230329	1	1	1.46618379782983
80.3817312197668	-2.04258551923434	1	1	1.46859299465007
80.3919373747079	-1.9430721887542	1	1	1.47100219147055
80.4019037530621	-1.84353455846076	1	1	1.47341138829017
80.4116302969824	-1.74397320609299	1	1	1.47582058511093
80.4211169500136	-1.64438870952752	1	1	1.478229781931
80.4303636570931	-1.54478164677534	1	1	1.48063897875119
80.4393703645509	-1.44515259597838	1	1	1.48304817557168
80.44813702011	-1.34550213540624	1	1	1.48545737239162
80.4566635728868	-1.24583084345276	1	1	1.48786656921113
80.4649499733913	-1.14613929863268	1	1	1.49027576603212
80.4729961735272	-1.04642807957833	1	1	1.49268496285271
80.4808021265926	-0.946697765036198	1	1	1.49509415967271
80.48836778728	-0.846948933863622	1	1	1.49750335649283
80.4956931116766	-0.747182165025393	1	1	1.49991255331347
80.5027780572645	-0.647398037590474	1	1	1.50232175013302
80.5096225829212	-0.547597130728525	1	1	1.50473094695349
80.5162266489194	-0.447780023706613	1	1	1.50714014377322
80.5225902169277	-0.347947295885839	1	1	1.50954934059394
80.5287132500104	-0.248099526717967	1	1	1.51195853741494
80.534595712628	-0.148237295742067	1	1	1.51436773423463
80.5402375706375	-0.0483611825811479	1	1	1.51677693105494
80.5456387912922	0.0515282330612079	1	1	1.5191861278743
80.5507993432423	0.151430371404205	1	1	1.52159532469552
80.5557191965346	0.251344652593203	1	1	1.52400452151521
80.5603983226133	0.351270496703084	1	1	1.52641371833586
80.5648366943196	0.451207323741613	1	1	1.52882291515633
80.5690342858922	0.551154553652809	1	1	1.53123211197622
80.5729910729674	0.651111606320312	1	1	1.53364130879613
80.5767070325791	0.751077901570744	1	1	1.53605050561617
80.580182143159	0.851052859177087	1	1	1.53845970243723
80.5834163845367	0.95103589886204	1	1	1.54086889925745
80.58640973794	1.05102644030141	1	1	1.54327809607671
80.5891621859949	1.15102390312741	1	1	1.5456872928975
80.5916737127254	1.25102770693214	1	1	1.54809648971769
80.5939443035541	1.35103727127086	1	1	1.55050568653854
80.5959739453019	1.45105201566541	1	1	1.55291488335867
80.5977626261884	1.55107135960757	1	1	1.5553240801784
80.5993103358317	1.65109472256239	1	1	1.55773327699876
80.6006170652485	1.75112152397163	1	1	1.56014247381847
80.6016828068543	1.85115118325707	1	1	1.56255167063913
80.6025075544632	1.95118311982392	1	1	1.56496086745969
80.6030913032882	2.05121675306416	1	1	1.56737006427995
80.6034340499411	2.15125150235991	1	1	1.56977926109962
80.6035357924326	2.25128678708684	1	1	1.57218845792067
80.603396530172	2.35132202661749	1	1	1.57459765474011
80.6030162639678	2.45135664032468	1	1	1.57700685156091
80.602394996027	2.55139004758484	1	1	1.5794160483806
80.6015327299557	2.65142166778143	1	1	1.58182524520195
80.6004294707585	2.75145092030826	1	1	1.58423444202114
80.5990852248392	2.85147722457291	1	1	1.58664363884143
80.5975	2.95150000000002	1	1	1.58194747202771
80.59638452237	3.05152841596131	0	1	1.58194747202785
80.59526904474	3.15155683192261	0	1	1.58194747202771
80.59415356711	3.25158524788392	0	1	1.58194747202771
80.59303808948	3.35161366384522	0	1	1.58194747202685
80.5919226118501	3.45164207980653	0	1	1.58194747202771
80.5908071342201	3.55167049576784	0	1	1.58194747202771
80.5896916565901	3.65169891172914	0	1	1.58194747202785
80.5885761789601	3.75172732769045	0	1	1.58194747202771
80.5874607013301	3.85175574365175	0	1	1.58194747202771
80.5863452237001	3.95178415961306	0	1	1.58194747202785
80.5852297460701	4.05181257557437	0	1	1.58194747202771
80.5841142684401	4.15184099153567	0	1	1.58194747202685
80.5829987908102	4.25186940749698	0	1	1.58194747202771
80.5818833131802	4.35189782345828	0	1	1.58194747202771
80.5807678355502	4.45192623941959	0	1	1.58194747202785
80.5796523579202	4.55195465538089	0	1	1.58194747202771
80.5785368802902	4.6519830713422	0	1	1.58194747202771
80.5774214026602	4.75201148730351	0	1	1.58194747202785
80.5763059250302	4.85203990326481	0	1	1.58194747202771
80.5751904474002	4.95206831922612	0	1	1.58194747202685
80.5740749697703	5.05209673518742	0	1	1.58194747202771
80.5729594921403	5.15212515114873	0	1	1.58194747202771
80.5718440145103	5.25215356711004	0	1	1.58194747202785
80.5707285368803	5.35218198307134	0	1	1.58194747202771
80.5696130592503	5.45221039903265	0	1	1.58194747202771
80.5684975816203	5.55223881499395	0	1	1.58194747202785
80.5673821039903	5.65226723095526	0	1	1.58194747202771
80.5662666263603	5.75229564691657	0	1	1.58194747202685
80.5651511487304	5.85232406287787	0	1	1.58194747202771
80.5640356711004	5.95235247883918	0	1	1.58194747202771
80.5629201934704	6.05238089480048	0	1	1.58194747202785
80.5618047158404	6.15240931076179	0	1	1.58194747202771
80.5606892382104	6.2524377267231	0	1	1.58194747202771
80.5595737605804	6.3524661426844	0	1	1.58194747202785
80.5584582829504	6.45249455864571	0	1	1.58194747202771
80.5573428053204	6.55252297460701	0	1	1.58194747202785
80.5562273276904	6.65255139056832	0	1	1.58194747202671
80.5551118500605	6.75257980652962	0	1	1.58194747202771
80.5539963724305	6.85260822249093	0	1	1.58194747202785
80.5528808948005	6.95263663845224	0	1	1.58194747202771
80.5517654171705	7.05266505441354	0	1	1.58194747202771
80.5506499395405	7.15269347037485	0	1	1.58194747202785
80.5495344619105	7.25272188633615	0	1	1.58194747202771
80.5484189842805	7.35275030229746	0	1	1.58194747202785
80.5473035066505	7.45277871825877	0	1	1.58194747202671
80.5461880290206	7.55280713422007	0	1	1.58194747202771
80.5450725513906	7.65283555018138	0	1	1.58194747202785
80.5439570737606	7.75286396614268	0	1	1.58194747202771
80.5428415961306	7.85289238210399	0	1	1.58194747202771
80.5417261185006	7.9529207980653	0	1	1.58194747202785
80.5406106408706	8.0529492140266	0	1	1.58194747202771
80.5394951632406	8.15297762998791	0	1	1.58194747202785
80.5383796856106	8.25300604594921	0	1	1.58194747202671
80.5372642079807	8.35303446191052	0	1	1.58194747202771
80.5361487303507	8.45306287787183	0	1	1.58194747202785
80.5350332527207	8.55309129383313	0	1	1.58194747202771
80.5339177750907	8.65311970979444	0	1	1.58194747202771
80.5328022974607	8.75314812575574	0	1	1.58194747202785
80.5316868198307	8.85317654171705	0	1	1.58194747202771
80.5305713422007	8.95320495767836	0	1	1.58194747202771
80.5294558645707	9.05323337363966	0	1	1.58194747202785
80.5283403869407	9.15326178960097	0	1	1.58194747202671
80.5272249093108	9.25329020556227	0	1	1.58194747202785
80.5261094316808	9.35331862152358	0	1	1.58194747202771
80.5249939540508	9.45334703748489	0	1	1.58194747202771
80.5238784764208	9.55337545344619	0	1	1.58194747202785
80.5227629987908	9.6534038694075	0	1	1.58194747202771
80.5216475211608	9.7534322853688	0	1	1.58194747202771
80.5205320435308	9.85346070133011	0	1	1.58194747202785
80.5194165659008	9.95348911729142	0	1	1.58194747202671
80.5183010882709	10.0535175332527	0	1	1.58194747202785
80.5171856106409	10.153545949214	0	1	1.58194747202771
80.5160701330109	10.2535743651753	0	1	1.58194747202771
80.5149546553809	10.3536027811366	0	1	1.58194747202785
80.5138391777509	10.4536311970979	0	1	1.58194747202771
80.5127237001209	10.5536596130592	0	1	1.5819474720277
80.5116082224909	10.6536880290206	0	1	1.58194747202785
80.5104927448609	10.7537164449819	0	1	1.58194747202671
80.509377267231	10.8537448609432	0	1	1.58194747202785
80.508261789601	10.9537732769045	0	1	1.58194747202771
80.507146311971	11.0538016928658	0	1	1.58194747202771
80.506030834341	11.1538301088271	0	1	1.58194747202785
80.504915356711	11.2538585247884	0	1	1.58194747202771
80.503799879081	11.3538869407497	0	1	1.58194747202771
80.502684401451	11.453915356711	0	1	1.58194747202785
80.501568923821	11.5539437726723	0	1	1.58194747202771
80.500453446191	11.6539721886336	0	1	1.58194747202685
80.4993379685611	11.7540006045949	0	1	1.58194747202771
80.4982224909311	11.8540290205562	0	1	1.58194747202771
80.4971070133011	11.9540574365175	0	1	1.58194747202785
80.4959915356711	12.0540858524788	0	1	1.58194747202771
80.4948760580411	12.1541142684401	0	1	1.5819474720277
80.4937605804111	12.2541426844015	0	1	1.58194747202785
80.4926451027811	12.3541711003628	0	1	1.58194747202771
80.4915296251511	12.4541995163241	0	1	1.58194747202685
80.4904141475212	12.5542279322854	0	1	1.58194747202771
80.4892986698912	12.6542563482467	0	1	1.58194747202771
80.4881831922612	12.754284764208	0	1	1.58194747202785
80.4870677146312	12.8543131801693	0	1	1.58194747202771
80.4859522370012	12.9543415961306	0	1	1.58194747202771
80.4848367593712	13.0543700120919	0	1	1.58194747202785
80.4837212817412	13.1543984280532	0	1	1.58194747202771
80.4826058041112	13.2544268440145	0	1	1.58194747202671
80.4814903264813	13.3544552599758	0	1	1.58194747202785
80.4803748488513	13.4544836759371	0	1	1.58194747202771
80.4792593712213	13.5545120918984	0	1	1.58194747202785
80.4781438935913	13.6545405078597	0	1	1.58194747202771
80.4770284159613	13.754568923821	0	1	1.58194747202771
80.4759129383313	13.8545973397823	0	1	1.58194747202784
80.4747974607013	13.9546257557437	0	1	1.58194747202771
80.4736819830713	14.054654171705	0	1	1.58194747202771
80.4725665054413	14.1546825876663	0	1	1.58194747202685
80.4714510278114	14.2547110036276	0	1	1.58194747202771
80.4703355501814	14.3547394195889	0	1	1.58194747202785
80.4692200725514	14.4547678355502	0	1	1.58194747202771
80.4681045949214	14.5547962515115	0	1	1.58194747202771
80.4669891172914	14.6548246674728	0	1	1.58194747202785
80.4658736396614	14.7548530834341	0	1	1.58194747202771
80.4647581620314	14.8548814993954	0	1	1.58194747202771
80.4636426844014	14.9549099153567	0	1	1.58194747202685
80.4625272067715	15.054938331318	0	1	1.58194747202771
80.4614117291415	15.1549667472793	0	1	1.58194747202785
80.4602962515115	15.2549951632406	0	1	1.58194747202771
80.4591807738815	15.3550235792019	0	1	1.58194747202771
80.4580652962515	15.4550519951632	0	1	1.58194747202785
80.4569498186215	15.5550804111245	0	1	1.5819474720277
80.4558343409915	15.6551088270859	0	1	1.58194747202771
80.4547188633615	15.7551372430472	0	1	1.58194747202685
80.4536033857316	15.8551656590085	0	1	1.58194747202771
80.4524879081016	15.9551940749698	0	1	1.58194747202785
80.4513724304716	16.0552224909311	0	1	1.58194747202771
80.4502569528416	16.1552509068924	0	1	1.58194747202771
80.4491414752116	16.2552793228537	0	1	1.58194747202785
80.4480259975816	16.355307738815	0	1	1.58194747202771
80.4469105199516	16.4553361547763	0	1	1.58194747202771
80.4457950423216	16.5553645707376	0	1	1.58194747202685
80.4446795646917	16.6553929866989	0	1	1.58194747202771
80.4435640870617	16.7554214026602	0	1	1.58194747202785
80.4424486094317	16.8554498186215	0	1	1.58194747202771
80.4413331318017	16.9554782345828	0	1	1.58194747202771
80.4402176541717	17.0555066505441	0	1	1.58194747202785
80.4391021765417	17.1555350665054	0	1	1.58194747202771
80.4379866989117	17.2555634824667	0	1	1.5819474720277
80.4368712212817	17.3555918984281	0	1	1.58194747202785
80.4357557436517	17.4556203143894	0	1	1.58194747202671
80.4346402660218	17.5556487303507	0	1	1.58194747202785
80.4335247883918	17.655677146312	0	1	1.58194747202771
80.4324093107618	17.7557055622733	0	1	1.58194747202771
80.4312938331318	17.8557339782346	0	1	1.58194747202785
80.4301783555018	17.9557623941959	0	1	1.58194747202771
80.4290628778718	18.0557908101572	0	1	1.58194747202771
80.4279474002418	18.1558192261185	0	1	1.58194747202685
80.4268319226119	18.2558476420798	0	1	1.58194747202771
80.4257164449819	18.3558760580411	0	1	1.58194747202771
80.4246009673519	18.4559044740024	0	1	1.58194747202785
80.4234854897219	18.5559328899637	0	1	1.58194747202771
80.4223700120919	18.655961305925	0	1	1.58194747202785
80.4212545344619	18.7559897218863	0	1	1.58194747202771
80.4201390568319	18.8560181378476	0	1	1.58194747202771
80.4190235792019	18.9560465538089	0	1	1.58194747202684
80.417908101572	19.0560749697703	0	1	1.58194747202771
80.416792623942	19.1561033857316	0	1	1.58194747202771
80.415677146312	19.2561318016929	0	1	1.58194747202785
80.414561668682	19.3561602176542	0	1	1.58194747202771
80.413446191052	19.4561886336155	0	1	1.58194747202785
80.412330713422	19.5562170495768	0	1	1.58194747202771
80.411215235792	19.6562454655381	0	1	1.58194747202771
80.410099758162	19.7562738814994	0	1	1.58194747202785
80.408984280532	19.8563022974607	0	1	1.58194747202771
80.407868802902	19.956330713422	0	1	1.58194747202671
80.4067533252721	20.0563591293833	0	1	1.58194747202785
80.4056378476421	20.1563875453446	0	1	1.58194747202771
80.4045223700121	20.2564159613059	0	1	1.58194747202785
80.4034068923821	20.3564443772672	0	1	1.58194747202771
80.4022914147521	20.4564727932285	0	1	1.58194747202771
80.4011759371221	20.5565012091898	0	1	1.58194747202785
80.4000604594921	20.6565296251511	0	1	1.5819474720277
80.3989449818621	20.7565580411125	0	1	1.58194747202671
80.3978295042322	20.8565864570738	0	1	1.58194747202785
80.3967140266022	20.9566148730351	0	1	1.58194747202771
80.3955985489722	21.0566432889964	0	1	1.58194747202785
80.3944830713422	21.1566717049577	0	1	1.58194747202771
80.3933675937122	21.256700120919	0	1	1.58194747202771
80.3922521160822	21.3567285368803	0	1	1.58194747202785
80.3911366384522	21.4567569528416	0	1	1.58194747202771
80.3900211608222	21.5567853688029	0	1	1.58194747202671
80.3889056831923	21.6568137847642	0	1	1.58194747202785
80.3877902055623	21.7568422007255	0	1	1.58194747202771
80.3866747279323	21.8568706166868	0	1	1.58194747202785
80.3855592503023	21.9568990326481	0	1	1.58194747202771
80.3844437726723	22.0569274486094	0	1	1.58194747202771
80.3833282950423	22.1569558645707	0	1	1.58194747202785
80.3822128174123	22.256984280532	0	1	1.5819474720277
80.3810973397823	22.3570126964934	0	1	1.58194747202771
80.3799818621523	22.4570411124547	0	1	1.58194747202685
80.3788663845224	22.557069528416	0	1	1.58194747202771
80.3777509068924	22.6570979443773	0	1	1.58194747202785
80.3766354292624	22.7571263603386	0	1	1.58194747202771
80.3755199516324	22.8571547762999	0	1	1.58194747202771
80.3744044740024	22.9571831922612	0	1	1.58194747202785
80.3732889963724	23.0572116082225	0	1	1.58194747202771
80.3721735187424	23.1572400241838	0	1	1.58194747202671
80.3710580411125	23.2572684401451	0	1	1.58194747202785
80.3699425634825	23.3572968561064	0	1	1.58194747202771
80.3688270858525	23.4573252720677	0	1	1.58194747202771
80.3677116082225	23.557353688029	0	1	1.58194747202785
80.3665961305925	23.6573821039903	0	1	1.58194747202771
80.3654806529625	23.7574105199516	0	1	1.58194747202785
80.3643651753325	23.8574389359129	0	1	1.58194747202771
80.3632496977025	23.9574673518742	0	1	1.58194747202771
80.3621342200725	24.0574957678355	0	1	1.58194747202684
80.3610187424426	24.1575241837969	0	1	1.58194747202771
80.3599032648126	24.2575525997582	0	1	1.58194747202771
80.3587877871826	24.3575810157195	0	1	1.58194747202785
80.3576723095526	24.4576094316808	0	1	1.58194747202771
80.3565568319226	24.5576378476421	0	1	1.58194747202785
80.3554413542926	24.6576662636034	0	1	1.58194747202771
80.3543258766626	24.7576946795647	0	1	1.58194747202771
80.3532103990326	24.857723095526	0	1	1.58194747202685
80.3520949214027	24.9577515114873	0	1	1.58194747202771
80.3509794437727	25.0577799274486	0	1	1.58194747202771
80.3498639661427	25.1578083434099	0	1	1.58194747202785
80.3487484885127	25.2578367593712	0	1	1.58194747202771
80.3476330108827	25.3578651753325	0	1	1.58194747202785
80.3465175332527	25.4578935912938	0	1	1.58194747202771
80.3454020556227	25.5579220072551	0	1	1.58194747202771
80.3442865779927	25.6579504232164	0	1	1.58194747202684
80.3431711003628	25.7579788391778	0	1	1.58194747202771
80.3420556227328	25.8580072551391	0	1	1.58194747202771
80.3409401451028	25.9580356711004	0	1	1.58194747202785
80.3398246674728	26.0580640870617	0	1	1.58194747202771
80.3387091898428	26.158092503023	0	1	1.58194747202785
80.3375937122128	26.2581209189843	0	1	1.58194747202771
80.3364782345828	26.3581493349456	0	1	1.58194747202771
80.3353627569528	26.4581777509069	0	1	1.58194747202685
80.3342472793229	26.5582061668682	0	1	1.58194747202771
80.3331318016929	26.6582345828295	0	1	1.58194747202771
80.3320163240629	26.7582629987908	0	1	1.58194747202785
80.3309008464329	26.8582914147521	0	1	1.58194747202771
80.3297853688029	26.9583198307134	0	1	1.58194747202785
80.3286698911729	27.0583482466747	0	1	1.58194747202771
80.3275544135429	27.158376662636	0	1	1.58194747202771
80.3264389359129	27.2584050785973	0	1	1.58194747202685
80.325323458283	27.3584334945586	0	1	1.5819474720277
80.324207980653	27.45846191052	0	1	1.58194747202771
80.323092503023	27.5584903264813	0	1	1.58194747202785
80.321977025393	27.6585187424426	0	1	1.58194747202771
80.320861547763	27.7585471584039	0	1	1.58194747202785
80.319746070133	27.8585755743652	0	1	1.58194747202771
80.318630592503	27.9586039903265	0	1	1.58194747202771
80.317515114873	28.0586324062878	0	1	1.58194747202685
80.3163996372431	28.1586608222491	0	1	1.58194747202771
80.3152841596131	28.2586892382104	0	1	1.58194747202771
80.3141686819831	28.3587176541717	0	1	1.58194747202785
80.3130532043531	28.458746070133	0	1	1.58194747202771
80.3119377267231	28.5587744860943	0	1	1.58194747202771
80.3108222490931	28.6588029020556	0	1	1.58194747202785
80.3097067714631	28.7588313180169	0	1	1.58194747202771
80.3085912938331	28.8588597339782	0	1	1.58194747202785
80.3074758162031	28.9588881499395	0	1	1.58194747202771
80.3063603385731	29.0589165659008	0	1	1.5819474720267
80.3052448609432	29.1589449818622	0	1	1.58194747202785
80.3041293833132	29.2589733978235	0	1	1.58194747202771
80.3030139056832	29.3590018137848	0	1	1.58194747202771
80.3018984280532	29.4590302297461	0	1	1.58194747202785
80.3007829504232	29.5590586457074	0	1	1.58194747202771
80.2996674727932	29.6590870616687	0	1	1.58194747202785
80.2985519951632	29.75911547763	0	1	1.58194747202771
80.2974365175332	29.8591438935913	0	1	1.58194747202671
80.2963210399033	29.9591723095526	0	1	1.58194747202785
80.2952055622733	30.0592007255139	0	1	1.58194747202771
80.2940900846433	30.1592291414752	0	1	1.58194747202771
80.2929746070133	30.2592575574365	0	1	1.58194747202785
80.2918591293833	30.3592859733978	0	1	1.58194747202771
80.2907436517533	30.4593143893591	0	1	1.58194747202785
80.2896281741233	30.5593428053204	0	1	1.58194747202771
80.2885126964933	30.6593712212817	0	1	1.58194747202671
80.2873972188634	30.759399637243	0	1	1.58194747202784
80.2862817412334	30.8594280532044	0	1	1.58194747202771
80.2851662636034	30.9594564691657	0	1	1.58194747202771
80.2840507859734	31.059484885127	0	1	1.58194747202785
80.2829353083434	31.1595133010883	0	1	1.58194747202771
80.2818198307134	31.2595417170496	0	1	1.58194747202785
80.2807043530834	31.3595701330109	0	1	1.58194747202771
80.2795888754534	31.4595985489722	0	1	1.58194747202771
80.2784733978234	31.5596269649335	0	1	1.58194747202685
80.2773579201935	31.6596553808948	0	1	1.58194747202771
80.2762424425635	31.7596837968561	0	1	1.58194747202771
80.2751269649335	31.8597122128174	0	1	1.58194747202785
80.2740114873035	31.9597406287787	0	1	1.58194747202771
80.2728960096735	32.05976904474	0	1	1.58194747202785
80.2717805320435	32.1597974607013	0	1	1.58194747202771
80.2706650544135	32.2598258766626	0	1	1.58194747202771
80.2695495767835	32.3598542926239	0	1	1.58194747202685
80.2684340991536	32.4598827085852	0	1	1.58194747202769
80.2673186215236	32.5599111245466	0	1	1.58194747202771
80.2662031438936	32.6599395405079	0	1	1.58194747202785
80.2650876662636	32.7599679564692	0	1	1.58194747202771
80.2639721886336	32.8599963724305	0	1	1.58194747202785
80.2628567110036	32.9600247883918	0	1	1.58194747202771
80.2617412333736	33.0600532043531	0	1	1.58194747202771
80.2606257557436	33.1600816203144	0	1	1.58194747202685
80.2595102781137	33.2601100362757	0	1	1.58194747202771
80.2583948004837	33.360138452237	0	1	1.58194747202771
80.2572793228537	33.4601668681983	0	1	1.58194747202785
80.2561638452237	33.5601952841596	0	1	1.58194747202771
80.2550483675937	33.6602237001209	0	1	1.58194747202771
80.2539328899637	33.7602521160822	0	1	1.58194747202785
80.2528174123337	33.8602805320435	0	1	1.58194747202771
80.2517019347037	33.9603089480048	0	1	1.58194747202685
80.2505864570738	34.0603373639661	0	1	1.58194747202769
80.2494709794438	34.1603657799275	0	1	1.58194747202771
80.2483555018138	34.2603941958888	0	1	1.58194747202785
80.2472400241838	34.3604226118501	0	1	1.58194747202771
80.2461245465538	34.4604510278114	0	1	1.58194747202771
80.2450090689238	34.5604794437727	0	1	1.58194747202785
80.2438935912938	34.660507859734	0	1	1.58194747202771
80.2427781136638	34.7605362756953	0	1	1.58194747202685
80.2416626360339	34.8605646916566	0	1	1.58194747202771
80.2405471584039	34.9605931076179	0	1	1.58194747202771
80.2394316807739	35.0606215235792	0	1	1.58194747202785
80.2383162031439	35.1606499395405	0	1	1.58194747202771
80.2372007255139	35.2606783555018	0	1	1.58194747202771
80.2360852478839	35.3607067714631	0	1	1.58194747202785
80.2349697702539	35.4607351874244	0	1	1.58194747202771
80.2338542926239	35.5607636033857	0	1	1.58194747202685
80.232738814994	35.660792019347	0	1	1.58194747202771
80.231623337364	35.7608204353083	0	1	1.58194747202769
80.230507859734	35.8608488512697	0	1	1.58194747202785
80.229392382104	35.960877267231	0	1	1.58194747202771
80.228276904474	36.0609056831923	0	1	1.58194747202771
80.227161426844	36.1609340991536	0	1	1.58194747202785
80.226045949214	36.2609625151149	0	1	1.58194747202771
80.224930471584	36.3609909310762	0	1	1.58194747202685
80.2238149939541	36.4610193470375	0	1	1.58194747202771
80.2226995163241	36.5610477629988	0	1	1.58194747202771
80.2215840386941	36.6610761789601	0	1	1.58194747202785
80.2204685610641	36.7611045949214	0	1	1.58194747202771
80.2193530834341	36.8611330108827	0	1	1.58194747202771
80.2182376058041	36.961161426844	0	1	1.58194747202785
80.2171221281741	37.0611898428053	0	1	1.58194747202771
80.2160066505441	37.1612182587666	0	1	1.58194747202685
80.2148911729142	37.2612466747279	0	1	1.58194747202771
80.2137756952842	37.3612750906892	0	1	1.58194747202771
80.2126602176542	37.4613035066505	0	1	1.58194747202785
80.2115447400242	37.5613319226118	0	1	1.58194747202769
80.2104292623942	37.6613603385732	0	1	1.58194747202771
80.2093137847642	37.7613887545345	0	1	1.58194747202785
80.2081983071342	37.8614171704958	0	1	1.58194747202771
80.2070828295042	37.9614455864571	0	1	1.58194747202785
80.2059673518742	38.0614740024184	0	1	1.58194747202771
80.2048518742442	38.1615024183797	0	1	1.58194747202671
80.2037363966143	38.261530834341	0	1	1.58194747202785
80.2026209189843	38.3615592503023	0	1	1.58194747202771
80.2015054413543	38.4615876662636	0	1	1.58194747202771
80.2003899637243	38.5616160822249	0	1	1.58194747202785
80.1992744860943	38.6616444981862	0	1	1.58194747202771
80.1981590084643	38.7616729141475	0	1	1.58194747202771
80.1970435308343	38.8617013301088	0	1	1.58194747202785
80.1959280532043	38.9617297460701	0	1	1.58194747202671
80.1948125755744	39.0617581620314	0	1	1.58194747202785
80.1936970979444	39.1617865779927	0	1	1.58194747202771
80.1925816203144	39.261814993954	0	1	1.58194747202769
80.1914661426844	39.3618434099154	0	1	1.58194747202785
80.1903506650544	39.4618718258767	0	1	1.58194747202771
80.1892351874244	39.561900241838	0	1	1.58194747202771
80.1881197097944	39.6619286577993	0	1	1.58194747202785
80.1870042321644	39.7619570737606	0	1	1.58194747202671
80.1858887545345	39.8619854897219	0	1	1.58194747202785
80.1847732769045	39.9620139056832	0	1	1.58194747202771
80.1836577992745	40.0620423216445	0	1	1.58194747202771
80.1825423216445	40.1620707376058	0	1	1.58194747202785
80.1814268440145	40.2620991535671	0	1	1.58194747202771
80.1803113663845	40.3621275695284	0	1	1.58194747202771
80.1791958887545	40.4621559854897	0	1	1.58194747202785
80.1780804111245	40.562184401451	0	1	1.58194747202671
80.1769649334946	40.6622128174123	0	1	1.58194747202785
80.1758494558646	40.7622412333736	0	1	1.58194747202771
80.1747339782346	40.8622696493349	0	1	1.58194747202771
80.1736185006046	40.9622980652962	0	1	1.58194747202784
80.1725030229746	41.0623264812576	0	1	1.58194747202771
80.1713875453446	41.1623548972189	0	1	1.58194747202771
80.1702720677146	41.2623833131802	0	1	1.58194747202785
80.1691565900846	41.3624117291415	0	1	1.58194747202671
80.1680411124547	41.4624401451028	0	1	1.58194747202785
80.1669256348247	41.5624685610641	0	1	1.58194747202771
80.1658101571947	41.6624969770254	0	1	1.58194747202771
80.1646946795647	41.7625253929867	0	1	1.58194747202785
80.1635792019347	41.862553808948	0	1	1.58194747202771
80.1624637243047	41.9625822249093	0	1	1.58194747202771
80.1613482466747	42.0626106408706	0	1	1.58194747202785
80.1602327690447	42.1626390568319	0	1	1.58194747202671
80.1591172914148	42.2626674727932	0	1	1.58194747202785
80.1580018137848	42.3626958887545	0	1	1.58194747202771
80.1568863361548	42.4627243047158	0	1	1.58194747202771
80.1557708585248	42.5627527206771	0	1	1.58194747202784
80.1546553808948	42.6627811366385	0	1	1.58194747202771
80.1535399032648	42.7628095525998	0	1	1.58194747202771
80.1524244256348	42.8628379685611	0	1	1.58194747202785
80.1513089480048	42.9628663845224	0	1	1.58194747202671
80.1501934703749	43.0628948004837	0	1	1.58194747202771
80.1490779927449	43.162923216445	0	1	1.58194747202785
80.1479625151149	43.2629516324063	0	1	1.58194747202771
80.1468470374849	43.3629800483676	0	1	1.58194747202785
80.1457315598549	43.4630084643289	0	1	1.58194747202771
80.1446160822249	43.5630368802902	0	1	1.58194747202771
80.1435006045949	43.6630652962515	0	1	1.58194747202785
80.1423851269649	43.7630937122128	0	1	1.58194747202771
80.1412696493349	43.8631221281741	0	1	1.58194747202771
80.1401541717049	43.9631505441354	0	1	1.58194747202685
80.139038694075	44.0631789600967	0	1	1.58194747202771
80.137923216445	44.163207376058	0	1	1.58194747202784
80.136807738815	44.2632357920194	0	1	1.58194747202772
80.135692261185	44.3632642079806	0	1	1.58194747202769
80.134576783555	44.463292623942	0	1	1.58194747202785
80.133461305925	44.5633210399033	0	1	1.58194747202771
80.132345828295	44.6633494558646	0	1	1.58194747202771
80.131230350665	44.7633778718259	0	1	1.58194747202685
80.1301148730351	44.8634062877872	0	1	1.58194747202771
80.1289993954051	44.9634347037485	0	1	1.58194747202785
80.1278839177751	45.0634631197098	0	1	1.58194747202771
80.1267684401451	45.1634915356711	0	1	1.58194747202771
80.1256529625151	45.2635199516324	0	1	1.58194747202785
80.1245374848851	45.3635483675937	0	1	1.58194747202771
80.1234220072551	45.463576783555	0	1	1.58194747202771
80.1223065296251	45.5636051995163	0	1	1.58194747202685
80.1211910519952	45.6636336154776	0	1	1.58194747202771
80.1200755743652	45.7636620314389	0	1	1.58194747202785
80.1189600967352	45.8636904474002	0	1	1.58194747202771
80.1178446191052	45.9637188633615	0	1	1.5819474720277
80.1167291414752	46.0637472793229	0	1	1.58194747202785
80.1156136638452	46.1637756952842	0	1	1.58194747202771
80.1144981862152	46.2638041112455	0	1	1.58194747202771
80.1133827085852	46.3638325272068	0	1	1.58194747202685
80.1122672309553	46.4638609431681	0	1	1.58194747202771
80.1111517533253	46.5638893591294	0	1	1.58194747202785
80.1100362756953	46.6639177750907	0	1	1.58194747202771
80.1089207980653	46.763946191052	0	1	1.58194747202771
80.1078053204353	46.8639746070133	0	1	1.58194747202785
80.1066898428053	46.9640030229746	0	1	1.58194747202771
80.1055743651753	47.0640314389359	0	1	1.58194747202771
80.1044588875453	47.1640598548972	0	1	1.58194747202685
80.1033434099154	47.2640882708585	0	1	1.58194747202771
80.1022279322854	47.3641166868198	0	1	1.58194747202785
80.1011124546554	47.4641451027811	0	1	1.58194747202771
80.0999969770254	47.5641735187424	0	1	1.58194747202771
80.0988814993954	47.6642019347037	0	1	1.58194747202784
80.0977660217654	47.7642303506651	0	1	1.58194747202771
80.0966505441354	47.8642587666264	0	1	1.58194747202771
80.0955350665054	47.9642871825877	0	1	1.58194747202685
80.0944195888755	48.064315598549	0	1	1.58194747202771
80.0933041112455	48.1643440145103	0	1	1.58194747202771
80.0921886336155	48.2643724304716	0	1	1.58194747202785
80.0910731559855	48.3644008464329	0	1	1.58194747202771
80.0899576783555	48.4644292623942	0	1	1.58194747202785
80.0888422007255	48.5644576783555	0	1	1.58194747202771
80.0877267230955	48.6644860943168	0	1	1.58194747202771
80.0866112454655	48.7645145102781	0	1	1.58194747202785
80.0854957678355	48.8645429262394	0	1	1.58194747202671
80.0843802902056	48.9645713422007	0	1	1.58194747202771
80.0832648125756	49.064599758162	0	1	1.58194747202785
80.0821493349456	49.1646281741233	0	1	1.58194747202771
80.0810338573156	49.2646565900846	0	1	1.58194747202785
80.0799183796856	49.3646850060459	0	1	1.5819474720277
80.0788029020556	49.4647134220073	0	1	1.58194747202771
80.0776874244256	49.5647418379686	0	1	1.58194747202785
80.0765719467956	49.6647702539299	0	1	1.58194747202671
80.0754564691657	49.7647986698912	0	1	1.58194747202771
80.0743409915357	49.8648270858525	0	1	1.58194747202785
80.0732255139057	49.9648555018138	0	1	1.58194747202771
80.0721100362757	50.0648839177751	0	1	1.58194747202785
80.0709945586457	50.1649123337364	0	1	1.58194747202771
80.0698790810157	50.2649407496977	0	1	1.58194747202771
80.0687636033857	50.364969165659	0	1	1.58194747202785
80.0676481257557	50.4649975816203	0	1	1.58194747202671
80.0665326481258	50.5650259975816	0	1	1.58194747202771
80.0654171704958	50.6650544135429	0	1	1.58194747202785
80.0643016928658	50.7650828295042	0	1	1.58194747202771
80.0631862152358	50.8651112454655	0	1	1.58194747202785
80.0620707376058	50.9651396614268	0	1	1.58194747202769
80.0609552599758	51.0651680773882	0	1	1.58194747202772
80.0598397823458	51.1651964933494	0	1	1.58194747202784
80.0587243047158	51.2652249093108	0	1	1.58194747202771
80.0576088270858	51.3652533252721	0	1	1.58194747202671
80.0564933494559	51.4652817412334	0	1	1.58194747202785
80.0553778718259	51.5653101571947	0	1	1.58194747202771
80.0542623941959	51.665338573156	0	1	1.58194747202785
80.0531469165659	51.7653669891173	0	1	1.58194747202771
80.0520314389359	51.8653954050786	0	1	1.58194747202771
80.0509159613059	51.9654238210399	0	1	1.58194747202785
80.0498004836759	52.0654522370012	0	1	1.58194747202771
80.0486850060459	52.1654806529625	0	1	1.58194747202671
80.047569528416	52.2655090689238	0	1	1.58194747202785
80.046454050786	52.3655374848851	0	1	1.58194747202771
80.045338573156	52.4655659008464	0	1	1.58194747202785
80.044223095526	52.5655943168077	0	1	1.58194747202771
80.043107617896	52.665622732769	0	1	1.58194747202771
80.041992140266	52.7656511487303	0	1	1.58194747202784
80.040876662636	52.8656795646917	0	1	1.58194747202771
80.039761185006	52.965707980653	0	1	1.58194747202771
80.038645707376	53.0657363966143	0	1	1.58194747202685
80.0375302297461	53.1657648125756	0	1	1.58194747202771
80.0364147521161	53.2657932285369	0	1	1.58194747202771
80.0352992744861	53.3658216444982	0	1	1.58194747202785
80.0341837968561	53.4658500604595	0	1	1.58194747202771
80.0330683192261	53.5658784764208	0	1	1.58194747202785
80.0319528415961	53.6659068923821	0	1	1.58194747202771
80.0308373639661	53.7659353083434	0	1	1.58194747202771
80.0297218863361	53.8659637243047	0	1	1.58194747202685
80.0286064087062	53.965992140266	0	1	1.58194747202771
80.0274909310762	54.0660205562273	0	1	1.58194747202771
80.0263754534462	54.1660489721886	0	1	1.58194747202785
80.0252599758162	54.2660773881499	0	1	1.58194747202771
80.0241444981862	54.3661058041112	0	1	1.58194747202784
80.0230290205562	54.4661342200726	0	1	1.58194747202771
80.0219135429262	54.5661626360339	0	1	1.58194747202771
80.0207980652962	54.6661910519952	0	1	1.58194747202685
80.0196825876663	54.7662194679565	0	1	1.58194747202771
80.0185671100363	54.8662478839178	0	1	1.58194747202771
80.0174516324063	54.9662762998791	0	1	1.58194747202785
80.0163361547763	55.0663047158404	0	1	1.58194747202771
80.0152206771463	55.1663331318017	0	1	1.58194747202785
80.0141051995163	55.266361547763	0	1	1.58194747202771
80.0129897218863	55.3663899637243	0	1	1.58194747202771
80.0118742442563	55.4664183796856	0	1	1.58194747202685
80.0107587666264	55.5664467956469	0	1	1.58194747202771
80.0096432889964	55.6664752116082	0	1	1.58194747202771
80.0085278113664	55.7665036275695	0	1	1.58194747202785
80.0074123337364	55.8665320435308	0	1	1.58194747202771
80.0062968561064	55.9665604594921	0	1	1.58194747202785
80.0051813784764	56.0665888754534	0	1	1.58194747202769
80.0040659008464	56.1666172914148	0	1	1.58194747202771
80.0029504232164	56.2666457073761	0	1	1.58194747202685
80.0018349455865	56.3666741233374	0	1	1.58194747202771
80.0007194679565	56.4667025392987	0	1	1.58194747202771
79.9996039903265	56.56673095526	0	1	1.58194747202785
79.9984885126965	56.6667593712213	0	1	1.58194747202771
79.9973730350665	56.7667877871826	0	1	1.58194747202785
79.9962575574365	56.8668162031439	0	1	1.58194747202771
79.9951420798065	56.9668446191052	0	1	1.58194747202771
79.9940266021765	57.0668730350665	0	1	1.58194747202685
79.9929111245466	57.1669014510278	0	1	1.58194747202771
79.9917956469166	57.2669298669891	0	1	1.58194747202771
79.9906801692866	57.3669582829504	0	1	1.58194747202785
79.9895646916566	57.4669866989117	0	1	1.58194747202771
79.9884492140266	57.567015114873	0	1	1.58194747202785
79.9873337363966	57.6670435308343	0	1	1.58194747202771
79.9862182587666	57.7670719467956	0	1	1.58194747202771
79.9851027811366	57.8671003627569	0	1	1.58194747202784
79.9839873035066	57.9671287787183	0	1	1.58194747202671
79.9828718258767	58.0671571946796	0	1	1.58194747202771
79.9817563482467	58.1671856106409	0	1	1.58194747202785
79.9806408706167	58.2672140266022	0	1	1.58194747202771
79.9795253929867	58.3672424425635	0	1	1.58194747202771
79.9784099153567	58.4672708585248	0	1	1.58194747202785
79.9772944377267	58.5672992744861	0	1	1.58194747202771
79.9761789600967	58.6673276904474	0	1	1.58194747202785
79.9750634824667	58.7673561064087	0	1	1.58194747202671
79.9739480048368	58.86738452237	0	1	1.58194747202771
79.9728325272068	58.9674129383313	0	1	1.58194747202785
79.9717170495768	59.0674413542926	0	1	1.58194747202771
79.9706015719468	59.1674697702539	0	1	1.58194747202771
79.9694860943168	59.2674981862152	0	1	1.58194747202785
79.9683706166868	59.3675266021765	0	1	1.58194747202769
79.9672551390568	59.4675550181379	0	1	1.58194747202786
79.9661396614268	59.5675834340991	0	1	1.5819474720267
79.9650241837969	59.6676118500605	0	1	1.58194747202771
79.9639087061669	59.7676402660218	0	1	1.58194747202785
79.9627932285369	59.8676686819831	0	1	1.58194747202771
79.9616777509069	59.9676970979444	0	1	1.58194747202771
79.9605622732769	60.0677255139057	0	1	1.58194747202785
79.9594467956469	60.167753929867	0	1	1.58194747202771
79.9583313180169	60.2677823458283	0	1	1.58194747202785
79.9572158403869	60.3678107617896	0	1	1.58194747202671
79.956100362757	60.4678391777509	0	1	1.58194747202771
79.954984885127	60.5678675937122	0	1	1.58194747202785
79.953869407497	60.6678960096735	0	1	1.58194747202771
79.952753929867	60.7679244256348	0	1	1.58194747202771
79.951638452237	60.8679528415961	0	1	1.58194747202785
79.950522974607	60.9679812575574	0	1	1.58194747202771
79.949407496977	61.0680096735187	0	1	1.58194747202785
79.948292019347	61.16803808948	0	1	1.5819474720267
79.9471765417171	61.2680665054414	0	1	1.58194747202771
79.9460610640871	61.3680949214027	0	1	1.58194747202785
79.9449455864571	61.468123337364	0	1	1.58194747202771
79.9438301088271	61.5681517533253	0	1	1.58194747202771
79.9427146311971	61.6681801692866	0	1	1.58194747202785
79.9415991535671	61.7682085852479	0	1	1.58194747202771
79.9404836759371	61.8682370012092	0	1	1.58194747202785
79.9393681983071	61.9682654171705	0	1	1.58194747202771
79.9382527206771	62.0682938331318	0	1	1.58194747202671
79.9371372430472	62.1683222490931	0	1	1.58194747202785
79.9360217654172	62.2683506650544	0	1	1.58194747202771
79.9349062877872	62.3683790810157	0	1	1.58194747202771
79.9337908101572	62.468407496977	0	1	1.58194747202785
79.9326753325272	62.5684359129383	0	1	1.58194747202771
79.9315598548972	62.6684643288996	0	1	1.58194747202785
79.9304443772672	62.7684927448609	0	1	1.58194747202771
79.9293288996372	62.8685211608222	0	1	1.58194747202769
79.9282134220072	62.9685495767836	0	1	1.58194747202685
79.9270979443773	63.0685779927449	0	1	1.58194747202771
79.9259824667473	63.1686064087062	0	1	1.58194747202771
79.9248669891173	63.2686348246675	0	1	1.58194747202785
79.9237515114873	63.3686632406288	0	1	1.58194747202771
79.9226360338573	63.4686916565901	0	1	1.58194747202771
79.9215205562273	63.5687200725514	0	1	1.58194747202785
79.9204050785973	63.6687484885127	0	1	1.58194747202771
79.9192896009673	63.768776904474	0	1	1.58194747202685
79.9181741233374	63.8688053204353	0	1	1.58194747202771
79.9170586457074	63.9688337363966	0	1	1.58194747202771
79.9159431680774	64.0688621523579	0	1	1.58194747202785
79.9148276904474	64.1688905683192	0	1	1.58194747202771
79.9137122128174	64.2689189842805	0	1	1.58194747202771
79.9125967351874	64.3689474002418	0	1	1.58194747202784
79.9114812575574	64.4689758162032	0	1	1.58194747202772
79.9103657799274	64.5690042321644	0	1	1.58194747202684
79.9092503022975	64.6690326481258	0	1	1.58194747202771
79.9081348246675	64.7690610640871	0	1	1.58194747202771
79.9070193470375	64.8690894800484	0	1	1.58194747202785
79.9059038694075	64.9691178960097	0	1	1.58194747202771
79.9047883917775	65.069146311971	0	1	1.58194747202771
79.9036729141475	65.1691747279323	0	1	1.58194747202785
79.9025574365175	65.2692031438936	0	1	1.58194747202771
79.9014419588875	65.3692315598549	0	1	1.58194747202685
79.9003264812576	65.4692599758162	0	1	1.58194747202771
79.8992110036276	65.5692883917775	0	1	1.58194747202771
79.8980955259976	65.6693168077388	0	1	1.58194747202785
79.8969800483676	65.7693452237001	0	1	1.58194747202771
79.8958645707376	65.8693736396614	0	1	1.58194747202771
79.8947490931076	65.9694020556227	0	1	1.58194747202785
79.8936336154776	66.069430471584	0	1	1.58194747202771
79.8925181378476	66.1694588875453	0	1	1.58194747202684
79.8914026602177	66.2694873035067	0	1	1.58194747202772
79.8902871825877	66.3695157194679	0	1	1.58194747202769
79.8891717049577	66.4695441354293	0	1	1.58194747202785
79.8880562273277	66.5695725513906	0	1	1.58194747202771
79.8869407496977	66.6696009673519	0	1	1.58194747202771
79.8858252720677	66.7696293833132	0	1	1.58194747202785
79.8847097944377	66.8696577992745	0	1	1.58194747202771
79.8835943168077	66.9696862152358	0	1	1.58194747202685
79.8824788391778	67.0697146311971	0	1	1.58194747202771
79.8813633615478	67.1697430471584	0	1	1.58194747202771
79.8802478839178	67.2697714631197	0	1	1.58194747202785
79.8791324062878	67.369799879081	0	1	1.58194747202771
79.8780169286578	67.4698282950423	0	1	1.58194747202771
79.8769014510278	67.5698567110036	0	1	1.58194747202785
79.8757859733978	67.6698851269649	0	1	1.58194747202771
79.8746704957678	67.7699135429262	0	1	1.58194747202785
79.8735550181378	67.8699419588875	0	1	1.5819474720267
79.8724395405079	67.9699703748489	0	1	1.58194747202771
79.8713240628779	68.0699987908102	0	1	1.58194747202785
79.8702085852479	68.1700272067715	0	1	1.58194747202771
79.8690931076179	68.2700556227328	0	1	1.58194747202771
79.8679776299879	68.3700840386941	0	1	1.58194747202785
79.8668621523579	68.4701124546554	0	1	1.58194747202771
79.8657466747279	68.5701408706167	0	1	1.58194747202771
79.8646311970979	68.670169286578	0	1	1.58194747202685
79.863515719468	68.7701977025393	0	1	1.58194747202771
79.862400241838	68.8702261185006	0	1	1.58194747202785
79.861284764208	68.9702545344619	0	1	1.58194747202771
79.860169286578	69.0702829504232	0	1	1.58194747202771
79.859053808948	69.1703113663845	0	1	1.58194747202785
79.857938331318	69.2703397823458	0	1	1.58194747202771
79.856822853688	69.3703681983071	0	1	1.58194747202771
79.855707376058	69.4703966142684	0	1	1.58194747202785
79.854591898428	69.5704250302297	0	1	1.58194747202671
79.8534764207981	69.670453446191	0	1	1.58194747202784
79.8523609431681	69.7704818621524	0	1	1.58194747202771
79.8512454655381	69.8705102781137	0	1	1.58194747202771
79.8501299879081	69.970538694075	0	1	1.58194747202785
79.8490145102781	70.0705671100363	0	1	1.58194747202771
79.8478990326481	70.1705955259976	0	1	1.58194747202771
79.8467835550181	70.2706239419589	0	1	1.58194747202785
79.8456680773881	70.3706523579202	0	1	1.58194747202671
79.8445525997582	70.4706807738815	0	1	1.58194747202785
79.8434371221282	70.5707091898428	0	1	1.58194747202771
79.8423216444982	70.6707376058041	0	1	1.58194747202771
79.8412061668682	70.7707660217654	0	1	1.58194747202785
79.8400906892382	70.8707944377267	0	1	1.58194747202771
79.8389752116082	70.970822853688	0	1	1.58194747202771
79.8378597339782	71.0708512696493	0	1	1.58194747202685
79.8367442563483	71.1708796856106	0	1	1.58194747202771
79.8356287787183	71.2709081015719	0	1	1.58194747202784
79.8345133010883	71.3709365175333	0	1	1.58194747202771
79.8333978234583	71.4709649334946	0	1	1.58194747202771
79.8322823458283	71.5709933494559	0	1	1.58194747202785
79.8311668681983	71.6710217654172	0	1	1.58194747202771
79.8300513905683	71.7710501813785	0	1	1.58194747202771
79.8289359129383	71.8710785973398	0	1	1.58194747202686
79.8278204353084	71.9711070133011	0	1	1.58194747202771
79.8267049576784	72.0711354292624	0	1	1.58194747202785
79.8255894800484	72.1711638452237	0	1	1.58194747202771
79.8244740024184	72.271192261185	0	1	1.58194747202771
79.8233585247884	72.3712206771463	0	1	1.58194747202785
79.8222430471584	72.4712490931076	0	1	1.58194747202771
79.8211275695284	72.5712775090689	0	1	1.58194747202771
79.8200120918984	72.6713059250302	0	1	1.58194747202785
79.8188966142684	72.7713343409915	0	1	1.58194747202771
79.8177811366384	72.8713627569528	0	1	1.5819474720267
79.8166656590085	72.9713911729142	0	1	1.58194747202786
79.8155501813785	73.0714195888754	0	1	1.58194747202769
79.8144347037485	73.1714480048368	0	1	1.58194747202785
79.8133192261185	73.2714764207981	0	1	1.58194747202771
79.8122037484885	73.3715048367594	0	1	1.58194747202771
79.8110882708585	73.4715332527207	0	1	1.58194747202785
79.8099727932285	73.571561668682	0	1	1.58194747202771
79.8088573155985	73.6715900846433	0	1	1.58194747202671
79.8077418379686	73.7716185006046	0	1	1.58194747202785
79.8066263603386	73.8716469165659	0	1	1.58194747202771
79.8055108827086	73.9716753325272	0	1	1.58194747202785
79.8043954050786	74.0717037484885	0	1	1.58194747202771
79.8032799274486	74.1717321644498	0	1	1.58194747202771
79.8021644498186	74.2717605804111	0	1	1.58194747202785
79.8010489721886	74.3717889963724	0	1	1.58194747202771
79.7999334945586	74.4718174123337	0	1	1.58194747202771
79.7988180169286	74.571845828295	0	1	1.58194747202685
79.7977025392987	74.6718742442563	0	1	1.58194747202769
79.7965870616687	74.7719026602177	0	1	1.58194747202785
79.7954715840387	74.871931076179	0	1	1.58194747202771
79.7943561064087	74.9719594921403	0	1	1.58194747202771
79.7932406287787	75.0719879081016	0	1	1.58194747202785
79.7921251511487	75.1720163240629	0	1	1.58194747202771
79.7910096735187	75.2720447400242	0	1	1.58194747202771
79.7898941958887	75.3720731559855	0	1	1.58194747202686
79.7887787182588	75.4721015719468	0	1	1.58194747202771
79.7876632406288	75.5721299879081	0	1	1.58194747202785
79.7865477629988	75.6721584038694	0	1	1.58194747202771
79.7854322853688	75.7721868198307	0	1	1.58194747202771
79.7843168077388	75.872215235792	0	1	1.58194747202785
79.7832013301088	75.9722436517533	0	1	1.58194747202771
79.7820858524788	76.0722720677146	0	1	1.58194747202771
79.7809703748488	76.1723004836759	0	1	1.58194747202685
79.7798548972189	76.2723288996372	0	1	1.58194747202771
79.7787394195889	76.3723573155985	0	1	1.58194747202784
79.7776239419589	76.4723857315599	0	1	1.58194747202771
79.7765084643289	76.5724141475212	0	1	1.58194747202771
79.7753929866989	76.6724425634825	0	1	1.58194747202785
79.7742775090689	76.7724709794438	0	1	1.58194747202771
79.7731620314389	76.8724993954051	0	1	1.58194747202771
79.7720465538089	76.9725278113664	0	1	1.58194747202686
79.770931076179	77.0725562273277	0	1	1.58194747202771
79.769815598549	77.172584643289	0	1	1.58194747202785
79.768700120919	77.2726130592503	0	1	1.58194747202771
79.767584643289	77.3726414752116	0	1	1.58194747202771
79.766469165659	77.4726698911729	0	1	1.58194747202785
79.765353688029	77.5726983071342	0	1	1.58194747202771
79.764238210399	77.6727267230955	0	1	1.58194747202771
79.763122732769	77.7727551390568	0	1	1.58194747202685
79.7620072551391	77.8727835550181	0	1	1.58194747202771
79.7608917775091	77.9728119709794	0	1	1.58194747202769
79.7597762998791	78.0728403869408	0	1	1.58194747202785
79.7586608222491	78.1728688029021	0	1	1.58194747202772
79.7575453446191	78.2728972188633	0	1	1.58194747202784
79.7564298669891	78.3729256348247	0	1	1.58194747202771
79.7553143893591	78.472954050786	0	1	1.58194747202771
79.7541989117291	78.5729824667473	0	1	1.58194747202686
79.7530834340992	78.6730108827086	0	1	1.58194747202771
79.7519679564692	78.7730392986699	0	1	1.58194747202771
79.7508524788392	78.8730677146312	0	1	1.58194747202785
79.7497370012092	78.9730961305925	0	1	1.58194747202771
79.7486215235792	79.0731245465538	0	1	1.58194747202785
79.7475060459492	79.1731529625151	0	1	1.58194747202771
79.7463905683192	79.2731813784764	0	1	1.58194747202771
79.7452750906892	79.3732097944377	0	1	1.58194747202685
79.7441596130593	79.473238210399	0	1	1.58194747202771
79.7430441354293	79.5732666263603	0	1	1.58194747202771
79.7419286577993	79.6732950423216	0	1	1.58194747202785
79.7408131801693	79.7733234582829	0	1	1.58194747202771
79.7396977025393	79.8733518742442	0	1	1.58194747202784
79.7385822249093	79.9733802902056	0	1	1.58194747202771
79.7374667472793	80.0734087061669	0	1	1.58194747202771
79.7363512696493	80.1734371221282	0	1	1.58194747202785
79.7352357920193	80.2734655380895	0	1	1.58194747202671
79.7341203143894	80.3734939540508	0	1	1.58194747202771
79.7330048367594	80.4735223700121	0	1	1.58194747202785
79.7318893591294	80.5735507859734	0	1	1.58194747202771
79.7307738814994	80.6735792019347	0	1	1.58194747202785
79.7296584038694	80.773607617896	0	1	1.58194747202771
79.7285429262394	80.8736360338573	0	1	1.58194747202771
79.7274274486094	80.9736644498186	0	1	1.58194747202785
79.7263119709794	81.0736928657799	0	1	1.58194747202671
79.7251964933495	81.1737212817412	0	1	1.58194747202771
79.7240810157195	81.2737496977025	0	1	1.58194747202785
79.7229655380895	81.3737781136638	0	1	1.5819474720277
79.7218500604595	81.4738065296252	0	1	1.58194747202786
79.7207345828295	81.5738349455864	0	1	1.58194747202769
79.7196191051995	81.6738633615478	0	1	1.58194747202771
79.7185036275695	81.7738917775091	0	1	1.58194747202785
79.7173881499395	81.8739201934704	0	1	1.58194747202671
79.7162726723096	81.9739486094317	0	1	1.58194747202771
79.7151571946796	82.073977025393	0	1	1.58194747202785
79.7140417170496	82.1740054413543	0	1	1.58194747202771
79.7129262394196	82.2740338573156	0	1	1.58194747202785
79.7118107617896	82.3740622732769	0	1	1.58194747202771
79.7106952841596	82.4740906892382	0	1	1.58194747202771
79.7095798065296	82.5741191051995	0	1	1.58194747202785
79.7084643288996	82.6741475211608	0	1	1.58194747202771
79.7073488512696	82.7741759371221	0	1	1.58194747202771
79.7062333736396	82.8742043530834	0	1	1.58194747202685
79.7051178960097	82.9742327690447	0	1	1.5819474720277
79.7040024183797	83.0742611850061	0	1	1.58194747202771
79.7028869407497	83.1742896009674	0	1	1.58194747202785
79.7017714631197	83.2743180169287	0	1	1.58194747202771
79.7006559854897	83.37434643289	0	1	1.58194747202785
79.6995405078597	83.4743748488513	0	1	1.58194747202771
79.6984250302297	83.5744032648126	0	1	1.58194747202771
79.6973095525997	83.6744316807739	0	1	1.58194747202686
79.6961940749698	83.7744600967352	0	1	1.58194747202771
79.6950785973398	83.8744885126965	0	1	1.58194747202771
79.6939631197098	83.9745169286578	0	1	1.58194747202785
79.6928476420798	84.0745453446191	0	1	1.58194747202771
79.6917321644498	84.1745737605804	0	1	1.58194747202785
79.6906166868198	84.2746021765417	0	1	1.58194747202771
79.6895012091898	84.374630592503	0	1	1.58194747202671
79.6883857315599	84.4746590084643	0	1	1.58194747202785
79.6872702539299	84.5746874244256	0	1	1.58194747202771
79.6861547762999	84.6747158403869	0	1	1.58194747202771
79.6850392986699	84.7747442563482	0	1	1.58194747202785
79.6839238210399	84.8747726723095	0	1	1.5819474720277
79.6828083434099	84.9748010882709	0	1	1.58194747202785
79.6816928657799	85.0748295042322	0	1	1.58194747202771
79.6805773881499	85.1748579201935	0	1	1.58194747202671
79.67946191052	85.2748863361548	0	1	1.58194747202785
79.67834643289	85.3749147521161	0	1	1.58194747202771
79.67723095526	85.4749431680774	0	1	1.58194747202771
79.67611547763	85.5749715840387	0	1	1.58194747202785
79.675	85.675	1	1	1.57898301227798
79.6741811948562	85.7750144506346	1	1	1.58138944096677
79.6731217146722	85.8750266412883	1	1	1.58379586965701
79.6718215655832	85.9750359928008	1	1	1.58620229834443
79.6702807551185	86.0750419260284	1	1	1.58860872703463
79.6684992922005	86.175043861847	1	1	1.59101515572334
79.6664771871456	86.2750412211559	1	1	1.59342158441332
79.6642144516635	86.3750334248808	1	1	1.59582801310084
79.6617110988577	86.475019893977	1	1	1.59823444179082
79.6589671432246	86.5750000494334	1	1	1.60064087047961
79.6559826006543	86.6749733122753	1	1	1.60304729916903
79.6527574884299	86.7749391035679	1	1	1.60545372785834
79.6492918252277	86.8748968444196	1	1	1.60786015654683
79.6455856311171	86.9748459559855	1	1	1.61026658523598
79.6416389275602	87.0747858594708	1	1	1.61267301392565
79.6374517374119	87.1747159761337	1	1	1.61507944261414
79.6330240849199	87.2746357272894	1	1	1.61748587130332
79.6283559957242	87.374544534313	1	1	1.61989229999209
79.6234474968573	87.4744418186428	1	1	1.62229872868145
79.6182986167437	87.5743270017842	1	1	1.62470515737044
79.6129093852001	87.6741995053123	1	1	1.62711158606004
79.6072798334349	87.7740587508759	1	1	1.62951801474828
79.6014099940484	87.8739041602005	1	1	1.63192444343768
79.5952999010321	87.9737351550915	1	1	1.63433087212741
79.5889495897689	88.0735511574382	1	1	1.63673730081595
79.5823590970329	88.1733515892163	1	1	1.63914372950513
79.5755284609889	88.273135872492	1	1	1.6415501581934
79.5684577211925	88.3729034294248	1	1	1.64395658688281
79.5611469185895	88.4726536822711	1	1	1.64636301557221
79.553596095516	88.5723860533876	1	1	1.64876944426188
79.545805295698	88.6720999652345	1	1	1.65117587294992
79.5377745642514	88.7717948403788	1	1	1.65358230163986
79.5295039476811	88.8714701014979	1	1	1.65598873032812
79.5209934938816	88.9711251713826	1	1	1.65839515901759
79.5122432521359	89.0707594729409	1	1	1.66080158770668
79.5032532731158	89.1703724292007	1	1	1.66320801639589
79.4940236088813	89.2699634633139	1	1	1.66561444508564
79.4845543128804	89.369531998559	1	1	1.66802087377349
79.474845439949	89.469077458345	1	1	1.67042730246286
79.46489704631	89.5685992662144	1	1	1.67283373115244
79.4547091895735	89.6680968458469	1	1	1.67524015984137
79.4442819287364	89.7675696210623	1	1	1.67764658853007
79.4336153241819	89.867017015824	1	1	1.68005301721888
79.4227094376792	89.9664384542424	1	1	1.6824594459081
79.4115643323831	90.0658333605785	1	1	1.68486587459785
79.4001800728337	90.1652011592464	1	1	1.68727230328626
79.3885567249562	90.2645412748178	1	1	1.6896787319759
79.3766943560601	90.3638531320241	1	1	1.69208516066462
79.3645930348392	90.4631361557609	1	1	1.69449158935355
79.352252831371	90.5623897710904	1	1	1.69689801804279
79.3396738171163	90.6616134032452	1	1	1.69930444673187
79.3268560649189	90.7608064776315	1	1	1.70171087542135
79.313799649005	90.8599684198326	1	1	1.70411730410959
79.3005046449831	90.9590986556119	1	1	1.70652373279977
79.286971129843	91.0581966109165	1	1	1.7089301614884
79.273199181956	91.1572617118805	1	1	1.7113365901765
79.2591888810741	91.2562933848282	1	1	1.71374301886651
79.2449403083293	91.3552910562773	1	1	1.71614944755579
79.2304535462337	91.4542541529426	1	1	1.71855587624418
79.2157286786787	91.5531821017392	1	1	1.72096230493365
79.2007657909344	91.6520743297854	1	1	1.72336873362298
79.1855649696493	91.7509302644068	1	1	1.72577516231162
79.1701263028499	91.8497493331388	1	1	1.72818159100089
79.1544498799398	91.9485309637305	1	1	1.73058801969001
79.1385357916996	92.0472745841477	1	1	1.73299444837926
79.1223841302861	92.1459796225763	1	1	1.73540087706739
79.105994989232	92.2446455074257	1	1	1.73780730575785
79.0893684634449	92.343271667332	1	1	1.7402137344461
79.0725046492075	92.4418575311613	1	1	1.74262016313548
79.0554036441763	92.5404025280131	1	1	1.74502659182375
79.0380655473815	92.6389060872237	1	1	1.747433020514
79.0204904592261	92.737367638369	1	1	1.74983944920192
79.0026784814858	92.8357866112684	1	1	1.75224587789198
78.9846297173077	92.934162435988	1	1	1.75465230658045
78.9663442712105	93.0324945428434	1	1	1.75705873526997
78.9478222490832	93.1307823624037	1	1	1.75946516395856
78.929063758185	93.2290253254944	1	1	1.76187159264795
78.9100689071443	93.3272228632005	1	1	1.76427802133756
78.8908378059583	93.4253744068704	1	1	1.76668445002606
78.8713705659924	93.5234793881187	1	1	1.76909087871539
78.8516672999793	93.6215372388295	1	1	1.77149730740347
78.8317281220187	93.71954739116	1	1	1.77390373609339
78.8115531475761	93.8175092775437	1	1	1.77631016478246
78.7911424934828	93.9154223306934	1	1	1.77871659347217
78.7704962779347	94.0132859836047	1	1	1.78112302215971
78.7496146204921	94.1110996695595	1	1	1.78352945084964
78.7284976420783	94.2088628221287	1	1	1.78593587953847
78.7071454649796	94.3065748751762	1	1	1.7883423082282
78.6855582128442	94.4042352628615	1	1	1.79074873691678
78.6637360106817	94.5018434196436	1	1	1.79315516560605
78.6416789848622	94.5993987802836	1	1	1.79556159429537
78.6193872631156	94.6969007798486	1	1	1.79796802298328
78.5968609745311	94.7943488537147	1	1	1.800374451674
78.5741002495558	94.8917424375702	1	1	1.80278088036203
78.551105219995	94.9890809674189	1	1	1.80518730905105
78.5278760190104	95.0863638795835	1	1	1.80759373774048
78.5044127811199	95.1835906107087	1	1	1.81000016642911
78.4807156421967	95.2807605977647	1	1	1.8124065951187
78.4567847394684	95.3778732780501	1	1	1.81481302380716
78.4326202115165	95.4749280891955	1	1	1.81721945249712
78.4082221982751	95.5719244691665	1	1	1.81962588118582
78.3835908410307	95.6688618562672	1	1	1.82203230987477
78.3587262824209	95.7657396891432	1	1	1.82443873856385
78.3336286664338	95.862557406785	1	1	1.82684516725342
78.308298138407	95.9593144485313	1	1	1.82925159594177
78.2827348450271	96.0560102540721	1	1	1.83165802463106
78.2569389343284	96.1526442634519	1	1	1.83406445332039
78.2309105556923	96.2492159170734	1	1	1.83647088200957
78.2046498598465	96.3457246557	1	1	1.83887731069802
78.178156998864	96.4421699204597	1	1	1.84128373938748
78.1514321261621	96.538551152848	1	1	1.84369016807643
78.1244753965019	96.634867794731	1	1	1.84609659676538
78.0972869659869	96.7311192883493	1	1	1.84850302545516
78.0698669920625	96.8273050763202	1	1	1.85090945414364
78.042215633515	96.923424601642	1	1	1.85331588283278
78.0143330504705	97.0194773076964	1	1	1.85572231152218
77.9862194043941	97.1154626382522	1	1	1.85812874021116
77.9578748580891	97.2113800374682	1	1	1.86053516890001
77.9292995756958	97.3072289498968	1	1	1.86294159758864
77.9004937226907	97.4030088204869	1	1	1.86534802627849
77.8714574658854	97.4987190945872	1	1	1.86775445496724
77.842190973426	97.5943592179493	1	1	1.87016088365658
77.8126944147916	97.6899286367314	1	1	1.87256731234543
77.7829679607938	97.7854267975007	1	1	1.87497374103415
77.7530117835754	97.8808531472374	1	1	1.87738016972333
77.7228260566095	97.9762071333373	1	1	1.87978659841318
77.6924109546984	98.0714882036155	1	1	1.88219302710171
77.661766653973	98.166695806309	1	1	1.88459945579103
77.6308933318911	98.2618293900807	1	1	1.88700588448008
77.599791167237	98.3568884040217	1	1	1.88941231316894
77.5684603401201	98.4518722976552	1	1	1.89181874185755
77.536901031974	98.5467805209393	1	1	1.89422517054699
77.5051134255553	98.6416125242703	1	1	1.89663159923636
77.4730977049427	98.736367758486	1	1	1.8990380279257
77.440854055536	98.8310456748685	1	1	1.90144445661447
77.4083826640548	98.925645725148	1	1	1.90385088530303
77.3756837185376	99.0201673615054	1	1	1.90625731399291
77.3427574083405	99.1146100365756	1	1	1.9086637426813
77.3096039241365	99.2089732034509	1	1	1.91107017137029
77.2762234579139	99.303256315684	1	1	1.91347660006045
77.2426162029754	99.3974588272912	1	1	1.91588302874873
77.2087823539373	99.4915801927556	1	1	1.91828945743749
77.1747221067279	99.58561986703	1	1	1.92069588612749
77.1404356585864	99.6795773055405	1	1	1.92310231481535
77.1059232080623	99.7734519641893	1	1	1.92550874350555
77.0711849550134	99.8672432993579	1	1	1.92791517219419
77.0362211006054	99.9609507679106	1	1	1.93032160088326
77.0010318473104	100.054573827197	1	1	1.93272802957118
76.9656173989057	100.148111935056	1	1	1.93513445826409
76.9299779604726	100.241564549817	1	1	1.93754088695083
76.8941137383955	100.334931130307	1	1	1.939947315637
76.8580249403604	100.42821113585	1	1	1.9423537443279
76.8217117753537	100.52140402627	1	1	1.94476017301758
76.7851744536612	100.614509261897	1	1	1.94716660170823
76.7484131868667	100.707526303568	1	1	1.94957303039778
76.711428187851	100.800454612631	1	1	1.95197945908375
76.6742196707903	100.893293650949	1	1	1.95438588777295
76.6367878511552	100.9860428809	1	1	1.95679231646359
76.5991329457097	101.078701765382	1	1	1.95919874515245
76.5612551725092	101.171269767818	1	1	1.96160517384051
76.5231547509002	101.263746352156	1	1	1.96401160253377
76.484831901518	101.356130982873	1	1	1.96641803121778
76.4462868462865	101.448423124981	1	1	1.96882445990874
76.4075198084161	101.540622244024	1	1	1.97123088859545
76.3685310124025	101.632727806088	1	1	1.97363731728597
76.3293206840259	101.724739277798	1	1	1.97604374597728
76.2898890503492	101.816656126325	1	1	1.97845017466492
76.2502363397169	101.908477819389	1	1	1.98085660335553
76.2103627817539	102.000203825259	1	1	1.98326303204114
76.1702686073636	102.091833612761	1	1	1.98566946073132
76.1299540487273	102.183366651275	1	1	1.98807588942465
76.0894193393024	102.274802410742	1	1	1.99048231810888
76.0486647138213	102.366140361669	1	1	1.99288874679971
76.0076904082897	102.457379975126	1	1	1.99529517548575
75.9664966599856	102.548520722755	1	1	1.99770160417823
75.9250837074576	102.639562076768	1	1	2.00010803286908
75.883451790524	102.730503509954	1	1	2.00251446155516
75.8416011502708	102.821344495682	1	1	2.00492089024156
75.7995320290508	102.912084507901	1	1	2.00732731893732
75.7572446704818	103.002723021143	1	1	2.00973374762293
75.7147393194456	103.093259510532	1	1	2.01214017631166
75.6720162220862	103.18369345178	1	1	2.01454660499735
75.6290756258087	103.274024321194	1	1	2.01695303369327
75.5859177792776	103.364251595675	1	1	2.01935946237718
75.5425429324155	103.454374752729	1	1	2.02176589106988
75.4989513364017	103.54439327046	1	1	2.02417231975538
75.4551432436705	103.634306627582	1	1	2.0265787484494
75.4111189079101	103.724114303414	1	1	2.02898517713511
75.3668785840608	103.813815777891	1	1	2.0313916058251
75.3224225283138	103.90341053156	1	1	2.03379803451089
75.2777509981095	103.992898045588	1	1	2.03620446320171
75.2328642521361	104.082277801761	1	1	2.03861089189355
75.187762550328	104.17154928249	1	1	2.04101732058154
75.1424461538645	104.260711970814	1	1	2.04342374926849
75.0969153251683	104.349765350401	1	1	2.04583017795775
75.0511703279035	104.438708905552	1	1	2.04823660664723
75.0052114269747	104.527542121204	1	1	2.05064303534055
74.9590388885252	104.616264482932	1	1	2.05304946402554
74.9126529799353	104.704875476956	1	1	2.05545589271484
74.866053969821	104.793374590138	1	1	2.05786232140331
74.8192421280323	104.881761309989	1	1	2.06026875009351
74.7722177256519	104.97003512467	1	1	2.06267517878349
74.724981034993	105.058195522997	1	1	2.0650816074695
74.6775323295984	105.146241994443	1	1	2.06748803616408
74.6298718842388	105.234174029138	1	1	2.06989446484825
74.5819999749108	105.321991117879	1	1	2.0723008935395
74.5339168788356	105.409692752125	1	1	2.07470732222964
74.4856228744575	105.497278424005	1	1	2.07711375091224
74.4371182414421	105.584747626321	1	1	2.07952017960996
74.3884032606746	105.672099852545	1	1	2.08192660829423
74.3394782142584	105.759334596832	1	1	2.08433303698189
74.2903433855134	105.846451354014	1	1	2.08673946567261
74.2409990589744	105.933449619606	1	1	2.08914589436536
74.1914455203891	106.02032888981	1	1	2.09155232304816
74.141683056717	106.107088661519	1	1	2.09395875174229
74.0917119561273	106.193728432314	1	1	2.09636518043139
74.0415325079975	106.280247700474	1	1	2.09877160911994
73.9911450029116	106.366645964975	1	1	2.10117803780645
73.9405497326584	106.452922725494	1	1	2.10358446649477
73.8897469902298	106.539077482411	1	1	2.10599089518509
73.8387370698194	106.625109736812	1	1	2.10839732387861
73.7875202668201	106.711018990493	1	1	2.11080375256289
73.7360968778232	106.796804745964	1	1	2.11321018125553
73.6844672006162	106.882466506447	1	1	2.11561660994029
73.6326315341813	106.968003775885	1	1	2.11802303862839
73.5805901786934	107.05341605894	1	1	2.12042946732431
73.5283434355185	107.138702860997	1	1	2.12283589600838
73.4758916072122	107.223863688171	1	1	2.125242324696
73.4232349975175	107.308898047304	1	1	2.12764875338672
73.3703739113635	107.39380544597	1	1	2.13005518208022
73.317308654863	107.478585392479	1	1	2.1324616107665
73.2640395353117	107.56323739588	1	1	2.134868039454
73.2105668611854	107.647760965962	1	1	2.13727446814039
73.1568909421388	107.732155613258	1	1	2.13968089683403
73.1030120890036	107.816420849046	1	1	2.1420873255213
73.0489306137866	107.900556185356	1	1	2.1444937542131
72.9946468296681	107.984561134968	1	1	2.14690018290046
72.9401610509998	108.068435211419	1	1	2.14930661158731
72.8854735933032	108.152177929003	1	1	2.1517130402829
72.8305847732677	108.235788802773	1	1	2.15411946896231
72.7754949087488	108.31926734855	1	1	2.15652589766116
72.7202043187661	108.402613082915	1	1	2.15893232634586
72.6647133235017	108.485825523224	1	1	2.16133875503195
72.6090222442983	108.568904187602	1	1	2.16374518372536
72.553131403657	108.651848594948	1	1	2.16615161240962
72.497041125236	108.734658264941	1	1	2.16855804110437
72.4407517338482	108.817332718037	1	1	2.17096446979284
72.3842635554596	108.899871475478	1	1	2.17337089847802
72.3275769171875	108.982274059291	1	1	2.17577732717123
72.2706921472982	109.06453999229	1	1	2.17818375585522
72.2136095752056	109.146668798083	1	1	2.18059018454861
72.1563295314689	109.228660001069	1	1	2.18299661323322
72.0988523477909	109.310513126447	1	1	2.18540304192879
72.0411783570161	109.392227700212	1	1	2.18780947061082
71.9833078931284	109.473803249166	1	1	2.19021589930582
71.9252412912498	109.555239300911	1	1	2.19262232799151
71.8669788876379	109.636535383861	1	1	2.19502875668124
71.8085210196843	109.717691027238	1	1	2.19743518537211
71.7498680259124	109.798705761078	1	1	2.19984161406338
71.6910202459756	109.879579116233	1	1	2.20224804274736
71.6319780206553	109.960310624375	1	1	2.20465447143856
71.5727416918589	110.040899817995	1	1	2.20706090012522
71.5133116026179	110.12134623041	1	1	2.20946732881453
71.4536880970856	110.201649395763	1	1	2.21187375750662
71.3938715205357	110.281808849026	1	1	2.21428018619215
71.3338622193598	110.361824126005	1	1	2.21668661488387
71.2736605410654	110.441694763339	1	1	2.21909304357782
71.2132668342742	110.521420298505	1	1	2.22149947225699
71.15268144872	110.601000269823	1	1	2.22390590095213
71.0919047352465	110.680434216451	1	1	2.22631232963854
71.0309370458051	110.759721678397	1	1	2.22871875833249
70.9697787334536	110.838862196514	1	1	2.23112518701721
70.9084301523534	110.917855312509	1	1	2.23353161570317
70.8468916577677	110.996700568941	1	1	2.23593804439708
70.7851636060595	111.075397509224	1	1	2.23834447308487
70.7232463546897	111.153945677633	1	1	2.24075090177855
70.6611402622145	111.232344619303	1	1	2.24315733045762
70.598845688284	111.310593880236	1	1	2.24556375915398
70.5363629936395	111.388693007296	1	1	2.24797018784379
70.4736925401119	111.46664154822	1	1	2.25037661652929
70.4108346906191	111.544439051617	1	1	2.25278304521703
70.3477898091647	111.622085066969	1	1	2.25518947391302
70.2845582608348	111.699579144635	1	1	2.25759590259479
70.2211404117968	111.776920835857	1	1	2.26000233129091
70.1575366292969	111.854109692755	1	1	2.26240875997668
70.093747281658	111.931145268338	1	1	2.26481518866131
70.0297727382777	112.008027116501	1	1	2.26722161735476
69.9656133696258	112.084754792028	1	1	2.26962804604195
69.9012695472425	112.161327850598	1	1	2.27203447473015
69.8367416437364	112.237745848784	1	1	2.27444090342093
69.7720300327818	112.314008344057	1	1	2.27684733211137
69.7071350891168	112.390114894789	1	1	2.27925376079922
69.6420571885415	112.466065060255	1	1	2.28166018949092
69.5767967079152	112.541858400635	1	1	2.28406661817459
69.5113540251544	112.617494477019	1	1	2.28647304687226
69.4457295192311	112.692972851404	1	1	2.28887947555361
69.37992357017	112.768293086705	1	1	2.29128590424582
69.3139365590463	112.843454746749	1	1	2.29369233293325
69.2477688679842	112.918457396283	1	1	2.2960987616249
69.1814208801538	112.993300600974	1	1	2.29850519030808
69.1148929797694	113.067983927414	1	1	2.30091161900194
69.0481855520872	113.142506943118	1	1	2.3033180476887
68.981298983403	113.216869216532	1	1	2.3057244763805
68.91423366105	113.291070317031	1	1	2.30813090506672
68.8469899733965	113.365109814925	1	1	2.31053733375956
68.7795683098437	113.438987281458	1	1	2.31294376244751
68.7119690608234	113.512702288814	1	1	2.31535019113491
68.644192617796	113.586254410117	1	1	2.31775661982424
68.5762393732478	113.659643219434	1	1	2.32016304851468
68.5081097206889	113.732868291778	1	1	2.32256947720001
68.439804054651	113.805929203111	1	1	2.32497590589678
68.3713227706853	113.878825530343	1	1	2.32738233457981
68.3026662653597	113.951556851341	1	1	2.32978876326565
68.233834936257	114.024122744925	1	1	2.3321951919618
68.1648291819722	114.096522790872	1	1	2.33460162065059
68.0956494021104	114.168756569922	1	1	2.3370080493358
68.0262959972847	114.240823663777	1	1	2.33941447802884
67.9567693691133	114.312723655103	1	1	2.34182090671147
67.8870699202178	114.384456127536	1	1	2.34422733540626
67.8171980542204	114.456020665679	1	1	2.34663376409504
67.7471541757419	114.52741685511	1	1	2.34904019277752
67.6769386903991	114.598644282382	1	1	2.35144662147643
67.6065520048026	114.669702535022	1	1	2.35385305016143
67.5359945265544	114.740591201541	1	1	2.35625947884735
67.4652666642455	114.81130987143	1	1	2.35866590753707
67.3943688274536	114.881858135164	1	1	2.36107233622845
67.3233014267408	114.952235584205	1	1	2.3634787649166
67.252064873651	115.022441811005	1	1	2.36588519360534
67.1806595807076	115.092476409007	1	1	2.36829162229976
67.1090859614114	115.162338972647	1	1	2.37069805098153
67.0373444302377	115.23202909736	1	1	2.37310447967595
66.9654354026342	115.301546379576	1	1	2.37551090835935
66.8933592950188	115.370890416729	1	1	2.37791733705661
66.8211165247767	115.440060807253	1	1	2.38032376573619
66.7487075102582	115.509057150592	1	1	2.38273019443252
66.6761326707764	115.577879047193	1	1	2.38513662311717
66.6033924266048	115.646526098517	1	1	2.38754305181106
66.5304871989744	115.714997907035	1	1	2.38994948049528
66.457417410072	115.783294076235	1	1	2.39235590918684
66.3841834830371	115.85141421062	1	1	2.39476233787469
66.3107858419597	115.919357915714	1	1	2.39716876656144
66.2372249118781	115.987124798062	1	1	2.39957519525721
66.1635011187758	116.054714465232	1	1	2.40198162393947
66.0896148895797	116.122126525821	1	1	2.40438805263422
66.0155666521574	116.189360589451	1	1	2.40679448131819
65.9413568353145	116.256416266778	1	1	2.40920091000636
65.8669858687923	116.323293169489	1	1	2.41160733870092
65.7924541832653	116.389990910306	1	1	2.41401376738862
65.717762210339	116.45650910299	1	1	2.41642019607845
65.6429103825466	116.522847362341	1	1	2.41882662476006
65.5678991333474	116.589005304202	1	1	2.42123305345877
65.4927288971237	116.654982545457	1	1	2.42363948214688
65.4174001091786	116.72077870404	1	1	2.42604591082944
65.3419132057333	116.786393398933	1	1	2.42845233952132
65.2662686239245	116.851826250167	1	1	2.43085876821294
65.1904668018023	116.917076878827	1	1	2.43326519690062
65.1145081783271	116.982144907054	1	1	2.43567162558687
65.0383931933674	117.047029958046	1	1	2.43807805428403
64.9621222876971	117.111731656059	1	1	2.44048448296627
64.8856959029933	117.176249626414	1	1	2.4428909116582
64.8091144818331	117.240583495493	1	1	2.44529734034334
64.7323784676917	117.304732890746	1	1	2.44770376903297
64.6554883049393	117.36869744069	1	1	2.45011019772239
64.5784444388388	117.432476774913	1	1	2.45251662641532
64.5012473155433	117.496070524075	1	1	2.45492305510137
64.4238973820934	117.559478319912	1	1	2.45732948378816
64.3463950864145	117.622699795236	1	1	2.45973591248356
64.2687408773142	117.685734583937	1	1	2.46214234117037
64.1909352044802	117.748582320988	1	1	2.46454876985987
64.112978518477	117.811242642444	1	1	2.46695519854641
64.0348712707436	117.873715185446	1	1	2.46936162723271
63.956613913591	117.935999588222	1	1	2.47176805593029
63.8782069001995	117.998095490088	1	1	2.47417448461335
63.7996506846159	118.060002531455	1	1	2.47658091330204
63.7209457217511	118.121720353825	1	1	2.4789873419939
63.6420924673775	118.183248599796	1	1	2.48139377068173
63.5630913781259	118.244586913065	1	1	2.48380019936987
63.4839429114836	118.305734938428	1	1	2.4862066280594
63.4046475257911	118.366692321783	1	1	2.48861305675022
63.3252056802397	118.427458710132	1	1	2.491019485442
63.2456178348689	118.488033751583	1	1	2.49342591412686
63.1658844505638	118.548417095353	1	1	2.49583234281576
63.0860059890519	118.608608391768	1	1	2.4982387714995
63.0059829129012	118.668607292267	1	1	2.50064520019555
62.9258156855171	118.728413449401	1	1	2.50305162888972
62.8455047711397	118.788026516839	1	1	2.50545805756796
62.765050634841	118.84744614937	1	1	2.50786448626216
62.6844537425227	118.906672002899	1	1	2.51027091494972
62.6037145609131	118.965703734456	1	1	2.51267734364156
62.5228335575642	119.024541002194	1	1	2.51508377232802
62.4418112008497	119.083183465393	1	1	2.51749020101969
62.3606479599616	119.14163078446	1	1	2.51989662970841
62.2793443049078	119.199882620933	1	1	2.52230305839446
62.1979007065093	119.257938637482	1	1	2.52470948708532
62.1163176363976	119.31579849791	1	1	2.52711591577296
62.0345955670117	119.373461867157	1	1	2.52952234446366
61.9527349715957	119.4309284113	1	1	2.53192877315672
61.8707363241957	119.488197797556	1	1	2.53433520183945
61.7886000996576	119.545269694285	1	1	2.53674163052832
61.7063267736235	119.602143770989	1	1	2.53914805921776
61.6239168225298	119.658819698316	1	1	2.5415544879117
61.541370723604	119.715297148061	1	1	2.54396091659698
61.458688954862	119.77157579317	1	1	2.54636734528431
61.3758719951053	119.827655307739	1	1	2.54877377398278
61.2929203239183	119.883535367016	1	1	2.55118020265964
61.2098344216655	119.939215647408	1	1	2.55358663135458
61.1266147694889	119.994695826474	1	1	2.55599306004239
61.0432618493047	120.049975582935	1	1	2.55839948873537
60.9597761438011	120.105054596671	1	1	2.56080591742134
60.8761581364351	120.159932548726	1	1	2.56321234611148
60.7924083114299	120.214609121307	1	1	2.56561877479778
60.7085271537722	120.269083997788	1	1	2.5680252034904
60.6245151492089	120.32335686271	1	1	2.57043163217851
60.5403727842448	120.377427401785	1	1	2.57283806086664
60.4561005461398	120.431295301896	1	1	2.57524448955218
60.3716989229055	120.4849602511	1	1	2.57765091824467
60.287168403303	120.538421938628	1	1	2.58005734693678
60.2025094768397	120.591680054889	1	1	2.58246377562613
60.1177226337668	120.644734291471	1	1	2.5848702043107
60.0328083650761	120.697584341143	1	1	2.58727663300313
59.9477671624972	120.750229897855	1	1	2.58968306168711
59.8625995184949	120.802670656743	1	1	2.59208949037985
59.7773059262662	120.854906314127	1	1	2.59449591906945
59.6918868797376	120.906936567516	1	1	2.59690234775334
59.6063428735617	120.958761115609	1	1	2.59930877644858
59.5206744031151	121.010379658294	1	1	2.60171520513877
59.434881964495	121.061791896654	1	1	2.60412163382086
59.3489660545165	121.112997532967	1	1	2.60652806251578
59.2629271707097	121.163996270705	1	1	2.60893449119838
59.1767658113169	121.214787814541	1	1	2.61134091989373
59.0904824752895	121.265371870345	1	1	2.61374734857978
59.0040776622855	121.315748145191	1	1	2.61615377727662
58.9175518726661	121.365916347354	1	1	2.61856020595744
58.8309056074932	121.415876186317	1	1	2.6209666346455
58.7441393685262	121.465627372767	1	1	2.6233730633414
58.6572536582196	121.515169618599	1	1	2.62577949202012
58.5702489797195	121.564502636921	1	1	2.62818592072238
58.4831258368608	121.613626142048	1	1	2.63059234940562
58.3958847341647	121.662539849513	1	1	2.63299877808681
58.3085261768354	121.711243476062	1	1	2.63540520678876
58.2210506707572	121.759736739655	1	1	2.63781163546918
58.1334587224917	121.808019359475	1	1	2.64021806416188
58.0457508392747	121.856091055921	1	1	2.6426244928525
57.9579275290135	121.903951550615	1	1	2.64503092153251
57.8699893002839	121.951600566403	1	1	2.64743735023505
57.7819366623269	121.999037827352	1	1	2.64984377891764
57.6937701250462	122.04626305876	1	1	2.65225020760549
57.6054901990051	122.09327598715	1	1	2.65465663629256
57.5170973954236	122.140076340275	1	1	2.65706306498123
57.428592226175	122.186663847119	1	1	2.65946949367315
57.3399752037839	122.233038237898	1	1	2.66187592236458
57.2512468414219	122.279199244063	1	1	2.66428235104883
57.1624076529061	122.325146598301	1	1	2.66668877974934
57.0734581526947	122.370880034534	1	1	2.66909520842535
56.9843988558853	122.416399287927	1	1	2.67150163711817
56.8952302782108	122.461704094881	1	1	2.67390806580588
56.8059529360374	122.506794193041	1	1	2.67631449450249
56.7165673463608	122.551669321294	1	1	2.67872092318758
56.6270740268038	122.596329219774	1	1	2.68112735187524
56.5374734956127	122.64077362986	1	1	2.6835337805623
56.4477662716551	122.685002294179	1	1	2.68594020925323
56.3579528744161	122.729014956607	1	1	2.68834663793737
56.2680338239958	122.772811362272	1	1	2.69075306663528
56.1780096411061	122.816391257552	1	1	2.69315949531801
56.0878808470678	122.859754390082	1	1	2.69556592401652
55.9976479638071	122.902900508749	1	1	2.69797235269812
55.9073115138536	122.9458293637	1	1	2.70037878138481
55.8168720203361	122.988540706338	1	1	2.70278521008014
55.7263300069805	123.031034289325	1	1	2.70519163875905
55.635685998106	123.073309866587	1	1	2.70759806746026
55.5449405186227	123.115367193308	1	1	2.71000449614654
55.4540940940284	123.15720602594	1	1	2.71241092483008
55.3631472504052	123.198826122199	1	1	2.71481735352593
55.2721005144168	123.240227241066	1	1	2.71722378220699
55.1809544133055	123.281409142793	1	1	2.71963021089647
55.0897094748888	123.322371588899	1	1	2.72203663959219
54.9983662275568	123.363114342174	1	1	2.72444306827842
54.9069252002687	123.403637166682	1	1	2.72684949696963
54.81538692255	123.443939827759	1	1	2.72925592565564
54.7237519244894	123.484022092017	1	1	2.73166235434905
54.6320207367356	123.523883727343	1	1	2.73406878303673
54.5401938904945	123.563524502903	1	1	2.73647521171863
54.4482719175258	123.602944189142	1	1	2.73888164041648
54.35625535014	123.642142557783	1	1	2.74128806909908
54.2641447211955	123.681119381834	1	1	2.74369449779216
54.1719405640956	123.719874435583	1	1	2.74610092648153
54.0796434127848	123.758407494604	1	1	2.74850735517085
53.9872538017465	123.796718335756	1	1	2.75091378385958
53.8947722659992	123.834806737185	1	1	2.75332021254863
53.8021993410939	123.872672478325	1	1	2.75572664123189
53.7095355631109	123.9103153399	1	1	2.75813306992563
53.6167814686564	123.947735103923	1	1	2.76053949861948
53.5239375948598	123.9849315537	1	1	2.76294592729695
53.4310044793703	124.021904473832	1	1	2.76535235599875
53.337982660354	124.05865365021	1	1	2.76775878467592
53.2448726764906	124.095178870026	1	1	2.77016521337414
53.1516750669703	124.131479921764	1	1	2.772571642057
53.0583903714908	124.16755659521	1	1	2.77497807075607
52.9650191302541	124.203408681446	1	1	2.77738449943909
52.8715618839634	124.239035972858	1	1	2.77979092812268
52.7780191738199	124.274438263132	1	1	2.782197356816
52.6843915415196	124.309615347256	1	1	2.78460378551016
52.5906795292506	124.344567021523	1	1	2.78701021419038
52.4968836796894	124.379293083533	1	1	2.78941664288005
52.4030045359979	124.41379333219	1	1	2.79182307157529
52.3090426418206	124.448067567706	1	1	2.79422950026551
52.2149985412811	124.482115591603	1	1	2.79663592895038
52.120872778979	124.515937206713	1	1	2.79904235764077
52.0266658999867	124.549532217178	1	1	2.80144878632847
51.9323784498466	124.582900428453	1	1	2.80385521501781
51.8380109745675	124.616041647306	1	1	2.80626164370375
51.7435640206217	124.64895568182	1	1	2.80866807240116
51.6490381349417	124.681642341392	1	1	2.81107450107976
51.554433864917	124.714101436739	1	1	2.81348092977441
51.4597517583912	124.746332779892	1	1	2.81588735846554
51.3649923636586	124.778336184203	1	1	2.81829378715326
51.2701562294609	124.810111464344	1	1	2.82070021584735
51.1752439049843	124.841658436307	1	1	2.82310664452898
51.0802559398564	124.872976917408	1	1	2.82551307321981
50.9851928841425	124.904066726284	1	1	2.8279195019022
50.890055288343	124.934927682898	1	1	2.83032593059855
50.7948437033897	124.965559608536	1	1	2.83273235929148
50.6995586806431	124.995962325812	1	1	2.83513878797521
50.6042007718889	125.026135658668	1	1	2.83754521666208
50.5087705293349	125.056079432373	1	1	2.8399516453565
50.4132685056075	125.085793473525	1	1	2.84235807404131
50.3176952537493	125.115277610054	1	1	2.84476450274006
50.2220513272149	125.144531671219	1	1	2.84717093141744
50.1263372798684	125.173555487615	1	1	2.84957736011472
50.03055366598	125.202348891166	1	1	2.85198378879682
49.9347010402225	125.230911715134	1	1	2.85439021748472
49.8387799576687	125.259243794114	1	1	2.85679664618128
49.7427909737875	125.287344964037	1	1	2.85920307486867
49.6467346444412	125.315215062173	1	1	2.86160950355742
49.550611525882	125.342853927129	1	1	2.86401593223864
49.4544221747489	125.370261398852	1	1	2.86642236094018
49.3581671480646	125.397437318626	1	1	2.86882878962394
49.2618470032318	125.42438152908	1	1	2.87123521830602
49.1654622980305	125.451093874183	1	1	2.87364164700365
49.0690135906145	125.477574199245	1	1	2.876048075693
48.9725014395084	125.503822350922	1	1	2.87845450437945
48.8759264036039	125.529838177214	1	1	2.8808609330664
48.7792890421571	125.555621527466	1	1	2.88326736175619
48.6825899147849	125.581172252369	1	1	2.88567379044986
48.5858295814619	125.606490203961	1	1	2.88808021913737
48.4890086025172	125.631575235629	1	1	2.8904866478173
48.3921275386309	125.656427202109	1	1	2.89289307651459
48.2951869508314	125.681045959484	1	1	2.89529950520552
48.1981874004915	125.70543136519	1	1	2.89770593389303
48.1011294493255	125.729583278014	1	1	2.90011236257873
48.0040136593859	125.753501558095	1	1	2.90251879127101
47.9068405930602	125.777186066924	1	1	2.90492521995818
47.8096108130676	125.800636667347	1	1	2.9073316486553
47.7123248824556	125.823853223563	1	1	2.90973807733601
47.614983364597	125.846835601129	1	1	2.91214450602118
47.5175868231863	125.869583666956	1	1	2.91455093471918
47.4201358222368	125.892097289311	1	1	2.91695736340641
47.3226309260773	125.914376337821	1	1	2.91936379208781
47.2250726993483	125.936420683471	1	1	2.92177022078335
47.1274617069995	125.958230198603	1	1	2.92417664947264
47.0297985142861	125.979804756921	1	1	2.92658307816192
46.9320836867653	126.001144233489	1	1	2.92898950685389
46.8343177902937	126.022248504732	1	1	2.93139593553961
46.7365013910235	126.043117448438	1	1	2.93380236422665
46.6386350553991	126.063750943757	1	1	2.93620879291895
46.5407193501545	126.084148871202	1	1	2.9386152216087
46.4427548423093	126.104311112651	1	1	2.94102165029415
46.3447420991658	126.124237551347	1	1	2.94342807897975
46.2466816883057	126.143928071898	1	1	2.94583450767792
46.1485741775866	126.163382560277	1	1	2.94824093635719
46.0504201351389	126.182600903827	1	1	2.95064736505166
45.9522201293625	126.201582991255	1	1	2.9530537937432
45.8539747289235	126.220328712638	1	1	2.95546022242967
45.7556845027507	126.238837959422	1	1	2.95786665112464
45.6573500200327	126.257110624421	1	1	2.96027307980887
45.5589718502142	126.275146601821	1	1	2.96267950849809
45.4605505629931	126.292945787177	1	1	2.96508593718522
45.3620867283167	126.310508077416	1	1	2.96749236586817
45.263580916379	126.327833370837	1	1	2.96989879457123
45.1650336976168	126.344921567109	1	1	2.9723052232546
45.066445642707	126.361772567278	1	1	2.97471165193431
44.9678173225626	126.378386273762	1	1	2.97711808064116
44.8691493083301	126.39476259035	1	1	2.97952450931275
44.7704421713857	126.410901422212	1	1	2.98193093801123
44.6716964833322	126.426802675887	1	1	2.98433736670477
44.5729128159955	126.442466259293	1	1	2.98674379538611
44.4740917414218	126.457892081725	1	1	2.98915022407458
44.3752338318735	126.473080053853	1	1	2.99155665276293
44.2763396598266	126.488030087725	1	1	2.9939630814602
44.177409797967	126.502742096766	1	1	2.99636951014091
44.0784448191871	126.517215995782	1	1	2.99877593883241
43.9794452965831	126.531451700955	1	1	3.00118236752954
43.8804118034507	126.545449129847	1	1	3.00358879620995
43.7813449132827	126.559208201402	1	1	3.00599522489675
43.6822451997652	126.572728835942	1	1	3.00840165358771
43.5831132367743	126.58601095517	1	1	3.0108080822846
43.483949598373	126.59905448217	1	1	3.01321451096498
43.3847548588075	126.61185934141	1	1	3.0156209396587
43.2855295925044	126.624425458737	1	1	3.01802736834191
43.1862743740668	126.636752761383	1	1	3.02043379703361
43.0869897782714	126.648841177961	1	1	3.02284022572777
42.9876763800651	126.660690638468	1	1	3.02524665441205
42.8883347545613	126.672301074286	1	1	3.02765308310777
42.7889654770372	126.683672418179	1	1	3.03005951179093
42.68956912293	126.694804604298	1	1	3.03246594048082
42.5901462678335	126.705697568177	1	1	3.03487236917049
42.4906974874952	126.716351246736	1	1	3.03727879785638
42.3912233578128	126.726765578281	1	1	3.03968522654947
42.2917244548305	126.736940502503	1	1	3.04209165523323
42.1922013547361	126.746875960481	1	1	3.04449808392476
42.0926546338578	126.756571894679	1	1	3.04690451261485
41.9930848686601	126.766028248949	1	1	3.04931094130728
41.8934926357412	126.77524496853	1	1	3.05171736998918
41.7938785118295	126.78422200005	1	1	3.05412379868024
41.6942430737799	126.792959291523	1	1	3.05653022737408
41.594586898571	126.801456792352	1	1	3.05893665606628
41.4949105633014	126.809714453329	1	1	3.06134308474596
41.3952146451863	126.817732226636	1	1	3.06374951343473
41.2954997215545	126.825510065842	1	1	3.06615594212685
41.1957663698447	126.833047925906	1	1	3.06856237081938
41.0960151676025	126.840345763177	1	1	3.07096879950163
40.9962466924767	126.847403535395	1	1	3.07337522819575
40.8964615222161	126.854221201688	1	1	3.0757816568858
40.7966602346664	126.860798722576	1	1	3.07818808557851
40.6968434077665	126.867136059969	1	1	3.08059451426245
40.5970116195453	126.873233177169	1	1	3.08300094294877
40.4971654481182	126.879090038868	1	1	3.08540737164029
40.3973054716841	126.884706611149	1	1	3.08781380032198
40.2974322685217	126.890082861488	1	1	3.09022022902038
40.1975464169865	126.89521875875	1	1	3.09262665771452
40.097648495507	126.900114273194	1	1	3.09503308639449
39.9977390825817	126.904769376472	1	1	3.09743951508219
39.8978187567756	126.909184041626	1	1	3.09984594377132
39.797888096717	126.913358243091	1	1	3.1022523724665
39.6979476810941	126.917291956694	1	1	3.10465880115471
39.5979980886512	126.920985159656	1	1	3.10706522984322
39.4980398981863	126.92443783059	1	1	3.10947165853111
39.3980736885467	126.927649949502	1	1	3.11187808721863
39.2981000386265	126.930621497791	1	1	3.11428451590671
39.1981195273626	126.933352458249	1	1	3.116690944598
39.0981327337319	126.935842815061	1	1	3.11909737328497
38.9981402367474	126.938092553806	1	1	3.1215038019821
38.8981426154554	126.940101661455	1	1	3.12391023066396
38.7981404489317	126.941870126375	1	1	3.12631665935561
38.6981343162785	126.943397938324	1	1	3.12872308804338
38.5981247966208	126.944685088455	1	1	3.13112951673364
38.4981124691036	126.945731569314	1	1	3.13353594542337
38.3980979128877	126.946537374841	1	1	3.13594237410964
38.2980817071471	126.94710250037	1	1	3.13834880279995
38.1980644310653	126.947426942628	1	1	3.14075523148236
38.0980466638319	126.947510699737	1	1	-3.14002364699533
37.9980289846394	126.94735377121	1	1	-3.13761721831558
37.8980119726799	126.946956157958	1	1	-3.13521078962069
37.7979962071415	126.946317862282	1	1	-3.13280436093271
37.6979822672051	126.945438887879	1	1	-3.13039793224412
37.597970732041	126.944319239839	1	1	-3.12799150355802
37.4979621808057	126.942958924646	1	1	-3.12558507486725
37.3979571926383	126.941357950177	1	1	-3.12317864617603
37.2979563466574	126.939516325703	1	1	-3.12077221749813
37.1979602219574	126.93743406189	1	1	-3.11836578879841
37.0979693976055	126.935111170794	1	1	-3.11595936011249
36.9979844526383	126.932547665868	1	1	-3.11355293141674
36.8980059660581	126.929743561956	1	1	-3.1111465027282
36.7980345168301	126.926698875297	1	1	-3.10874007404497
36.6980706838784	126.923413623523	1	1	-3.10633364535618
36.5981150460833	126.919887825658	1	1	-3.10392721666227
36.4981681822776	126.916121502119	1	1	-3.10152078798439
36.398230671243	126.912114674718	1	1	-3.09911435928532
36.2983030917075	126.907867366656	1	1	-3.09670793059886
36.1983860223411	126.90337960253	1	1	-3.09430150191097
36.0984800417534	126.898651408328	1	1	-3.09189507321784
35.9985857284895	126.89368281143	1	1	-3.08948864452877
35.8987036610269	126.888473840609	1	1	-3.08708221584352
35.7988344177724	126.88302452603	1	1	-3.08467578715412
35.6989785770584	126.877334899249	1	1	-3.08226935846415
35.5991367171397	126.871404993214	1	1	-3.0798629297697
35.4993094161902	126.865234842264	1	1	-3.07745650108806
35.3994972522994	126.858824482131	1	1	-3.07505007239931
35.2997008034691	126.852173949936	1	1	-3.07264364370487
35.1999206476104	126.845283284191	1	1	-3.07023721501934
35.1001573625396	126.8381525248	1	1	-3.06783078632896
35.0004115259756	126.830781713056	1	1	-3.06542435764236
34.9006837155363	126.823170891643	1	1	-3.06301792895099
34.800974508735	126.815320104634	1	1	-3.06061150025878
34.7012844829774	126.807229397492	1	1	-3.05820507157221
34.601614215558	126.79889881707	1	1	-3.05579864288012
34.5019642836572	126.790328411609	1	1	-3.05339221419502
34.4023352643372	126.78151823074	1	1	-3.05098578551112
34.3027277345394	126.772468325482	1	1	-3.04857935681699
34.2031422710807	126.763178748241	1	1	-3.04617292812294
34.1035794506501	126.753649552812	1	1	-3.04376649944285
34.0040398498056	126.743880794379	1	1	-3.04136007074436
33.9045240449708	126.73387252951	1	1	-3.03895364206771
33.8050326124312	126.723624816164	1	1	-3.03654721336638
33.7055661283315	126.713137713682	1	1	-3.03414078468788
33.6061251686718	126.702411282796	1	1	-3.03173435599281
33.5067103093044	126.69144558562	1	1	-3.02932792729582
33.4073221259303	126.680240685655	1	1	-3.02692149861455
33.3079611940963	126.668796647789	1	1	-3.02451506993111
33.2086280891911	126.657113538293	1	1	-3.02210864124066
33.1093233864425	126.645191424822	1	1	-3.01970221254299
33.0100476609138	126.633030376415	1	1	-3.01729578386194
32.9108014875002	126.620630463497	1	1	-3.01488935516446
32.8115854409263	126.607991757873	1	1	-3.01248292648285
32.7124000957417	126.595114332734	1	1	-3.01007649779294
32.6132460263184	126.581998262651	1	1	-3.00767006910471
32.5141238068476	126.568643623578	1	1	-3.00526364041363
32.4150340113355	126.55505049285	1	1	-3.0028572117181
32.3159772136011	126.541218949183	1	1	-3.00045078303238
32.2169539872718	126.527149072675	1	1	-2.99804435435458
32.1179649057809	126.512840944804	1	1	-2.99563792564826
32.0190105423639	126.498294648424	1	1	-2.99323149697067
31.9200914700553	126.483510267774	1	1	-2.9908250682852
31.8212082616851	126.468487888468	1	1	-2.98841863958905
31.7223614898758	126.453227597498	1	1	-2.9860122108955
31.6235517270388	126.437729483235	1	1	-2.98360578221203
31.5247795453711	126.421993635428	1	1	-2.98119935352234
31.4260455168521	126.406020145201	1	1	-2.9787929248339
31.3273502132405	126.389809105055	1	1	-2.97638649614123
31.2286942060705	126.373360608866	1	1	-2.97398006746317
31.1300780666487	126.356674751887	1	1	-2.97157363876455
31.031502366051	126.339751630742	1	1	-2.96916721007529
30.9329676751191	126.322591343432	1	1	-2.96676078139183
30.8344745644571	126.305193989331	1	1	-2.96435435269566
30.7360236044284	126.287559669184	1	1	-2.96194792400411
30.6376153651523	126.26968848511	1	1	-2.95954149532102
30.5392504165007	126.2515805406	1	1	-2.95713506663545
30.4409293280948	126.233235940515	1	1	-2.95472863794323
30.3426526693019	126.214654791086	1	1	-2.95232220925599
30.2444210092318	126.195837199915	1	1	-2.94991578056143
30.146234916734	126.176783275972	1	1	-2.9475093518742
30.0480949603938	126.157493129597	1	1	-2.94510292318424
29.9500017085297	126.137966872497	1	1	-2.94269649449908
29.8519557291894	126.118204617747	1	1	-2.94029006581228
29.7539575901471	126.098206479788	1	1	-2.93788363711435
29.6560078588997	126.077972574426	1	1	-2.93547720843155
29.5581071026641	126.057503018835	1	1	-2.93307077973829
29.4602558883733	126.036797931551	1	1	-2.93066435105453
29.3624547826736	126.015857432476	1	1	-2.92825792236857
29.264704351921	125.994681642874	1	1	-2.92585149366467
29.1670051621782	125.97327068537	1	1	-2.92344506499408
29.0693577792109	125.951624683956	1	1	-2.92103863628632
28.9717627684852	125.929743763978	1	1	-2.91863220760714
28.8742206951634	125.907628052149	1	1	-2.91622577891968
28.7767321241018	125.885277676538	1	1	-2.91381935022581
28.6792976198464	125.862692766573	1	1	-2.91141292154253
28.5819177466304	125.839873453042	1	1	-2.90900649284706
28.4845930683705	125.816819868088	1	1	-2.90660006416215
28.3873241486638	125.793532145213	1	1	-2.90419363547901
28.2901115507846	125.770010419274	1	1	-2.90178720677802
28.1929558376809	125.746254826481	1	1	-2.89938077809445
28.0958575719714	125.722265504402	1	1	-2.89697434940435
27.9988173159421	125.698042591956	1	1	-2.89456792072063
27.901835631543	125.673586229416	1	1	-2.89216149202466
27.8049130803849	125.648896558405	1	1	-2.88975506333504
27.7080502237364	125.623973721899	1	1	-2.88734863464988
27.6112476225201	125.598817864224	1	1	-2.88494220595528
27.5145058373099	125.573429131054	1	1	-2.8825357772749
27.4178254283275	125.547807669414	1	1	-2.88012934858289
27.321206955439	125.521953627674	1	1	-2.87772291989024
27.224650978152	125.495867155552	1	1	-2.87531649120652
27.1281580556121	125.469548404113	1	1	-2.87291006251158
27.0317287465999	125.442997525765	1	1	-2.87050363382266
26.9353636095275	125.416214674262	1	1	-2.86809720513651
26.8390632024354	125.389200004701	1	1	-2.86569077644912
26.7428280829892	125.361953673521	1	1	-2.86328434775512
26.6466588084765	125.334475838502	1	1	-2.86087791906759
26.5505559358037	125.306766658766	1	1	-2.85847149038094
26.4545200214924	125.278826294774	1	1	-2.85606506168624
26.3585516216768	125.250654908325	1	1	-2.85365863300581
26.2626512920998	125.222252662558	1	1	-2.85125220431093
26.1668195881104	125.193619721946	1	1	-2.84884577562224
26.0710570646599	125.1647562523	1	1	-2.84643934693978
25.9753642762992	125.135662420766	1	1	-2.84403291824415
25.8797417771753	125.106338395822	1	1	-2.84162648955452
25.7841901210282	125.076784347281	1	1	-2.83922006087004
25.6887098611876	125.047000446288	1	1	-2.83681363217167
25.5933015505698	125.016986865317	1	1	-2.83440720348735
25.4979657416744	124.986743778175	1	1	-2.83200077480693
25.4027029865812	124.956271359997	1	1	-2.82959434611114
25.3075138369469	124.925569787244	1	1	-2.82718791741874
25.2123988440021	124.894639237706	1	1	-2.82478148873045
25.1173585585477	124.863479890499	1	1	-2.82237506004645
25.0223935309522	124.832091926064	1	1	-2.8199686313488
24.9275043111482	124.800475526164	1	1	-2.81756220266717
24.8326914486293	124.768630873888	1	1	-2.81515577397507
24.7379554924471	124.736558153644	1	1	-2.81274934528553
24.6432969912075	124.704257551162	1	1	-2.81034291660079
24.5487164930682	124.671729253492	1	1	-2.80793648790676
24.454214545735	124.638973449001	1	1	-2.80553005922726
24.3597916964589	124.605990327376	1	1	-2.8031236305307
24.2654484920327	124.572780079617	1	1	-2.80071720184199
24.1711854787883	124.539342898042	1	1	-2.79831077315192
24.0770032025928	124.505678976282	1	1	-2.79590434445834
23.9829022088462	124.471788509281	1	1	-2.79349791577284
23.8888830424775	124.437671693296	1	1	-2.79109148708771
23.794946247942	124.403328725894	1	1	-2.78868505839773
23.7010923692178	124.368759805951	1	1	-2.78627862970702
23.6073219498031	124.333965133652	1	1	-2.78387220102273
23.5136355327126	124.29894491049	1	1	-2.78146577232488
23.4200336604746	124.263699339262	1	1	-2.77905934364102
23.3265168751279	124.228228624073	1	1	-2.77665291494587
23.2330857182185	124.192532970329	1	1	-2.77424648626174
23.1397407307965	124.156612584741	1	1	-2.77184005757565
23.046482453413	124.12046767532	1	1	-2.76943362888563
22.953311426117	124.084098451377	1	1	-2.76702720019132
22.8602281884524	124.047505123522	1	1	-2.76462077150513
22.7672332794545	124.010687903664	1	1	-2.76221434282186
22.6743272376471	123.973647005008	1	1	-2.75980791412953
22.5815106010394	123.936382642053	1	1	-2.75740148543589
22.4887839071231	123.898895030593	1	1	-2.75499505674387
22.3961476928688	123.861184387715	1	1	-2.75258862806671
22.3036024947231	123.823250931799	1	1	-2.75018219936447
22.2111488486057	123.785094882511	1	1	-2.74777577068295
22.1187872899061	123.746716460811	1	1	-2.74536934199724
22.0265183534805	123.708115888944	1	1	-2.74296291330313
21.9343425736488	123.669293390441	1	1	-2.74055648461815
21.8422604841912	123.63024919012	1	1	-2.73815005592462
21.7502726183456	123.590983514081	1	1	-2.73574362723547
21.6583795088043	123.551496589708	1	1	-2.73333719855012
21.5665816877106	123.511788645666	1	1	-2.73093076985866
21.4748796866563	123.471859911899	1	1	-2.72852434116609
21.3832740366781	123.43171061963	1	1	-2.72611791247938
21.2917652682548	123.39134100136	1	1	-2.72371148378993
21.2003539113042	123.350751290865	1	1	-2.72130505510269
21.1090404951799	123.309941723196	1	1	-2.71889862641493
21.0178255486686	123.268912534677	1	1	-2.71649219772053
20.9267095999865	123.227663962903	1	1	-2.71408576903357
20.8356931767766	123.186196246741	1	1	-2.71167934035345
20.7447768061055	123.144509626327	1	1	-2.70927291165591
20.6539610144606	123.102604343062	1	1	-2.70686648296649
20.5632463277466	123.060480639616	1	1	-2.70446005427686
20.4726332712829	123.018138759923	1	1	-2.70205362559189
20.3821223698004	122.975578949181	1	1	-2.699647196895
20.2917141474381	122.932801453848	1	1	-2.69724076821459
20.2014091277409	122.889806521646	1	1	-2.69483433952447
20.1112078336556	122.846594401553	1	1	-2.69242791083425
20.0211107875287	122.803165343806	1	1	-2.69002148214329
19.9311185111027	122.759519599898	1	1	-2.68761505345226
19.8412315255136	122.715657422577	1	1	-2.68520862476743
19.7514503512876	122.671579065845	1	1	-2.68280219608114
19.6617755083381	122.627284784955	1	1	-2.68039576737987
19.572207515963	122.582774836409	1	1	-2.67798933870208
19.482746892841	122.538049477962	1	1	-2.67558291000624
19.3933941570295	122.493108968612	1	1	-2.67317648132137
19.3041498259608	122.447953568606	1	1	-2.67077005263445
19.2150144164396	122.402583539434	1	1	-2.66836362394615
19.1259884446398	122.356999143829	1	1	-2.6659571952533
19.0370724261016	122.311200645765	1	1	-2.66355076655751
18.9482668757284	122.265188310456	1	1	-2.66114433788267
18.8595723077839	122.218962404357	1	1	-2.6587379091859
18.7709892358892	122.172523195155	1	1	-2.65633148049238
18.6825181730197	122.125870951775	1	1	-2.65392505180557
18.594159631502	122.079005944376	1	1	-2.65151862312359
18.5059141230114	122.031928444349	1	1	-2.64911219443356
18.4177821585684	121.984638724314	1	1	-2.64670576573608
18.3297642485361	121.93713705812	1	1	-2.644299337054
18.2418609026171	121.889423720846	1	1	-2.64189290836363
18.1540726298505	121.841498988794	1	1	-2.63948647967182
18.0663999386091	121.793363139491	1	1	-2.63708005098215
17.9788433365964	121.745016451687	1	1	-2.63467362229632
17.8914033308435	121.696459205353	1	1	-2.63226719361016
17.8040804277065	121.647691681679	1	1	-2.62986076491778
17.7168751328633	121.598714163072	1	1	-2.62745433622851
17.6297879513106	121.549526933156	1	1	-2.6250479075376
17.5428193873613	121.500130276769	1	1	-2.62264147884813
17.4559699446412	121.450524479962	1	1	-2.62023505015703
17.3692401260867	121.400709829997	1	1	-2.61782862147202
17.2826304339409	121.350686615346	1	1	-2.61542219278435
17.1961413697516	121.300455125688	1	1	-2.61301576409333
17.1097734343681	121.250015651908	1	1	-2.61060933540472
17.0235271279381	121.199368486096	1	1	-2.60820290672047
16.937402949905	121.148513921545	1	1	-2.60579647802326
16.851401399005	121.097452252747	1	1	-2.60339004933637
16.7655229732641	121.046183775396	1	1	-2.60098362065415
16.6797681699954	120.994708786383	1	1	-2.59857719195188
16.5941374857961	120.943027583792	1	1	-2.59617076327113
16.5086314165446	120.891140466906	1	1	-2.59376433458316
16.4232504573976	120.839047736197	1	1	-2.5913579058898
16.3379951027874	120.786749693328	1	1	-2.58895147720898
16.2528658464189	120.734246641153	1	1	-2.58654504851286
16.1678631812669	120.68153888371	1	1	-2.58413861982448
16.0829875995729	120.628626726225	1	1	-2.58173219113727
15.9982395928427	120.575510475107	1	1	-2.57932576244514
15.913619651843	120.522190437946	1	1	-2.57691933375369
15.8291282665993	120.468666923513	1	1	-2.57451290506987
15.7447659263924	120.414940241758	1	1	-2.57210647638091
15.6605331197558	120.361010703806	1	1	-2.56970004768813
15.5764303344731	120.306878621957	1	1	-2.56729361900272
15.4924580575746	120.252544309685	1	1	-2.56488719031369
15.4086167753351	120.198008081634	1	1	-2.56248076161935
15.3249069732708	120.143270253617	1	1	-2.56007433293242
15.2413291361365	120.088331142616	1	1	-2.55766790424865
15.1578837479227	120.033191066778	1	1	-2.55526147556032
15.0745712918531	119.977850345413	1	1	-2.55285504686053
14.9913922503815	119.922309298992	1	1	-2.55044861818314
14.9083471051889	119.86656824915	1	1	-2.54804218948284
14.8254363371813	119.810627518675	1	1	-2.54563576079967
14.7426604264863	119.754487431516	1	1	-2.54322933211261
14.6600198524507	119.698148312774	1	1	-2.54082290341846
14.5775150936373	119.641610488702	1	1	-2.53841647473456
14.4951466278227	119.584874286706	1	1	-2.53601004604663
14.4129149319942	119.527940035339	1	1	-2.53360361734829
14.3308204823469	119.4708080643	1	1	-2.53119718867158
14.2488637542813	119.413478704437	1	1	-2.5287907599756
14.1670452224003	119.355952287736	1	1	-2.52638433128315
14.0853653605066	119.298229147327	1	1	-2.52397790260163
14.0038246415997	119.24030961748	1	1	-2.52157147390448
13.9224235378734	119.182194033599	1	1	-2.51916504521929
13.8411625207133	119.123882732227	1	1	-2.5167586165304
13.7600420606932	119.065376051038	1	1	-2.51435218784723
13.6790626275735	119.006674328839	1	1	-2.51194575915246
13.5982246902975	118.947777905564	1	1	-2.50953933046407
13.5175287169895	118.888687122277	1	1	-2.50713290177134
13.4369751749514	118.829402321166	1	1	-2.50472647308517
13.3565645306605	118.769923845544	1	1	-2.50232004439403
13.2762972497664	118.710252039844	1	1	-2.49991361570971
13.1961737970885	118.65038724962	1	1	-2.49750718701721
13.1161946366137	118.590329821542	1	1	-2.49510075833191
13.0363602314927	118.530080103397	1	1	-2.4926943296383
12.9566710440385	118.469638444084	1	1	-2.49028790095094
12.8771275357227	118.409005193615	1	1	-2.48788147226341
12.7977301671737	118.348180703111	1	1	-2.48547504356635
12.7184793981733	118.287165324799	1	1	-2.48306861488643
12.6393756876546	118.225959412015	1	1	-2.48066218619902
12.5604194936988	118.164563319195	1	1	-2.4782557574996
12.4816112735332	118.102977401876	1	1	-2.4758493288192
12.4029514835279	118.041202016698	1	1	-2.47344290012378
12.3244405791937	117.979237521394	1	1	-2.47103647143704
12.246079015179	117.917084274795	1	1	-2.46863004275013
12.1678672452675	117.854742636824	1	1	-2.46622361406322
12.0898057223755	117.792212968495	1	1	-2.46381718537052
12.0118948985491	117.72949563191	1	1	-2.46141075668025
11.9341352249619	117.666590990259	1	1	-2.45900432799649
11.856527151912	117.603499407817	1	1	-2.45659789930584
11.7790711288198	117.54022124994	1	1	-2.4541914706137
11.701767604225	117.476756883065	1	1	-2.45178504192517
11.6246170257843	117.413106674708	1	1	-2.44937861323764
11.5476198402688	117.349270993461	1	1	-2.44697218454463
11.4707764935611	117.285250208989	1	1	-2.44456575585426
11.394087430653	117.22104469203	1	1	-2.44215932717397
11.3175530956431	117.156654814393	1	1	-2.4397528984791
11.2411739317336	117.092080948951	1	1	-2.43734646979405
11.1649503812285	117.027323469646	1	1	-2.4349400410959
11.0888828855303	116.96238275148	1	1	-2.43253361241313
11.012971885138	116.89725917052	1	1	-2.43012718372318
10.9372178196444	116.831953103889	1	1	-2.42772075503594
10.8616211277334	116.766464929768	1	1	-2.42531432634704
10.7861822471776	116.700795027392	1	1	-2.42290789766141
10.7109016148357	116.634943777049	1	1	-2.42050146896208
10.6357796666501	116.568911560075	1	1	-2.4180950402801
10.5608168376442	116.502698758858	1	1	-2.41568861158744
10.4860135619199	116.436305756828	1	1	-2.41328218290239
10.4113702726552	116.369732938461	1	1	-2.41087575421494
10.3368874021017	116.302980689273	1	1	-2.40846932551726
10.262565381582	116.236049395818	1	1	-2.40606289683319
10.1884046414872	116.16893944569	1	1	-2.40365646814454
10.1144056112743	116.101651227515	1	1	-2.40125003945378
10.0405687194642	116.034185130952	1	1	-2.39884361076995
9.9668943936386	115.966541546691	1	1	-2.39643718207876
9.89338306043787	115.898720866448	1	1	-2.39403075338369
9.82003514555853	115.830723482965	1	1	-2.39162432469766
9.74685107375073	115.762549790009	1	1	-2.38921789601296
9.67383126881585	115.694200182367	1	1	-2.38681146731761
9.600976153604	115.625675055843	1	1	-2.3844050386302
9.52828615001159	115.55697480726	1	1	-2.38199860994273
9.45576167897889	115.488099834454	1	1	-2.37959218125652
9.38340316048759	115.419050536273	1	1	-2.37718575256088
9.31121101355834	115.349827312573	1	1	-2.37477932387586
9.23918565624841	115.28043056422	1	1	-2.37237289518838
9.16732750564914	115.210860693083	1	1	-2.36996646649411
9.09563697788365	115.141118102033	1	1	-2.36756003780638
9.02411448810433	115.071203194943	1	1	-2.36515360911897
8.9527604504905	115.001116376683	1	1	-2.3627471804349
8.881575278246	114.930858053119	1	1	-2.36034075173923
8.81055938359676	114.860428631108	1	1	-2.35793432305439
8.73971317778846	114.789828518501	1	1	-2.35552789436293
8.66903707108413	114.719058124135	1	1	-2.35312146567123
8.59853147276178	114.648117857834	1	1	-2.35071503698179
8.528196791112	114.577008130406	1	1	-2.34830860829884
8.45803343343564	114.505729353641	1	1	-2.3459021796018
8.38804180604143	114.434281940305	1	1	-2.34349575092197
8.31822231424361	114.362666304145	1	1	-2.34108932222326
8.24857536235961	114.290882859877	1	1	-2.33868289354185
8.17910135370772	114.218932023194	1	1	-2.33627646484793
8.1098006906047	114.146814210754	1	1	-2.33387003616237
8.04067377436351	114.074529840185	1	1	-2.33146360746811
7.97172100529094	114.002079330077	1	1	-2.32905717878485
7.90294278268533	113.929463099985	1	1	-2.32665075009439
7.83433950483422	113.856681570421	1	1	-2.32424432140179
7.76591156901209	113.783735162855	1	1	-2.32183789271588
7.69765937147799	113.710624299713	1	1	-2.31943146402672
7.62958330747334	113.637349404372	1	1	-2.31702503534228
7.56168377121956	113.56391090116	1	1	-2.31461860664602
7.49396115591581	113.49030921535	1	1	-2.31221217795851
7.42641585373672	113.416544773163	1	1	-2.30980574926921
7.35904825583015	113.342618001761	1	1	-2.307399320585
7.29185875231486	113.268529329247	1	1	-2.30499289188856
7.22484773227828	113.194279184659	1	1	-2.30258646320635
7.15801558377429	113.119867997974	1	1	-2.3001800345076
7.09136269382093	113.045296200097	1	1	-2.29777360582543
7.02488944839815	112.970564222868	1	1	-2.29536717713554
6.95859623244563	112.895672499051	1	1	-2.29296074845098
6.89248342986051	112.820621462337	1	1	-2.29055431975482
6.82655142349516	112.745411547337	1	1	-2.28814789106643
6.760800595155	112.670043189585	1	1	-2.28574146238247
6.69523132559623	112.594516825532	1	1	-2.28333503368962
6.62984399452371	112.518832892542	1	1	-2.28092860499812
6.56463898058869	112.442991828893	1	1	-2.27852217631476
6.49961666138664	112.366994073774	1	1	-2.2761157476245
6.43477741345504	112.290840067279	1	1	-2.2737093189342
6.37012161227127	112.214530250408	1	1	-2.27130289024257
6.30564963225036	112.138065065063	1	1	-2.26889646155757
6.24136184674287	112.061444954047	1	1	-2.26649003286552
6.17725862803267	111.984670361058	1	1	-2.26408360417544
6.11334034733487	111.90774173069	1	1	-2.26167717549347
6.04960737479358	111.83065950843	1	1	-2.25927074679779
5.98606007947985	111.753424140651	1	1	-2.25686431810844
5.92269882938946	111.676036074616	1	1	-2.25445788942385
5.85952399144085	111.598495758472	1	1	-2.25205146073332
5.79653593147295	111.520803641246	1	1	-2.24964503204297
5.73373501424306	111.442960172845	1	1	-2.24723860334974
5.67112160342479	111.364965804052	1	1	-2.24483217466716
5.6086960616059	111.286820986526	1	1	-2.24242574597493
5.54645875028625	111.208526172794	1	1	-2.24001931728838
5.48441002987561	111.130081816254	1	1	-2.23761288859449
5.42255025969171	111.051488371168	1	1	-2.23520645990998
5.36087979795806	110.972746292664	1	1	-2.23280003121821
5.29939900180189	110.893856036728	1	1	-2.23039360253067
5.23810822725213	110.814818060206	1	1	-2.22798717384498
5.17700782923728	110.735632820799	1	1	-2.22558074514996
5.11609816158342	110.656300777059	1	1	-2.2231743164633
5.0553795770121	110.576822388391	1	1	-2.22076788777613
4.99485242713835	110.497198115046	1	1	-2.21836145908336
4.93451706246861	110.417428418119	1	1	-2.21595503039635
4.87437383239873	110.337513759549	1	1	-2.21354860170644
4.81442308521191	110.257454602113	1	1	-2.21114217302099
4.75466516807669	110.177251409426	1	1	-2.20873574432709
4.69510042704499	110.096904645935	1	1	-2.20632931564075
4.63572920705003	110.016414776921	1	1	-2.20392288695155
4.57655185190439	109.935782268492	1	1	-2.20151645825922
4.517568704298	109.855007587582	1	1	-2.19911002957428
4.45878010579614	109.77409120195	1	1	-2.19670360088108
4.40018639683747	109.693033580173	1	1	-2.19429717219791
4.34178791673211	109.611835191649	1	1	-2.19189074350039
4.28358500365958	109.530496506587	1	1	-2.18948431482121
4.22557799466691	109.449017996014	1	1	-2.18707788612661
4.16776722566669	109.367400131761	1	1	-2.18467145743486
4.11015303143505	109.285643386469	1	1	-2.18226502874947
4.05273574560984	109.203748233584	1	1	-2.17985860006249
3.99551570068859	109.121715147352	1	1	-2.177452171369
3.93849322802665	109.039544602817	1	1	-2.17504574268077
3.88166865783524	108.957237075821	1	1	-2.17263931399619
3.82504231917956	108.874793042999	1	1	-2.1702328853013
3.76861453997684	108.792212981774	1	1	-2.16782645661442
3.71238564699451	108.70949737036	1	1	-2.1654200279246
3.65635596584826	108.626646687754	1	1	-2.16301359923658
3.60052582100013	108.543661413736	1	1	-2.16060717054762
3.54489553575674	108.460542028865	1	1	-2.15820074186041
3.48946543226726	108.377289014477	1	1	-2.15579431316986
3.4342358315217	108.293902852681	1	1	-2.15338788447618
3.37920705334892	108.210384026357	1	1	-2.15098145579403
3.32437941641489	108.126733019156	1	1	-2.14857502709946
3.26975323822074	108.04295031549	1	1	-2.14616859841604
3.21532883510101	107.959036400538	1	1	-2.14376216972291
3.16110652222179	107.874991760235	1	1	-2.14135574103104
3.10708661357884	107.790816881275	1	1	-2.13894931234986
3.05326942199586	107.706512251108	1	1	-2.13654288365604
2.99965525912263	107.622078357931	1	1	-2.13413645496802
2.94624443543319	107.537515690693	1	1	-2.13173002627673
2.89303726022408	107.452824739087	1	1	-2.12932359758774
2.84003404161255	107.36800599355	1	1	-2.12691716890145
2.78723508653471	107.283059945259	1	1	-2.12451074021102
2.73464070074385	107.197987086127	1	1	-2.12210431152015
2.68225118880859	107.112787908802	1	1	-2.11969788283651
2.63006685411116	107.027462906665	1	1	-2.11729145414128
2.57808799884564	106.942012573822	1	1	-2.11488502545639
2.52631492401618	106.856437405109	1	1	-2.11247859676673
2.47474792943527	106.770737896082	1	1	-2.11007216807717
2.42338731372205	106.684914543018	1	1	-2.10766573938703
2.3722333743005	106.598967842911	1	1	-2.1052593106948
2.32128640739777	106.512898293469	1	1	-2.10285288201348
2.27054670804248	106.426706393114	1	1	-2.1004464533203
2.22001457006294	106.340392640972	1	1	-2.09804002463211
2.16969028608555	106.253957536878	1	1	-2.09563359594042
2.11957414753299	106.167401581368	1	1	-2.09322716725099
2.06966644462263	106.080725275679	1	1	-2.09082073856407
2.01996746636479	105.993929121745	1	1	-2.08841430987461
1.9704775005611	105.907013622193	1	1	-2.08600788118676
1.92119683380282	105.819979280342	1	1	-2.08360145249981
1.87212575146918	105.732826600199	1	1	-2.08119502380718
1.82326453772573	105.645556086455	1	1	-2.07878859511729
1.77461347552267	105.558168244485	1	1	-2.07638216642758
1.72617284659327	105.470663580343	1	1	-2.07397573774066
1.67794293145219	105.38304260076	1	1	-2.07156930905383
1.62992400939384	105.29530581314	1	1	-2.06916288036378
1.58211635849084	105.207453725557	1	1	-2.06675645167237
1.53452025559232	105.119486846753	1	1	-2.06435002298516
1.48713597632239	105.031405686136	1	1	-2.06194359429409
1.43996379507848	104.943210753774	1	1	-2.05953716560451
1.39300398502979	104.854902560395	1	1	-2.05713073691654
1.34625681811573	104.766481617383	1	1	-2.05472430823113
1.29972256504428	104.677948436775	1	1	-2.05231787953874
1.25340149529048	104.589303531256	1	1	-2.04991145084905
1.20729387709483	104.50054741416	1	1	-2.04750502216173
1.16139997746177	104.411680599465	1	1	-2.04509859346772
1.11572006215809	104.322703601788	1	1	-2.04269216478452
1.07025439571147	104.233616936388	1	1	-2.04028573609405
1.02500324140885	104.144421119155	1	1	-2.0378793074049
0.979966861294969	104.055116666613	1	1	-2.03547287871646
0.935145516170834	103.965704095915	1	1	-2.03306645002393
0.890539465592205	103.876183924839	1	1	-2.03066002133586
0.846148967868089	103.786556671788	1	1	-2.02825359265147
0.801974280059262	103.696822855785	1	1	-2.02584716395741
0.758015657976749	103.606982996467	1	1	-2.02344073527081
0.714273356180378	103.517037614089	1	1	-2.0210343065782
0.670747627977264	103.426987229514	1	1	-2.01862787789243
0.62743872542039	103.336832364216	1	1	-2.01622144920452
0.584346899307128	103.246573540272	1	1	-2.01381502051035
0.541472399177756	103.15621128036	1	1	-2.01140859182691
0.498815473314068	103.065746107761	1	1	-2.00900216313316
0.456376368737885	102.975178546347	1	1	-2.00659573444638
0.41415533120967	102.884509120587	1	1	-2.00418930575865
0.372152605227058	102.793738355538	1	1	-2.00178287707049
0.330368434023491	102.702866776844	1	1	-1.99937644837866
0.28880305956676	102.611894910732	1	1	-1.99697001968836
0.247456722557637	102.520823284011	1	1	-1.99456359100083
0.206329662428466	102.429652424068	1	1	-1.99215716231329
0.165422117341791	102.338382858864	1	1	-1.98975073362339
0.124734324188957	102.247015116931	1	1	-1.98734430493303
0.0842665185887554	102.15554972737	1	1	-1.98493787624435
0.0440189348860471	102.063987219848	1	1	-1.98253144755579
0.00399180615040962	101.972328124594	1	1	-1.98012501886589
-0.0358146358251972	101.880572972396	1	1	-1.9777185901778
-0.0754001605258026	101.788722294599	1	1	-1.97531216148682
-0.114764538715747	101.6967766231	1	1	-1.97290573280027
-0.153907542439995	101.604736490348	1	1	-1.97049930411038
-0.192828945025475	101.512602429337	1	1	-1.96809287542134
-0.231528521082375	101.420374973606	1	1	-1.96568644673376
-0.270006046505479	101.328054657235	1	1	-1.96328001804086
-0.308261298475422	101.23564201484	1	1	-1.96087358935563
-0.346294055460014	101.143137581575	1	1	-1.95846716066425
-0.384104097215499	101.050541893122	1	1	-1.95606073197659
-0.421691204787848	100.957855485694	1	1	-1.95365430328389
-0.459055160514026	100.865078896027	1	1	-1.95124787460004
-0.49619574802324	100.772212661383	1	1	-1.94884144590614
-0.533112752238203	100.679257319538	1	1	-1.94643501722059
-0.569805959376374	100.586213408789	1	1	-1.9440285885326
-0.606275156951199	100.493081467943	1	1	-1.9416221598395
-0.642520133773331	100.399862036316	1	1	-1.93921573115356
-0.67854067995188	100.306555653734	1	1	-1.93680930246183
-0.714336586895591	100.213162860523	1	1	-1.93440287377383
-0.749907647314089	100.119684197512	1	1	-1.931996445085
-0.785253655219059	100.026120206026	1	1	-1.92959001639654
-0.820374405925421	99.9324714278845	1	1	-1.92718358770685
-0.855269696052552	99.8387384053975	1	1	-1.92477715901755
-0.889939323525468	99.7449216813633	1	1	-1.92237073032893
-0.92438308757594	99.651021799065	1	1	-1.91996430163955
-0.958600788743702	99.5570393022669	1	1	-1.91755787295063
-0.992592228877598	99.462974735212	1	1	-1.91515144426124
-1.02635721113673	99.3688286426183	1	1	-1.91274501557264
-1.05989553999158	99.2746015696763	1	1	-1.91033858688328
-1.09320702122517	99.180294062045	1	1	-1.90793215819418
-1.12629146193418	99.0859066658494	1	1	-1.9055257295052
-1.15914867053003	98.9914399276772	1	1	-1.903119300816
-1.19177845674005	98.8968943945754	1	1	-1.90071287212709
-1.22418063160851	98.8022706140475	1	1	-1.89830644343773
-1.2563550074978	98.7075691340498	1	1	-1.89590001474909
-1.28830139808944	98.612790502989	1	1	-1.8934935860598
-1.3200196183852	98.5179352697181	1	1	-1.89108715737046
-1.35150948470815	98.4230039835339	1	1	-1.88868072868188
-1.38277081470374	98.3279971941739	1	1	-1.88627429999228
-1.41380342734086	98.2329154518122	1	1	-1.88386787130361
-1.44460714291287	98.1377593070576	1	1	-1.88146144261434
-1.47518178303864	98.0425293109493	1	1	-1.87905501392545
-1.50552717066362	97.9472260149544	1	1	-1.87664858523613
-1.5356431300608	97.8518499709643	1	1	-1.87424215654725
-1.56552948683179	97.7564017312919	1	1	-1.87183572785817
-1.5951860679078	97.660881848668	1	1	-1.86942929916897
-1.62461270155064	97.5652908762383	1	1	-1.86702287047992
-1.65380921735374	97.4696293675602	1	1	-1.86461644179082
-1.6827754462431	97.3738978765996	1	1	-1.86221001310163
-1.71151122047829	97.2780969577276	1	1	-1.85980358441287
-1.74001637365343	97.1822271657175	1	1	-1.85739715572367
-1.76829074069813	97.0862890557412	1	1	-1.85499072703443
-1.79633415787847	96.9902831833663	1	1	-1.85258429834561
-1.82414646279793	96.894210104553	1	1	-1.85017786965638
-1.85172749439833	96.7980703756504	1	1	-1.84777144096718
-1.87907709296078	96.7018645533937	1	1	-1.8453650122782
-1.9061951001066	96.6055931949009	1	1	-1.84295858358932
-1.93308135879822	96.5092568576695	1	1	-1.84055215489991
-1.95973571334011	96.412856099573	1	1	-1.83814572621119
-1.98615800937966	96.3163914788585	1	1	-1.83573929752189
-2.01234809390809	96.2198635541424	1	1	-1.83333286883278
-2.03830581526136	96.1232728844079	1	1	-1.83092644014381
-2.06403102312099	96.0266200290016	1	1	-1.82852001145475
-2.08952356851496	95.9299055476302	1	1	-1.82611358276549
-2.11478330381859	95.8331300003571	1	1	-1.82370715407654
-2.13981008275537	95.7362939475996	1	1	-1.82130072538767
-2.16460376039784	95.6393979501252	1	1	-1.81889429669818
-2.18916419316836	95.5424425690484	1	1	-1.81648786800933
-2.21349123884002	95.445428365828	1	1	-1.81408143932025
-2.23758475653744	95.348355902263	1	1	-1.81167501063121
-2.26144460673753	95.2512257404901	1	1	-1.80926858194218
-2.2850706512704	95.1540384429799	1	1	-1.80686215325303
-2.30846275332005	95.056794572534	1	1	-1.80445572456384
-2.33162077742526	94.9594946922815	1	1	-1.80204929587482
-2.35454458948033	94.8621393656759	1	1	-1.79964286718577
-2.37723405673582	94.7647291564919	1	1	-1.79723643849673
-2.39968904779938	94.6672646288219	1	1	-1.79483000980764
-2.4219094326365	94.5697463470728	1	1	-1.79242358111864
-2.44389508257123	94.4721748759629	1	1	-1.79001715242941
-2.46564587028695	94.3745507805184	1	1	-1.78761072374044
-2.48716166982711	94.2768746260704	1	1	-1.78520429505127
-2.50844235659594	94.1791469782513	1	1	-1.78279786636224
-2.5294878073592	94.0813684029918	1	1	-1.78039143767305
-2.55029790024487	93.9835394665174	1	1	-1.77798500898411
-2.57087251474385	93.8856607353455	1	1	-1.77557858029512
-2.59121153171069	93.7877327762816	1	1	-1.77317215160595
-2.61131483336425	93.6897561564163	1	1	-1.77076572291679
-2.6311823032884	93.591731443122	1	1	-1.76835929422788
-2.65081382643268	93.4936592040498	1	1	-1.76595286553869
-2.67020928911298	93.3955400071257	1	1	-1.76354643684963
-2.68936857901218	93.2973744205479	1	1	-1.76114000816056
-2.70829158518082	93.1991630127831	1	1	-1.75873357947146
-2.72697819803775	93.1009063525633	1	1	-1.75632715078238
-2.74542830937072	93.0026050088827	1	1	-1.75392072209334
-2.76364181233705	92.9042595509942	1	1	-1.75151429340429
-2.78161860146424	92.8058705484061	1	1	-1.74910786471512
-2.79935857265056	92.7074385708789	1	1	-1.7467014360261
-2.81686162316569	92.608964188422	1	1	-1.74429500733693
-2.83412765165128	92.5104479712902	1	1	-1.74188857864795
-2.85115655812154	92.4118904899809	1	1	-1.73948214995889
-2.86794824396384	92.3132923152302	1	1	-1.73707572126979
-2.88450261193928	92.2146540180098	1	1	-1.7346692925806
-2.90081956618323	92.1159761695238	1	1	-1.73226286389173
-2.9168990122059	92.0172593412056	1	1	-1.72985643520263
-2.93274085689288	91.918504104714	1	1	-1.72745000651346
-2.94834500850569	91.8197110319303	1	1	-1.72504357782439
-2.96371137668232	91.7208806949549	1	1	-1.72263714913535
-2.97883987243772	91.6220136661041	1	1	-1.72023072044616
-2.99373040816434	91.5231105179065	1	1	-1.71782429175727
-3.00838289763263	91.4241718231002	1	1	-1.71541786306803
-3.02279725599154	91.3251981546287	1	1	-1.71301143437911
-3.03697339976904	91.2261900856383	1	1	-1.7106050056898
-3.05091124687252	91.1271481894744	1	1	-1.70819857700087
-3.06461071658937	91.0280730396785	1	1	-1.70579214831183
-3.07807172958739	90.9289652099844	1	1	-1.70338571962267
-3.09129420791523	90.8298252743153	1	1	-1.7009792909336
-3.10427807500291	90.7306538067802	1	1	-1.69857286224457
-3.11702325566219	90.6314513816709	1	1	-1.69616643355553
-3.12952967608706	90.5322185734583	1	1	-1.69376000486636
-3.14179726385412	90.4329559567893	1	1	-1.69135357617731
-3.15382594792307	90.3336641064833	1	1	-1.68894714748832
-3.16561565863703	90.2343435975293	1	1	-1.68654071879915
-3.17716632772301	90.1349950050819	1	1	-1.68413429011006
-3.18847788829228	90.0356189044586	1	1	-1.68172786142091
-3.19955027484077	89.936215871136	1	1	-1.67932143273204
-3.21038342324945	89.8367864807469	1	1	-1.67691500404287
-3.22097727078467	89.7373313090764	1	1	-1.67450857535373
-3.23133175609856	89.6378509320591	1	1	-1.67210214666476
-3.24144681922937	89.5383459257757	1	1	-1.66969571797562
-3.25132240160182	89.4388168664492	1	1	-1.66728928928667
-3.26095844602744	89.3392643304422	1	1	-1.66488286059743
-3.27035489670488	89.239688894253	1	1	-1.66247643190839
-3.27951169922029	89.1400911345126	1	1	-1.6600700032193
-3.28842880054757	89.0404716279813	1	1	-1.65766357453033
-3.29710614904871	88.9408309515455	1	1	-1.65525714584104
-3.30554369447407	88.8411696822138	1	1	-1.65285071715224
-3.31374138796274	88.7414883971144	1	1	-1.65044428846292
-3.32169918204268	88.6417876734912	1	1	-1.64803785977385
-3.32941703063116	88.5420680887007	1	1	-1.64563143108496
-3.33689488903492	88.4423302202089	1	1	-1.64322500239572
-3.34413271395044	88.3425746455872	1	1	-1.64081857370667
-3.35113046346424	88.2428019425099	1	1	-1.63841214501768
-3.35788809705308	88.1430126887504	1	1	-1.63600571632866
-3.36440557558421	88.0432074621778	1	1	-1.6335992876395
-3.37068286131557	87.9433868407539	1	1	-1.63119285895031
-3.37671991789605	87.8435514025295	1	1	-1.6287864302614
-3.3825167103657	87.7437017256414	1	1	-1.62638000157218
-3.38807320515588	87.6438383883085	1	1	-1.62397357288322
-3.39338937008952	87.5439619688292	1	1	-1.62156714419401
-3.39846517438124	87.4440730455774	1	1	-1.61916071550511
-3.40330058863761	87.3441721969996	1	1	-1.61675428681596
-3.40789558485723	87.2442600016111	1	1	-1.6143478581269
-3.41225013643096	87.1443370379931	1	1	-1.61194142943773
-3.41636421814203	87.0444038847892	1	1	-1.60953500074862
-3.42023780616623	86.9444611207018	1	1	-1.60712857205972
-3.42387087807203	86.8445093244892	1	1	-1.60472214337048
-3.42726341282066	86.7445490749617	1	1	-1.60231571468157
-3.43041539076633	86.6445809509789	1	1	-1.59990928599241
-3.43332679365624	86.5446055314458	1	1	-1.59750285730329
-3.43599760463076	86.4446233953097	1	1	-1.59509642861432
-3.43842780822352	86.3446351215567	1	1	-1.59268999992513
-3.44061739036144	86.2446412892085	1	1	-1.59028357123601
-3.44256633836488	86.1446424773192	1	1	-1.5878771425471
-3.44427464094771	86.0446392649713	1	1	-1.58547071385794
-3.4457422882173	85.9446322312732	1	1	-1.5830642851688
-3.44696927167466	85.8446219553551	1	1	-1.58065785647992
-3.44795558421448	85.7446090163663	1	1	-1.57825142779066
-3.44870122012509	85.6445939934713	1	1	-1.5758449991016
-3.44920617508861	85.5445774658466	1	1	-1.57343857041257
-3.4494704461809	85.4445600126777	1	1	-1.57103214172349
-3.44949403187159	85.3445422131552	1	1	-1.56862571303444
-3.4492769320241	85.2445246464718	1	1	-1.56621928434527
-3.44881914789562	85.1445078918189	1	1	-1.56381285565628
-3.44812068213715	85.0444925283832	1	1	-1.55715449954691
-3.44607245508982	84.8943586826347	0	1	-1.5586677672912
-3.44485868263473	84.7942880239521	0	1	-1.5586677672912
-3.44364491017964	84.6942173652695	0	1	-1.55866776729121
-3.44243113772455	84.5941467065868	0	1	-1.5586677672912
-3.44121736526946	84.4940760479042	0	1	-1.55866776729121
-3.44000359281437	84.3940053892215	0	1	-1.5586677672912
-3.43878982035928	84.2939347305389	0	1	-1.5586677672912
-3.43757604790419	84.1938640718563	0	1	-1.5586677672912
-3.4363622754491	84.0937934131737	0	1	-1.55866776729121
-3.43514850299401	83.993722754491	0	1	-1.5586677672912
-3.43393473053892	83.8936520958084	0	1	-1.5586677672912
-3.43272095808383	83.7935814371258	0	1	-1.55866776729121
-3.43150718562874	83.6935107784431	0	1	-1.55866776729121
-3.43029341317365	83.5934401197605	0	1	-1.55866776729121
-3.42907964071856	83.4933694610778	0	1	-1.5586677672912
-3.42786586826347	83.3932988023952	0	1	-1.5586677672912
-3.42665209580838	83.2932281437126	0	1	-1.55866776729121
-3.42543832335329	83.1931574850299	0	1	-1.5586677672912
-3.4242245508982	83.0930868263473	0	1	-1.5586677672912
-3.42301077844311	82.9930161676647	0	1	-1.55866776729122
-3.42179700598802	82.892945508982	0	1	-1.5586677672912
-3.42058323353293	82.7928748502994	0	1	-1.5586677672912
-3.41936946107784	82.6928041916168	0	1	-1.55866776729121
-3.41815568862275	82.5927335329341	0	1	-1.5586677672912
-3.41694191616766	82.4926628742515	0	1	-1.5586677672913
-3.41572814371258	82.3925922155689	0	1	-1.55866776729111
-3.41451437125748	82.2925215568862	0	1	-1.5586677672913
-3.4133005988024	82.1924508982036	0	1	-1.5586677672912
-3.41208682634731	82.092380239521	0	1	-1.55866776729122
-3.41087305389222	81.9923095808383	0	1	-1.5586677672912
-3.40965928143713	81.8922389221557	0	1	-1.5586677672912
-3.40844550898204	81.7921682634731	0	1	-1.55866776729121
-3.40723173652695	81.6920976047904	0	1	-1.5586677672912
-3.40601796407186	81.5920269461078	0	1	-1.55866776729121
-3.40480419161677	81.4919562874251	0	1	-1.5586677672912
-3.40359041916168	81.3918856287425	0	1	-1.5586677672912
-3.40237664670659	81.2918149700599	0	1	-1.55866776729121
-3.4011628742515	81.1917443113772	0	1	-1.5586677672912
-3.39994910179641	81.0916736526946	0	1	-1.5586677672912
-3.39873532934132	80.991602994012	0	1	-1.55866776729121
-3.39752155688623	80.8915323353293	0	1	-1.5586677672912
-3.39630778443114	80.7914616766467	0	1	-1.55866776729121
-3.39509401197605	80.6913910179641	0	1	-1.55866776729121
-3.39388023952096	80.5913203592814	0	1	-1.5586677672912
-3.39266646706587	80.4912497005988	0	1	-1.5586677672912
-3.39145269461078	80.3911790419162	0	1	-1.55866776729121
-3.39023892215569	80.2911083832335	0	1	-1.5586677672912
-3.3890251497006	80.1910377245509	0	1	-1.5586677672912
-3.38781137724551	80.0909670658683	0	1	-1.55866776729121
-3.38659760479042	79.9908964071856	0	1	-1.5586677672912
-3.38538383233533	79.890825748503	0	1	-1.5586677672912
-3.38417005988024	79.7907550898204	0	1	-1.55866776729121
-3.38295628742515	79.6906844311377	0	1	-1.5586677672912
-3.38174251497006	79.5906137724551	0	1	-1.55866776729121
-3.38052874251497	79.4905431137724	0	1	-1.5586677672912
-3.37931497005988	79.3904724550898	0	1	-1.5586677672912
-3.37810119760479	79.2904017964072	0	1	-1.55866776729121
-3.3768874251497	79.1903311377245	0	1	-1.5586677672912
-3.37567365269461	79.0902604790419	0	1	-1.5586677672912
-3.37445988023952	78.9901898203593	0	1	-1.5586677672912
-3.37324610778443	78.8901191616767	0	1	-1.55866776729122
-3.37203233532934	78.790048502994	0	1	-1.5586677672912
-3.37081856287425	78.6899778443114	0	1	-1.55866776729121
-3.36960479041916	78.5899071856287	0	1	-1.5586677672912
-3.36839101796407	78.4898365269461	0	1	-1.5586677672912
-3.36717724550898	78.3897658682635	0	1	-1.55866776729121
-3.36596347305389	78.2896952095808	0	1	-1.5586677672912
-3.3647497005988	78.1896245508982	0	1	-1.5586677672912
-3.36353592814371	78.0895538922156	0	1	-1.55866776729122
-3.36232215568862	77.9894832335329	0	1	-1.5586677672912
-3.36110838323353	77.8894125748503	0	1	-1.5586677672912
-3.35989461077844	77.7893419161677	0	1	-1.55866776729121
-3.35868083832335	77.689271257485	0	1	-1.5586677672912
-3.35746706586826	77.5892005988024	0	1	-1.5586677672912
-3.35625329341317	77.4891299401198	0	1	-1.55866776729121
-3.35503952095808	77.3890592814371	0	1	-1.5586677672912
-3.35382574850299	77.2889886227545	0	1	-1.55866776729121
-3.3526119760479	77.1889179640718	0	1	-1.5586677672912
-3.35139820359281	77.0888473053892	0	1	-1.5586677672912
-3.35018443113772	76.9887766467066	0	1	-1.55866776729122
-3.34897065868263	76.8887059880239	0	1	-1.5586677672913
-3.34775688622755	76.7886353293413	0	1	-1.5586677672912
-3.34654311377246	76.6885646706587	0	1	-1.5586677672912
-3.34532934131737	76.5884940119761	0	1	-1.55866776729121
-3.34411556886228	76.4884233532934	0	1	-1.5586677672912
-3.34290179640719	76.3883526946108	0	1	-1.55866776729121
-3.3416880239521	76.2882820359281	0	1	-1.5586677672912
-3.34047425149701	76.1882113772455	0	1	-1.5586677672912
-3.33926047904192	76.0881407185629	0	1	-1.55866776729121
-3.33804670658683	75.9880700598802	0	1	-1.55866776729121
-3.33683293413174	75.8879994011976	0	1	-1.5586677672912
-3.33561916167665	75.787928742515	0	1	-1.55866776729122
-3.33440538922156	75.6878580838323	0	1	-1.5586677672912
-3.33319161676647	75.5877874251497	0	1	-1.5586677672912
-3.33197784431138	75.4877167664671	0	1	-1.55866776729121
-3.33076407185629	75.3876461077844	0	1	-1.5586677672912
-3.3295502994012	75.2875754491018	0	1	-1.5586677672912
-3.32833652694611	75.1875047904192	0	1	-1.55866776729121
-3.32712275449102	75.0874341317365	0	1	-1.5586677672912
-3.32590898203593	74.9873634730539	0	1	-1.5586677672912
-3.32469520958084	74.8872928143713	0	1	-1.55866776729122
-3.32348143712575	74.7872221556886	0	1	-1.5586677672912
-3.32226766467066	74.687151497006	0	1	-1.5586677672912
-3.32105389221557	74.5870808383234	0	1	-1.55866776729121
-3.31984011976048	74.4870101796407	0	1	-1.5586677672912
-3.31862634730539	74.3869395209581	0	1	-1.55866776729121
-3.3174125748503	74.2868688622754	0	1	-1.5586677672912
-3.31619880239521	74.1867982035928	0	1	-1.5586677672912
-3.31498502994012	74.0867275449102	0	1	-1.55866776729122
-3.31377125748503	73.9866568862275	0	1	-1.5586677672912
-3.31255748502994	73.8865862275449	0	1	-1.5586677672912
-3.31134371257485	73.7865155688623	0	1	-1.55866776729121
-3.31012994011976	73.6864449101796	0	1	-1.5586677672912
-3.30891616766467	73.586374251497	0	1	-1.5586677672912
-3.30770239520958	73.4863035928144	0	1	-1.55866776729121
-3.30648862275449	73.3862329341317	0	1	-1.5586677672912
-3.3052748502994	73.2861622754491	0	1	-1.5586677672912
-3.30406107784431	73.1860916167665	0	1	-1.55866776729122
-3.30284730538922	73.0860209580838	0	1	-1.5586677672912
-3.30163353293413	72.9859502994012	0	1	-1.5586677672912
-3.30041976047904	72.8858796407186	0	1	-1.55866776729121
-3.29920598802395	72.7858089820359	0	1	-1.5586677672912
-3.29799221556886	72.6857383233533	0	1	-1.5586677672912
-3.29677844311377	72.5856676646707	0	1	-1.55866776729121
-3.29556467065868	72.485597005988	0	1	-1.5586677672912
-3.29435089820359	72.3855263473054	0	1	-1.55866776729121
-3.2931371257485	72.2854556886227	0	1	-1.5586677672912
-3.29192335329341	72.1853850299401	0	1	-1.55866776729121
-3.29070958083832	72.0853143712575	0	1	-1.55866776729121
-3.28949580838323	71.9852437125748	0	1	-1.5586677672912
-3.28828203592814	71.8851730538922	0	1	-1.5586677672912
-3.28706826347305	71.7851023952096	0	1	-1.55866776729122
-3.28585449101796	71.6850317365269	0	1	-1.5586677672912
-3.28464071856287	71.5849610778443	0	1	-1.5586677672912
-3.28342694610778	71.4848904191617	0	1	-1.55866776729121
-3.28221317365269	71.384819760479	0	1	-1.5586677672912
-3.2809994011976	71.2847491017964	0	1	-1.5586677672913
-3.27978562874252	71.1846784431138	0	1	-1.55866776729121
-3.27857185628743	71.0846077844311	0	1	-1.5586677672912
-3.27735808383234	70.9845371257485	0	1	-1.5586677672912
-3.27614431137725	70.8844664670659	0	1	-1.55866776729122
-3.27493053892216	70.7843958083832	0	1	-1.5586677672912
-3.27371676646707	70.6843251497006	0	1	-1.5586677672912
-3.27250299401198	70.584254491018	0	1	-1.55866776729121
-3.27128922155689	70.4841838323353	0	1	-1.5586677672912
-3.2700754491018	70.3841131736527	0	1	-1.5586677672912
-3.26886167664671	70.2840425149701	0	1	-1.55866776729121
-3.26764790419162	70.1839718562874	0	1	-1.5586677672912
-3.26643413173653	70.0839011976048	0	1	-1.55866776729121
-3.26522035928144	69.9838305389221	0	1	-1.5586677672912
-3.26400658682635	69.8837598802395	0	1	-1.5586677672912
-3.26279281437126	69.7836892215569	0	1	-1.5586677672912
-3.26157904191617	69.6836185628743	0	1	-1.55866776729121
-3.26036526946108	69.5835479041916	0	1	-1.5586677672912
-3.25915149700599	69.483477245509	0	1	-1.5586677672912
-3.2579377245509	69.3834065868264	0	1	-1.55866776729121
-3.25672395209581	69.2833359281437	0	1	-1.55866776729121
-3.25551017964072	69.1832652694611	0	1	-1.55866776729121
-3.25429640718563	69.0831946107784	0	1	-1.5586677672912
-3.25308263473054	68.9831239520958	0	1	-1.5586677672912
-3.25186886227545	68.8830532934132	0	1	-1.55866776729121
-3.25065508982036	68.7829826347305	0	1	-1.5586677672912
-3.24944131736527	68.6829119760479	0	1	-1.5586677672912
-3.24822754491018	68.5828413173653	0	1	-1.55866776729121
-3.24701377245509	68.4827706586826	0	1	-1.5586677672912
-3.2458	68.3827	0	1	-1.5586677672912
-3.24458622754491	68.2826293413174	0	1	-1.55866776729121
-3.24337245508982	68.1825586826347	0	1	-1.5586677672912
-3.24215868263473	68.0824880239521	0	1	-1.5586677672912
-3.24094491017964	67.9824173652695	0	1	-1.55866776729121
-3.23973113772455	67.8823467065868	0	1	-1.5586677672912
-3.23851736526946	67.7822760479042	0	1	-1.5586677672912
-3.23730359281437	67.6822053892216	0	1	-1.55866776729121
-3.23608982035928	67.5821347305389	0	1	-1.5586677672912
-3.23487604790419	67.4820640718563	0	1	-1.55866776729121
-3.2336622754491	67.3819934131736	0	1	-1.55866776729121
-3.23244850299401	67.281922754491	0	1	-1.5586677672912
-3.23123473053892	67.1818520958084	0	1	-1.55866776729121
-3.23002095808383	67.0817814371257	0	1	-1.5586677672912
-3.22880718562874	66.9817107784431	0	1	-1.5586677672912
-3.22759341317365	66.8816401197605	0	1	-1.55866776729122
-3.22637964071856	66.7815694610778	0	1	-1.5586677672912
-3.22516586826347	66.6814988023952	0	1	-1.5586677672912
-3.22395209580838	66.5814281437126	0	1	-1.55866776729121
-3.22273832335329	66.4813574850299	0	1	-1.5586677672912
-3.2215245508982	66.3812868263473	0	1	-1.5586677672912
-3.22031077844311	66.2812161676647	0	1	-1.55866776729121
-3.21909700598802	66.181145508982	0	1	-1.5586677672912
-3.21788323353293	66.0810748502994	0	1	-1.5586677672912
-3.21666946107784	65.9810041916168	0	1	-1.55866776729122
-3.21545568862275	65.8809335329341	0	1	-1.5586677672912
-3.21424191616766	65.7808628742515	0	1	-1.55866776729121
-3.21302814371257	65.6807922155688	0	1	-1.5586677672913
-3.21181437125749	65.5807215568862	0	1	-1.5586677672912
-3.2106005988024	65.4806508982036	0	1	-1.5586677672912
-3.20938682634731	65.380580239521	0	1	-1.55866776729121
-3.20817305389222	65.2805095808383	0	1	-1.5586677672912
-3.20695928143713	65.1804389221557	0	1	-1.55866776729121
-3.20574550898204	65.080368263473	0	1	-1.5586677672912
-3.20453173652695	64.9802976047904	0	1	-1.5586677672912
-3.20331796407186	64.8802269461078	0	1	-1.55866776729121
-3.20210419161677	64.7801562874251	0	1	-1.5586677672912
-3.20089041916168	64.6800856287425	0	1	-1.5586677672912
-3.19967664670659	64.5800149700599	0	1	-1.55866776729121
-3.1984628742515	64.4799443113773	0	1	-1.55866776729121
-3.19724910179641	64.3798736526946	0	1	-1.5586677672912
-3.19603532934132	64.279802994012	0	1	-1.55866776729121
-3.19482155688623	64.1797323353293	0	1	-1.5586677672912
-3.19360778443114	64.0796616766467	0	1	-1.5586677672912
-3.19239401197605	63.9795910179641	0	1	-1.55866776729121
-3.19118023952096	63.8795203592814	0	1	-1.5586677672912
-3.18996646706587	63.7794497005988	0	1	-1.5586677672912
-3.18875269461078	63.6793790419162	0	1	-1.55866776729121
-3.18753892215569	63.5793083832335	0	1	-1.5586677672912
-3.1863251497006	63.4792377245509	0	1	-1.5586677672912
-3.18511137724551	63.3791670658683	0	1	-1.55866776729122
-3.18389760479042	63.2790964071856	0	1	-1.5586677672912
-3.18268383233533	63.179025748503	0	1	-1.55866776729122
-3.18147005988024	63.0789550898203	0	1	-1.5586677672912
-3.18025628742515	62.9788844311377	0	1	-1.5586677672912
-3.17904251497006	62.8788137724551	0	1	-1.5586677672912
-3.17782874251497	62.7787431137725	0	1	-1.55866776729121
-3.17661497005988	62.6786724550898	0	1	-1.5586677672912
-3.17540119760479	62.5786017964072	0	1	-1.55866776729122
-3.1741874251497	62.4785311377245	0	1	-1.5586677672912
-3.17297365269461	62.3784604790419	0	1	-1.5586677672912
-3.17175988023952	62.2783898203593	0	1	-1.55866776729122
-3.17054610778443	62.1783191616766	0	1	-1.5586677672912
-3.16933233532934	62.078248502994	0	1	-1.5586677672912
-3.16811856287425	61.9781778443114	0	1	-1.55866776729122
-3.16690479041916	61.8781071856287	0	1	-1.5586677672912
-3.16569101796407	61.7780365269461	0	1	-1.5586677672912
-3.16447724550898	61.6779658682635	0	1	-1.55866776729121
-3.16326347305389	61.5778952095808	0	1	-1.5586677672912
-3.1620497005988	61.4778245508982	0	1	-1.5586677672912
-3.16083592814371	61.3777538922156	0	1	-1.55866776729122
-3.15962215568862	61.2776832335329	0	1	-1.5586677672912
-3.15840838323353	61.1776125748503	0	1	-1.5586677672912
-3.15719461077844	61.0775419161677	0	1	-1.55866776729121
-3.15598083832335	60.977471257485	0	1	-1.5586677672912
-3.15476706586826	60.8774005988024	0	1	-1.5586677672912
-3.15355329341317	60.7773299401198	0	1	-1.55866776729121
-3.15233952095808	60.6772592814371	0	1	-1.55866776729121
-3.15112574850299	60.5771886227545	0	1	-1.5586677672912
-3.1499119760479	60.4771179640719	0	1	-1.55866776729122
-3.14869820359281	60.3770473053892	0	1	-1.5586677672912
-3.14748443113772	60.2769766467066	0	1	-1.55866776729122
-3.14627065868263	60.1769059880239	0	1	-1.5586677672912
-3.14505688622754	60.0768353293413	0	1	-1.5586677672913
-3.14384311377246	59.9767646706587	0	1	-1.55866776729122
-3.14262934131737	59.876694011976	0	1	-1.5586677672912
-3.14141556886228	59.7766233532934	0	1	-1.55866776729121
-3.14020179640719	59.6765526946108	0	1	-1.55866776729121
-3.1389880239521	59.5764820359281	0	1	-1.5586677672912
-3.13777425149701	59.4764113772455	0	1	-1.5586677672912
-3.13656047904192	59.3763407185629	0	1	-1.55866776729122
-3.13534670658683	59.2762700598802	0	1	-1.5586677672912
-3.13413293413174	59.1761994011976	0	1	-1.5586677672912
-3.13291916167665	59.076128742515	0	1	-1.55866776729122
-3.13170538922156	58.9760580838323	0	1	-1.5586677672912
-3.13049161676647	58.8759874251497	0	1	-1.5586677672912
-3.12927784431138	58.7759167664671	0	1	-1.55866776729121
-3.12806407185629	58.6758461077844	0	1	-1.5586677672912
-3.1268502994012	58.5757754491018	0	1	-1.5586677672912
-3.12563652694611	58.4757047904192	0	1	-1.55866776729122
-3.12442275449102	58.3756341317365	0	1	-1.5586677672912
-3.12320898203593	58.2755634730539	0	1	-1.5586677672912
-3.12199520958084	58.1754928143713	0	1	-1.55866776729122
-3.12078143712575	58.0754221556886	0	1	-1.5586677672912
-3.11956766467066	57.975351497006	0	1	-1.5586677672912
-3.11835389221557	57.8752808383234	0	1	-1.55866776729122
-3.11714011976048	57.7752101796407	0	1	-1.5586677672912
-3.11592634730539	57.6751395209581	0	1	-1.55866776729121
-3.1147125748503	57.5750688622754	0	1	-1.5586677672912
-3.11349880239521	57.4749982035928	0	1	-1.5586677672912
-3.11228502994012	57.3749275449102	0	1	-1.55866776729122
-3.11107125748503	57.2748568862275	0	1	-1.5586677672912
-3.10985748502994	57.1747862275449	0	1	-1.5586677672912
-3.10864371257485	57.0747155688623	0	1	-1.55866776729122
-3.10742994011976	56.9746449101796	0	1	-1.5586677672912
-3.10621616766467	56.874574251497	0	1	-1.5586677672912
-3.10500239520958	56.7745035928144	0	1	-1.55866776729121
-3.10378862275449	56.6744329341317	0	1	-1.5586677672912
-3.1025748502994	56.5743622754491	0	1	-1.5586677672912
-3.10136107784431	56.4742916167665	0	1	-1.55866776729122
-3.10014730538922	56.3742209580838	0	1	-1.5586677672912
-3.09893353293413	56.2741502994012	0	1	-1.5586677672912
-3.09771976047904	56.1740796407186	0	1	-1.55866776729122
-3.09650598802395	56.0740089820359	0	1	-1.5586677672912
-3.09529221556886	55.9739383233533	0	1	-1.5586677672912
-3.09407844311377	55.8738676646707	0	1	-1.55866776729122
-3.09286467065868	55.773797005988	0	1	-1.5586677672912
-3.09165089820359	55.6737263473054	0	1	-1.5586677672912
-3.0904371257485	55.5736556886228	0	1	-1.55866776729122
-3.08922335329341	55.4735850299401	0	1	-1.5586677672912
-3.08800958083832	55.3735143712575	0	1	-1.55866776729121
-3.08679580838323	55.2734437125748	0	1	-1.5586677672912
-3.08558203592814	55.1733730538922	0	1	-1.5586677672912
-3.08436826347305	55.0733023952096	0	1	-1.55866776729122
-3.08315449101796	54.9732317365269	0	1	-1.5586677672912
-3.08194071856287	54.8731610778443	0	1	-1.5586677672912
-3.08072694610778	54.7730904191617	0	1	-1.55866776729121
-3.07951317365269	54.673019760479	0	1	-1.5586677672912
-3.0782994011976	54.5729491017964	0	1	-1.5586677672913
-3.07708562874252	54.4728784431138	0	1	-1.55866776729121
-3.07587185628743	54.3728077844311	0	1	-1.5586677672912
-3.07465808383234	54.2727371257485	0	1	-1.5586677672912
-3.07344431137725	54.1726664670659	0	1	-1.55866776729122
-3.07223053892216	54.0725958083832	0	1	-1.5586677672912
-3.07101676646707	53.9725251497006	0	1	-1.5586677672912
-3.06980299401198	53.872454491018	0	1	-1.55866776729121
-3.06858922155689	53.7723838323353	0	1	-1.5586677672912
-3.0673754491018	53.6723131736527	0	1	-1.5586677672912
-3.06616167664671	53.5722425149701	0	1	-1.55866776729121
-3.06494790419162	53.4721718562874	0	1	-1.5586677672912
-3.06373413173653	53.3721011976048	0	1	-1.55866776729121
-3.06252035928144	53.2720305389221	0	1	-1.5586677672912
-3.06130658682635	53.1719598802395	0	1	-1.5586677672912
-3.06009281437126	53.0718892215569	0	1	-1.55866776729121
-3.05887904191617	52.9718185628743	0	1	-1.55866776729121
-3.05766526946108	52.8717479041916	0	1	-1.5586677672912
-3.05645149700599	52.771677245509	0	1	-1.55866776729121
-3.0552377245509	52.6716065868263	0	1	-1.5586677672912
-3.05402395209581	52.5715359281437	0	1	-1.5586677672912
-3.05281017964072	52.4714652694611	0	1	-1.55866776729121
-3.05159640718563	52.3713946107784	0	1	-1.5586677672912
-3.05038263473054	52.2713239520958	0	1	-1.5586677672912
-3.04916886227545	52.1712532934132	0	1	-1.55866776729122
-3.04795508982036	52.0711826347305	0	1	-1.5586677672912
-3.04674131736527	51.9711119760479	0	1	-1.5586677672912
-3.04552754491018	51.8710413173653	0	1	-1.55866776729121
-3.04431377245509	51.7709706586826	0	1	-1.5586677672912
-3.0431	51.6709	0	1	-1.5586677672912
-3.04188622754491	51.5708293413174	0	1	-1.55866776729121
-3.04067245508982	51.4707586826347	0	1	-1.5586677672912
-3.03945868263473	51.3706880239521	0	1	-1.5586677672912
-3.03824491017964	51.2706173652695	0	1	-1.55866776729122
-3.03703113772455	51.1705467065868	0	1	-1.55866776729121
-3.03581736526946	51.0704760479042	0	1	-1.5586677672912
-3.03460359281437	50.9704053892216	0	1	-1.55866776729121
-3.03338982035928	50.8703347305389	0	1	-1.5586677672912
-3.03217604790419	50.7702640718563	0	1	-1.55866776729122
-3.0309622754491	50.6701934131736	0	1	-1.5586677672912
-3.02974850299401	50.570122754491	0	1	-1.5586677672912
-3.02853473053892	50.4700520958084	0	1	-1.55866776729121
-3.02732095808383	50.3699814371257	0	1	-1.5586677672912
-3.02610718562874	50.2699107784431	0	1	-1.5586677672912
-3.02489341317365	50.1698401197605	0	1	-1.55866776729122
-3.02367964071856	50.0697694610778	0	1	-1.5586677672912
-3.02246586826347	49.9696988023952	0	1	-1.5586677672912
-3.02125209580838	49.8696281437126	0	1	-1.55866776729122
-3.02003832335329	49.7695574850299	0	1	-1.5586677672912
-3.0188245508982	49.6694868263473	0	1	-1.5586677672912
-3.01761077844311	49.5694161676647	0	1	-1.55866776729121
-3.01639700598802	49.469345508982	0	1	-1.5586677672912
-3.01518323353293	49.3692748502994	0	1	-1.5586677672912
-3.01396946107784	49.2692041916168	0	1	-1.55866776729122
-3.01275568862275	49.1691335329341	0	1	-1.55866776729121
-3.01154191616766	49.0690628742515	0	1	-1.5586677672912
-3.01032814371257	48.9689922155689	0	1	-1.55866776729131
-3.00911437125749	48.8689215568862	0	1	-1.5586677672912
-3.0079005988024	48.7688508982036	0	1	-1.5586677672912
-3.00668682634731	48.668780239521	0	1	-1.55866776729121
-3.00547305389222	48.5687095808383	0	1	-1.5586677672912
-3.00425928143713	48.4686389221557	0	1	-1.5586677672912
-3.00304550898204	48.3685682634731	0	1	-1.55866776729122
-3.00183173652695	48.2684976047904	0	1	-1.55866776729121
-3.00061796407186	48.1684269461078	0	1	-1.55866776729122
-2.99940419161677	48.0683562874251	0	1	-1.5586677672912
-2.99819041916168	47.9682856287425	0	1	-1.5586677672912
-2.99697664670659	47.8682149700599	0	1	-1.55866776729122
-2.9957628742515	47.7681443113772	0	1	-1.5586677672912
-2.99454910179641	47.6680736526946	0	1	-1.5586677672912
-2.99333532934132	47.568002994012	0	1	-1.55866776729121
-2.99212155688623	47.4679323353293	0	1	-1.5586677672912
-2.99090778443114	47.3678616766467	0	1	-1.5586677672912
-2.98969401197605	47.2677910179641	0	1	-1.55866776729122
-2.98848023952096	47.1677203592814	0	1	-1.5586677672912
-2.98726646706587	47.0676497005988	0	1	-1.5586677672912
-2.98605269461078	46.9675790419162	0	1	-1.55866776729122
-2.98483892215569	46.8675083832335	0	1	-1.5586677672912
-2.9836251497006	46.7674377245509	0	1	-1.5586677672912
-2.98241137724551	46.6673670658683	0	1	-1.55866776729121
-2.98119760479042	46.5672964071856	0	1	-1.5586677672912
-2.97998383233533	46.467225748503	0	1	-1.5586677672912
-2.97877005988024	46.3671550898204	0	1	-1.55866776729122
-2.97755628742515	46.2670844311377	0	1	-1.5586677672912
-2.97634251497006	46.1670137724551	0	1	-1.5586677672912
-2.97512874251497	46.0669431137725	0	1	-1.55866776729122
-2.97391497005988	45.9668724550898	0	1	-1.5586677672912
-2.97270119760479	45.8668017964072	0	1	-1.55866776729122
-2.9714874251497	45.7667311377245	0	1	-1.5586677672912
-2.97027365269461	45.6666604790419	0	1	-1.5586677672912
-2.96905988023952	45.5665898203593	0	1	-1.5586677672912
-2.96784610778443	45.4665191616767	0	1	-1.55866776729122
-2.96663233532934	45.366448502994	0	1	-1.5586677672912
-2.96541856287425	45.2663778443114	0	1	-1.55866776729121
-2.96420479041916	45.1663071856287	0	1	-1.5586677672912
-2.96299101796407	45.0662365269461	0	1	-1.5586677672912
-2.96177724550898	44.9661658682635	0	1	-1.55866776729122
-2.96056347305389	44.8660952095808	0	1	-1.5586677672912
-2.9593497005988	44.7660245508982	0	1	-1.5586677672912
-2.95813592814371	44.6659538922156	0	1	-1.55866776729121
-2.95692215568862	44.5658832335329	0	1	-1.5586677672912
-2.95570838323353	44.4658125748503	0	1	-1.5586677672912
-2.95449461077844	44.3657419161677	0	1	-1.55866776729122
-2.95328083832335	44.265671257485	0	1	-1.5586677672912
-2.95206706586826	44.1656005988024	0	1	-1.5586677672912
-2.95085329341317	44.0655299401198	0	1	-1.55866776729122
-2.94963952095808	43.9654592814371	0	1	-1.5586677672912
-2.94842574850299	43.8653886227545	0	1	-1.5586677672912
-2.9472119760479	43.7653179640719	0	1	-1.55866776729121
-2.94599820359281	43.6652473053892	0	1	-1.5586677672912
-2.94478443113772	43.5651766467066	0	1	-1.55866776729121
-2.94357065868263	43.4651059880239	0	1	-1.5586677672912
-2.94235688622754	43.3650353293413	0	1	-1.55866776729131
-2.94114311377246	43.2649646706587	0	1	-1.55866776729121
-2.93992934131737	43.164894011976	0	1	-1.5586677672912
-2.93871556886228	43.0648233532934	0	1	-1.5586677672912
-2.93750179640719	42.9647526946108	0	1	-1.55866776729122
-2.9362880239521	42.8646820359281	0	1	-1.5586677672912
-2.93507425149701	42.7646113772455	0	1	-1.5586677672912
-2.93386047904192	42.6645407185629	0	1	-1.55866776729121
-2.93264670658683	42.5644700598802	0	1	-1.5586677672912
-2.93143293413174	42.4643994011976	0	1	-1.5586677672912
-2.93021916167665	42.364328742515	0	1	-1.55866776729121
-2.92900538922156	42.2642580838323	0	1	-1.5586677672912
-2.92779161676647	42.1641874251497	0	1	-1.5586677672912
-2.92657784431138	42.0641167664671	0	1	-1.55866776729122
-2.92536407185629	41.9640461077844	0	1	-1.5586677672912
-2.9241502994012	41.8639754491018	0	1	-1.5586677672912
-2.92293652694611	41.7639047904192	0	1	-1.55866776729121
-2.92172275449102	41.6638341317365	0	1	-1.5586677672912
-2.92050898203593	41.5637634730539	0	1	-1.55866776729121
-2.91929520958084	41.4636928143713	0	1	-1.55866776729121
-2.91808143712575	41.3636221556886	0	1	-1.5586677672912
-2.91686766467066	41.263551497006	0	1	-1.5586677672912
-2.91565389221557	41.1634808383234	0	1	-1.55866776729122
-2.91444011976048	41.0634101796407	0	1	-1.5586677672912
-2.91322634730539	40.9633395209581	0	1	-1.55866776729122
-2.9120125748503	40.8632688622754	0	1	-1.5586677672912
-2.91079880239521	40.7631982035928	0	1	-1.5586677672912
-2.90958502994012	40.6631275449102	0	1	-1.55866776729122
-2.90837125748503	40.5630568862275	0	1	-1.5586677672912
-2.90715748502994	40.4629862275449	0	1	-1.5586677672912
-2.90594371257485	40.3629155688623	0	1	-1.55866776729121
-2.90472994011976	40.2628449101796	0	1	-1.5586677672912
-2.90351616766467	40.162774251497	0	1	-1.5586677672912
-2.90230239520958	40.0627035928144	0	1	-1.55866776729122
-2.90108862275449	39.9626329341317	0	1	-1.5586677672912
-2.8998748502994	39.8625622754491	0	1	-1.5586677672912
-2.89866107784431	39.7624916167665	0	1	-1.55866776729122
-2.89744730538922	39.6624209580838	0	1	-1.55866776729121
-2.89623353293413	39.5623502994012	0	1	-1.5586677672912
-2.89501976047904	39.4622796407186	0	1	-1.55866776729121
-2.89380598802395	39.3622089820359	0	1	-1.5586677672912
-2.89259221556886	39.2621383233533	0	1	-1.5586677672912
-2.89137844311377	39.1620676646707	0	1	-1.55866776729122
-2.89016467065868	39.061997005988	0	1	-1.5586677672912
-2.88895089820359	38.9619263473054	0	1	-1.5586677672912
-2.8877371257485	38.8618556886228	0	1	-1.55866776729122
-2.88652335329341	38.7617850299401	0	1	-1.5586677672912
-2.88530958083832	38.6617143712575	0	1	-1.5586677672912
-2.88409580838323	38.5616437125749	0	1	-1.55866776729121
-2.88288203592814	38.4615730538922	0	1	-1.5586677672912
-2.88166826347305	38.3615023952096	0	1	-1.55866776729121
-2.88045449101796	38.2614317365269	0	1	-1.5586677672912
-2.87924071856287	38.1613610778443	0	1	-1.5586677672912
-2.87802694610778	38.0612904191617	0	1	-1.55866776729122
-2.87681317365269	37.961219760479	0	1	-1.5586677672913
-2.87559940119761	37.8611491017964	0	1	-1.5586677672912
-2.87438562874252	37.7610784431138	0	1	-1.55866776729122
-2.87317185628743	37.6610077844311	0	1	-1.5586677672912
-2.87195808383234	37.5609371257485	0	1	-1.5586677672912
-2.87074431137725	37.4608664670659	0	1	-1.55866776729121
-2.86953053892216	37.3607958083832	0	1	-1.5586677672912
-2.86831676646707	37.2607251497006	0	1	-1.5586677672912
-2.86710299401198	37.160654491018	0	1	-1.55866776729122
-2.86588922155689	37.0605838323353	0	1	-1.5586677672912
-2.8646754491018	36.9605131736527	0	1	-1.5586677672912
-2.86346167664671	36.8604425149701	0	1	-1.55866776729122
-2.86224790419162	36.7603718562874	0	1	-1.55866776729121
-2.86103413173653	36.6603011976048	0	1	-1.55866776729122
-2.85982035928144	36.5602305389221	0	1	-1.5586677672912
-2.85860658682635	36.4601598802395	0	1	-1.5586677672912
-2.85739281437126	36.3600892215569	0	1	-1.5586677672912
-2.85617904191617	36.2600185628743	0	1	-1.55866776729122
-2.85496526946108	36.1599479041916	0	1	-1.5586677672912
-2.85375149700599	36.059877245509	0	1	-1.55866776729121
-2.8525377245509	35.9598065868263	0	1	-1.5586677672912
-2.85132395209581	35.8597359281437	0	1	-1.5586677672912
-2.85011017964072	35.7596652694611	0	1	-1.55866776729122
-2.84889640718563	35.6595946107784	0	1	-1.5586677672912
-2.84768263473054	35.5595239520958	0	1	-1.5586677672912
-2.84646886227545	35.4594532934132	0	1	-1.55866776729121
-2.84525508982036	35.3593826347305	0	1	-1.5586677672912
-2.84404131736527	35.2593119760479	0	1	-1.5586677672912
-2.84282754491018	35.1592413173653	0	1	-1.55866776729121
-2.84161377245509	35.0591706586826	0	1	-1.5586677672912
-2.8404	34.9591	0	1	-1.5586677672912
-2.83918622754491	34.8590293413174	0	1	-1.55866776729122
-2.83797245508982	34.7589586826347	0	1	-1.5586677672912
-2.83675868263473	34.6588880239521	0	1	-1.5586677672912
-2.83554491017964	34.5588173652695	0	1	-1.55866776729121
-2.83433113772455	34.4587467065868	0	1	-1.5586677672912
-2.83311736526946	34.3586760479042	0	1	-1.5586677672912
-2.83190359281437	34.2586053892216	0	1	-1.55866776729121
-2.83068982035928	34.1585347305389	0	1	-1.5586677672912
-2.82947604790419	34.0584640718563	0	1	-1.5586677672912
-2.8282622754491	33.9583934131737	0	1	-1.55866776729122
-2.82704850299401	33.858322754491	0	1	-1.5586677672912
-2.82583473053892	33.7582520958084	0	1	-1.55866776729122
-2.82462095808383	33.6581814371257	0	1	-1.5586677672912
-2.82340718562874	33.5581107784431	0	1	-1.5586677672912
-2.82219341317365	33.4580401197605	0	1	-1.55866776729121
-2.82097964071856	33.3579694610778	0	1	-1.5586677672912
-2.81976586826347	33.2578988023952	0	1	-1.5586677672912
-2.81855209580838	33.1578281437126	0	1	-1.55866776729121
-2.81733832335329	33.0577574850299	0	1	-1.5586677672912
-2.8161245508982	32.9576868263473	0	1	-1.55866776729121
-2.81491077844311	32.8576161676647	0	1	-1.55866776729122
-2.81369700598802	32.757545508982	0	1	-1.5586677672912
-2.81248323353293	32.6574748502994	0	1	-1.5586677672912
-2.81126946107784	32.5574041916168	0	1	-1.55866776729121
-2.81005568862275	32.4573335329341	0	1	-1.5586677672912
-2.80884191616766	32.3572628742515	0	1	-1.5586677672912
-2.80762814371257	32.2571922155689	0	1	-1.55866776729131
-2.80641437125749	32.1571215568862	0	1	-1.5586677672912
-2.8052005988024	32.0570508982036	0	1	-1.5586677672912
-2.80398682634731	31.956980239521	0	1	-1.55866776729122
-2.80277305389222	31.8569095808383	0	1	-1.5586677672912
-2.80155928143713	31.7568389221557	0	1	-1.5586677672912
-2.80034550898204	31.6567682634731	0	1	-1.55866776729122
-2.79913173652695	31.5566976047904	0	1	-1.5586677672912
-2.79791796407186	31.4566269461078	0	1	-1.55866776729122
-2.79670419161677	31.3565562874251	0	1	-1.5586677672912
-2.79549041916168	31.2564856287425	0	1	-1.5586677672912
-2.79427664670659	31.1564149700599	0	1	-1.55866776729122
-2.7930628742515	31.0563443113772	0	1	-1.5586677672912
-2.79184910179641	30.9562736526946	0	1	-1.5586677672912
-2.79063532934132	30.856202994012	0	1	-1.55866776729122
-2.78942155688623	30.7561323353293	0	1	-1.5586677672912
-2.78820778443114	30.6560616766467	0	1	-1.5586677672912
-2.78699401197605	30.5559910179641	0	1	-1.55866776729122
-2.78578023952096	30.4559203592814	0	1	-1.5586677672912
-2.78456646706587	30.3558497005988	0	1	-1.5586677672912
-2.78335269461078	30.2557790419162	0	1	-1.55866776729122
-2.78213892215569	30.1557083832335	0	1	-1.5586677672912
-2.7809251497006	30.0556377245509	0	1	-1.55866776729121
-2.77971137724551	29.9555670658683	0	1	-1.55866776729122
-2.77849760479042	29.8554964071856	0	1	-1.5586677672912
-2.77728383233533	29.755425748503	0	1	-1.5586677672912
-2.77607005988024	29.6553550898204	0	1	-1.55866776729122
-2.77485628742515	29.5552844311377	0	1	-1.5586677672912
-2.77364251497006	29.4552137724551	0	1	-1.5586677672912
-2.77242874251497	29.3551431137725	0	1	-1.55866776729122
-2.77121497005988	29.2550724550898	0	1	-1.5586677672912
-2.77000119760479	29.1550017964072	0	1	-1.5586677672912
-2.7687874251497	29.0549311377246	0	1	-1.55866776729122
-2.76757365269461	28.9548604790419	0	1	-1.5586677672912
-2.76635988023952	28.8547898203593	0	1	-1.55866776729122
-2.76514610778443	28.7547191616766	0	1	-1.5586677672912
-2.76393233532934	28.654648502994	0	1	-1.5586677672912
-2.76271856287425	28.5545778443114	0	1	-1.55866776729122
-2.76150479041916	28.4545071856287	0	1	-1.5586677672912
-2.76029101796407	28.3544365269461	0	1	-1.5586677672912
-2.75907724550898	28.2543658682635	0	1	-1.55866776729122
-2.75786347305389	28.1542952095808	0	1	-1.55866776729121
-2.7566497005988	28.0542245508982	0	1	-1.5586677672912
-2.75543592814371	27.9541538922156	0	1	-1.55866776729122
-2.75422215568862	27.8540832335329	0	1	-1.5586677672912
-2.75300838323353	27.7540125748503	0	1	-1.5586677672912
-2.75179461077844	27.6539419161677	0	1	-1.55866776729122
-2.75058083832335	27.553871257485	0	1	-1.5586677672912
-2.74936706586826	27.4538005988024	0	1	-1.5586677672912
-2.74815329341317	27.3537299401198	0	1	-1.55866776729122
-2.74693952095808	27.2536592814371	0	1	-1.5586677672912
-2.74572574850299	27.1535886227545	0	1	-1.5586677672912
-2.7445119760479	27.0535179640719	0	1	-1.55866776729122
-2.74329820359281	26.9534473053892	0	1	-1.5586677672912
-2.74208443113772	26.8533766467066	0	1	-1.55866776729122
-2.74087065868263	26.7533059880239	0	1	-1.5586677672912
-2.73965688622754	26.6532353293413	0	1	-1.5586677672913
-2.73844311377246	26.5531646706587	0	1	-1.55866776729122
-2.73722934131737	26.453094011976	0	1	-1.5586677672912
-2.73601556886228	26.3530233532934	0	1	-1.5586677672912
-2.73480179640719	26.2529526946108	0	1	-1.55866776729122
-2.7335880239521	26.1528820359281	0	1	-1.5586677672912
-2.73237425149701	26.0528113772455	0	1	-1.5586677672912
-2.73116047904192	25.9527407185629	0	1	-1.55866776729122
-2.72994670658683	25.8526700598802	0	1	-1.5586677672912
-2.72873293413174	25.7525994011976	0	1	-1.5586677672912
-2.72751916167665	25.652528742515	0	1	-1.55866776729122
-2.72630538922156	25.5524580838323	0	1	-1.5586677672912
-2.72509161676647	25.4523874251497	0	1	-1.5586677672912
-2.72387784431138	25.3523167664671	0	1	-1.55866776729122
-2.72266407185629	25.2522461077844	0	1	-1.55866776729121
-2.7214502994012	25.1521754491018	0	1	-1.5586677672912
-2.72023652694611	25.0521047904192	0	1	-1.55866776729122
-2.71902275449102	24.9520341317365	0	1	-1.5586677672912
-2.71780898203593	24.8519634730539	0	1	-1.5586677672912
-2.71659520958084	24.7518928143713	0	1	-1.55866776729122
-2.71538143712575	24.6518221556886	0	1	-1.5586677672912
-2.71416766467066	24.551751497006	0	1	-1.5586677672912
-2.71295389221557	24.4516808383234	0	1	-1.55866776729122
-2.71174011976048	24.3516101796407	0	1	-1.5586677672912
-2.71052634730539	24.2515395209581	0	1	-1.5586677672912
-2.7093125748503	24.1514688622755	0	1	-1.55866776729122
-2.70809880239521	24.0513982035928	0	1	-1.5586677672912
-2.70688502994012	23.9513275449102	0	1	-1.55866776729122
-2.70567125748503	23.8512568862275	0	1	-1.5586677672912
-2.70445748502994	23.7511862275449	0	1	-1.5586677672912
-2.70324371257485	23.6511155688623	0	1	-1.55866776729122
-2.70202994011976	23.5510449101796	0	1	-1.5586677672912
-2.70081616766467	23.450974251497	0	1	-1.5586677672912
-2.69960239520958	23.3509035928144	0	1	-1.55866776729122
-2.69838862275449	23.2508329341317	0	1	-1.5586677672912
-2.6971748502994	23.1507622754491	0	1	-1.5586677672912
-2.69596107784431	23.0506916167665	0	1	-1.55866776729122
-2.69474730538922	22.9506209580838	0	1	-1.5586677672912
-2.69353353293413	22.8505502994012	0	1	-1.5586677672912
-2.69231976047904	22.7504796407186	0	1	-1.55866776729122
-2.69110598802395	22.6504089820359	0	1	-1.5586677672912
-2.68989221556886	22.5503383233533	0	1	-1.5586677672912
-2.68867844311377	22.4502676646707	0	1	-1.55866776729122
-2.68746467065868	22.350197005988	0	1	-1.5586677672912
-2.68625089820359	22.2501263473054	0	1	-1.55866776729122
-2.6850371257485	22.1500556886227	0	1	-1.5586677672912
-2.68382335329341	22.0499850299401	0	1	-1.5586677672912
-2.68260958083832	21.9499143712575	0	1	-1.55866776729122
-2.68139580838323	21.8498437125748	0	1	-1.5586677672912
-2.68018203592814	21.7497730538922	0	1	-1.5586677672912
-2.67896826347305	21.6497023952096	0	1	-1.55866776729122
-2.67775449101796	21.5496317365269	0	1	-1.5586677672912
-2.67654071856287	21.4495610778443	0	1	-1.55866776729121
-2.67532694610778	21.3494904191617	0	1	-1.55866776729122
-2.67411317365269	21.249419760479	0	1	-1.5586677672913
-2.67289940119761	21.1493491017964	0	1	-1.5586677672912
-2.67168562874252	21.0492784431138	0	1	-1.55866776729122
-2.67047185628743	20.9492077844311	0	1	-1.5586677672912
-2.66925808383234	20.8491371257485	0	1	-1.5586677672912
-2.66804431137725	20.7490664670659	0	1	-1.55866776729122
-2.66683053892216	20.6489958083832	0	1	-1.5586677672912
-2.66561676646707	20.5489251497006	0	1	-1.55866776729121
-2.66440299401198	20.448854491018	0	1	-1.55866776729122
-2.66318922155689	20.3487838323353	0	1	-1.5586677672912
-2.6619754491018	20.2487131736527	0	1	-1.5586677672912
-2.66076167664671	20.1486425149701	0	1	-1.55866776729122
-2.65954790419162	20.0485718562874	0	1	-1.5586677672912
-2.65833413173653	19.9485011976048	0	1	-1.5586677672912
-2.65712035928144	19.8484305389222	0	1	-1.55866776729122
-2.65590658682635	19.7483598802395	0	1	-1.5586677672912
-2.65469281437126	19.6482892215569	0	1	-1.5586677672912
-2.65347904191617	19.5482185628743	0	1	-1.55866776729122
-2.65226526946108	19.4481479041916	0	1	-1.5586677672912
-2.65105149700599	19.348077245509	0	1	-1.55866776729122
-2.6498377245509	19.2480065868263	0	1	-1.5586677672912
-2.64862395209581	19.1479359281437	0	1	-1.5586677672912
-2.64741017964072	19.0478652694611	0	1	-1.55866776729122
-2.64619640718563	18.9477946107784	0	1	-1.5586677672912
-2.64498263473054	18.8477239520958	0	1	-1.5586677672912
-2.64376886227545	18.7476532934132	0	1	-1.55866776729122
-2.64255508982036	18.6475826347305	0	1	-1.5586677672912
-2.64134131736527	18.5475119760479	0	1	-1.55866776729121
-2.64012754491018	18.4474413173653	0	1	-1.55866776729122
-2.63891377245509	18.3473706586826	0	1	-1.5586677672912
-2.6377	18.2473	0	1	-1.5586677672912
-2.63648622754491	18.1472293413174	0	1	-1.55866776729122
-2.63527245508982	18.0471586826347	0	1	-1.5586677672912
-2.63405868263473	17.9470880239521	0	1	-1.5586677672912
-2.63284491017964	17.8470173652695	0	1	-1.55866776729122
-2.63163113772455	17.7469467065868	0	1	-1.5586677672912
-2.63041736526946	17.6468760479042	0	1	-1.5586677672912
-2.62920359281437	17.5468053892216	0	1	-1.55866776729122
-2.62798982035928	17.4467347305389	0	1	-1.5586677672912
-2.62677604790419	17.3466640718563	0	1	-1.55866776729122
-2.6255622754491	17.2465934131736	0	1	-1.5586677672912
-2.62434850299401	17.146522754491	0	1	-1.5586677672912
-2.62313473053892	17.0464520958084	0	1	-1.55866776729122
-2.62192095808383	16.9463814371257	0	1	-1.5586677672912
-2.62070718562874	16.8463107784431	0	1	-1.5586677672912
-2.61949341317365	16.7462401197605	0	1	-1.55866776729122
-2.61827964071856	16.6461694610778	0	1	-1.55866776729121
-2.61706586826347	16.5460988023952	0	1	-1.5586677672912
-2.61585209580838	16.4460281437126	0	1	-1.55866776729122
-2.61463832335329	16.3459574850299	0	1	-1.5586677672912
-2.6134245508982	16.2458868263473	0	1	-1.5586677672912
-2.61221077844311	16.1458161676647	0	1	-1.55866776729122
-2.61099700598802	16.045745508982	0	1	-1.5586677672912
-2.60978323353293	15.9456748502994	0	1	-1.5586677672912
-2.60856946107784	15.8456041916168	0	1	-1.55866776729122
-2.60735568862275	15.7455335329341	0	1	-1.5586677672912
-2.60614191616766	15.6454628742515	0	1	-1.5586677672912
-2.60492814371257	15.5453922155689	0	1	-1.55866776729132
-2.60371437125749	15.4453215568862	0	1	-1.5586677672912
-2.6025005988024	15.3452508982036	0	1	-1.5586677672912
-2.60128682634731	15.245180239521	0	1	-1.55866776729122
-2.60007305389222	15.1451095808383	0	1	-1.5586677672912
-2.59885928143713	15.0450389221557	0	1	-1.5586677672912
-2.59764550898204	14.9449682634731	0	1	-1.55866776729122
-2.59643173652695	14.8448976047904	0	1	-1.5586677672912
-2.59521796407186	14.7448269461078	0	1	-1.5586677672912
-2.59400419161677	14.6447562874252	0	1	-1.55866776729122
-2.59279041916168	14.5446856287425	0	1	-1.5586677672912
-2.59157664670659	14.4446149700599	0	1	-1.55866776729122
-2.5903628742515	14.3445443113772	0	1	-1.5586677672912
-2.58914910179641	14.2444736526946	0	1	-1.5586677672912
-2.58793532934132	14.144402994012	0	1	-1.55866776729122
-2.58672155688623	14.0443323353293	0	1	-1.5586677672912
-2.58550778443114	13.9442616766467	0	1	-1.5586677672912
-2.58429401197605	13.8441910179641	0	1	-1.55866776729122
-2.58308023952096	13.7441203592814	0	1	-1.5586677672912
-2.58186646706587	13.6440497005988	0	1	-1.5586677672912
-2.58065269461078	13.5439790419162	0	1	-1.55866776729122
-2.57943892215569	13.4439083832335	0	1	-1.5586677672912
-2.5782251497006	13.3438377245509	0	1	-1.5586677672912
-2.57701137724551	13.2437670658683	0	1	-1.55866776729122
-2.57579760479042	13.1436964071856	0	1	-1.5586677672912
-2.57458383233533	13.043625748503	0	1	-1.5586677672912
-2.57337005988024	12.9435550898204	0	1	-1.55866776729122
-2.57215628742515	12.8434844311377	0	1	-1.5586677672912
-2.57094251497006	12.7434137724551	0	1	-1.5586677672912
-2.56972874251497	12.6433431137725	0	1	-1.55866776729122
-2.56851497005988	12.5432724550898	0	1	-1.5586677672912
-2.56730119760479	12.4432017964072	0	1	-1.55866776729122
-2.5660874251497	12.3431311377245	0	1	-1.5586677672912
-2.56487365269461	12.2430604790419	0	1	-1.5586677672912
-2.56365988023952	12.1429898203593	0	1	-1.55866776729122
-2.56244610778443	12.0429191616766	0	1	-1.5586677672912
-2.56123233532934	11.942848502994	0	1	-1.5586677672912
-2.56001856287425	11.8427778443114	0	1	-1.55866776729122
-2.55880479041916	11.7427071856287	0	1	-1.5586677672912
-2.55759101796407	11.6426365269461	0	1	-1.5586677672912
-2.55637724550898	11.5425658682635	0	1	-1.55866776729122
-2.55516347305389	11.4424952095808	0	1	-1.5586677672912
-2.5539497005988	11.3424245508982	0	1	-1.5586677672912
-2.55273592814371	11.2423538922156	0	1	-1.55866776729122
-2.55152215568862	11.1422832335329	0	1	-1.5586677672912
-2.55030838323353	11.0422125748503	0	1	-1.5586677672912
-2.54909461077844	10.9421419161677	0	1	-1.55866776729122
-2.54788083832335	10.842071257485	0	1	-1.5586677672912
-2.54666706586826	10.7420005988024	0	1	-1.5586677672912
-2.54545329341317	10.6419299401198	0	1	-1.55866776729122
-2.54423952095808	10.5418592814371	0	1	-1.5586677672912
-2.54302574850299	10.4417886227545	0	1	-1.5586677672912
-2.5418119760479	10.3417179640719	0	1	-1.55866776729122
-2.54059820359281	10.2416473053892	0	1	-1.5586677672912
-2.53938443113772	10.1415766467066	0	1	-1.5586677672912
-2.53817065868263	10.041505988024	0	1	-1.55866776729131
-2.53695688622755	9.94143532934132	0	1	-1.55866776729121
-2.53574311377246	9.84136467065868	0	1	-1.55866776729121
-2.53452934131737	9.74129401197605	0	1	-1.55866776729121
-2.53331556886228	9.64122335329341	0	1	-1.55866776729121
-2.53210179640719	9.54115269461078	0	1	-1.55866776729121
-2.5308880239521	9.44108203592814	0	1	-1.55866776729121
-2.52967425149701	9.34101137724551	0	1	-1.55866776729121
-2.52846047904192	9.24094071856287	0	1	-1.55866776729121
-2.52724670658683	9.14087005988024	0	1	-1.55866776729121
-2.52603293413174	9.04079940119761	0	1	-1.55866776729121
-2.52481916167665	8.94072874251497	0	1	-1.55866776729121
-2.52360538922156	8.84065808383233	0	1	-1.55866776729121
-2.52239161676647	8.74058742514969	0	1	-1.55866776729121
-2.52117784431138	8.64051676646707	0	1	-1.55866776729121
-2.51996407185629	8.54044610778443	0	1	-1.55866776729121
-2.5187502994012	8.44037544910179	0	1	-1.55866776729121
-2.51753652694611	8.34030479041916	0	1	-1.55866776729121
-2.51632275449102	8.24023413173653	0	1	-1.55866776729121
-2.51510898203593	8.14016347305389	0	1	-1.55866776729121
-2.51389520958084	8.04009281437125	0	1	-1.55866776729121
-2.51268143712575	7.94002215568862	0	1	-1.55866776729121
-2.51146766467066	7.83995149700599	0	1	-1.55866776729121
-2.51025389221557	7.73988083832335	0	1	-1.55866776729121
-2.50904011976048	7.63981017964072	0	1	-1.55866776729121
-2.50782634730539	7.53973952095808	0	1	-1.55866776729121
-2.5066125748503	7.43966886227545	0	1	-1.55866776729121
-2.50539880239521	7.33959820359281	0	1	-1.55866776729121
-2.50418502994012	7.23952754491018	0	1	-1.55866776729121
-2.50297125748503	7.13945688622754	0	1	-1.55866776729121
-2.50175748502994	7.03938622754491	0	1	-1.55866776729121
-2.50054371257485	6.93931556886228	0	1	-1.55866776729121
-2.49932994011976	6.83924491017964	0	1	-1.55866776729121
-2.49811616766467	6.739174251497	0	1	-1.55866776729121
-2.49690239520958	6.63910359281437	0	1	-1.55866776729121
-2.49568862275449	6.53903293413174	0	1	-1.55866776729121
-2.4944748502994	6.4389622754491	0	1	-1.55866776729121
-2.49326107784431	6.33889161676646	0	1	-1.55866776729121
-2.49204730538922	6.23882095808384	0	1	-1.55866776729121
-2.49083353293413	6.1387502994012	0	1	-1.55866776729121
-2.48961976047904	6.03867964071856	0	1	-1.55866776729121
-2.48840598802395	5.93860898203592	0	1	-1.55866776729121
-2.48719221556886	5.8385383233533	0	1	-1.55866776729121
-2.48597844311377	5.73846766467066	0	1	-1.55866776729121
-2.48476467065868	5.63839700598802	0	1	-1.55866776729121
-2.48355089820359	5.53832634730539	0	1	-1.55866776729121
-2.4823371257485	5.43825568862276	0	1	-1.55866776729121
-2.48112335329341	5.33818502994012	0	1	-1.55866776729121
-2.47990958083832	5.23811437125748	0	1	-1.55866776729121
-2.47869580838323	5.13804371257485	0	1	-1.55866776729121
-2.47748203592814	5.03797305389222	0	1	-1.55866776729121
-2.47626826347305	4.93790239520958	0	1	-1.55866776729121
-2.47505449101796	4.83783173652695	0	1	-1.55866776729121
-2.47384071856287	4.73776107784431	0	1	-1.55866776729121
-2.47262694610778	4.63769041916168	0	1	-1.55866776729121
-2.47141317365269	4.53761976047904	0	1	-1.55866776729121
-2.4701994011976	4.43754910179641	0	1	-1.55866776729131
-2.46898562874252	4.33747844311377	0	1	-1.55866776729111
-2.46777185628742	4.23740778443113	0	1	-1.55866776729131
-2.46655808383234	4.13733712574851	0	1	-1.55866776729121
-2.46534431137725	4.03726646706587	0	1	-1.55866776729121
-2.46413053892216	3.93719580838323	0	1	-1.55866776729121
-2.46291676646707	3.83712514970059	0	1	-1.55866776729121
-2.46170299401198	3.73705449101797	0	1	-1.55866776729121
-2.46048922155689	3.63698383233533	0	1	-1.55866776729121
-2.4592754491018	3.53691317365269	0	1	-1.55866776729121
-2.45806167664671	3.43684251497006	0	1	-1.55866776729121
-2.45684790419162	3.33677185628743	0	1	-1.55866776729121
-2.45563413173653	3.23670119760479	0	1	-1.55866776729121
-2.45442035928144	3.13663053892215	0	1	-1.55866776729121
-2.45320658682635	3.03655988023952	0	1	-1.55866776729121
-2.45199281437126	2.93648922155689	0	1	-1.55866776729121
-2.45077904191617	2.83641856287425	0	1	-1.55866776729121
-2.44956526946108	2.73634790419162	0	1	-1.55866776729121
-2.44835149700599	2.63627724550898	0	1	-1.55866776729121
-2.4471377245509	2.53620658682635	0	1	-1.55866776729121
-2.44592395209581	2.43613592814371	0	1	-1.55866776729121
-2.44471017964072	2.33606526946108	0	1	-1.55866776729121
-2.44349640718563	2.23599461077844	0	1	-1.55866776729121
-2.44228263473054	2.13592395209581	0	1	-1.55866776729121
-2.44106886227545	2.03585329341318	0	1	-1.55866776729121
-2.43985508982036	1.93578263473054	0	1	-1.55866776729121
-2.43864131736527	1.8357119760479	0	1	-1.55866776729121
-2.43742754491018	1.73564131736527	0	1	-1.55866776729121
-2.43621377245509	1.63557065868264	0	1	-1.55866776729121
