-2.37506	-0.230553	0	0	0
-2.373411	-0.333885	0	0	0
-2.371472	-0.43721	0	0	0
-2.369243	-0.540529	0	0	0
-2.366724	-0.64384	0	0	0
-2.363914	-0.747142	0	0	0
-2.360815	-0.850435	0	0	0
-2.357426	-0.953717	0	0	0
-2.353747	-1.056989	0	0	0
-2.349779	-1.160248	0	0	0
-2.345521	-1.263496	0	0	0
-2.340974	-1.366729	0	0	0
-2.336138	-1.469948	0	0	0
-2.331014	-1.573153	0	0	0
-2.3256	-1.676341	0	0	0
-2.319898	-1.779512	0	0	0
-2.313907	-1.882667	0	0	0
-2.307628	-1.985802	0	0	0
-2.301061	-2.088919	0	0	0
-2.294206	-2.192016	0	0	0
-2.287063	-2.295092	0	0	0
-2.279632	-2.398147	0	0	0
-2.271914	-2.501179	0	0	0
-2.263908	-2.604189	0	0	0
-2.255615	-2.707174	0	0	0
-2.247035	-2.810135	0	0	0
-2.238168	-2.91307	0	0	0
-2.229014	-3.01598	0	0	0
-2.219574	-3.118862	0	0	0
-2.209848	-3.221716	0	0	0
-2.199835	-3.324542	0	0	0
-2.189536	-3.427338	0	0	0
-2.178951	-3.530104	0	0	0
-2.168081	-3.632839	0	0	0
-2.156926	-3.735543	0	0	0
-2.145485	-3.838214	0	0	0
-2.133759	-3.940852	0	0	0
-2.121749	-4.043455	0	0	0
-2.109453	-4.146023	0	0	0
-2.096874	-4.248557	0	0	0
-2.08401	-4.351053	0	0	0
-2.070861	-4.453513	0	0	0
-2.057429	-4.555934	0	0	0
-2.043714	-4.658317	0	0	0
-2.029715	-4.76066	0	0	0
-2.015433	-4.862963	0	0	0
-2.000867	-4.965224	0	0	0
-1.986019	-5.067445	0	0	0
-1.970889	-5.169622	0	0	0
-1.955476	-5.271756	0	0	0
-1.939781	-5.373846	0	0	0
-1.923804	-5.475891	0	0	0
-1.907545	-5.57789	0	0	0
-1.891005	-5.679844	0	0	0
-1.874183	-5.781749	0	0	0
-1.857081	-5.883607	0	0	0
-1.839698	-5.985416	0	0	0
-1.822033	-6.087176	0	0	0
-1.80409	-6.188885	0	0	0
-1.785866	-6.290545	0	0	0
-1.767362	-6.392151	0	0	0
-1.748578	-6.493706	0	0	0
-1.729516	-6.595207	0	0	0
-1.710174	-6.696654	0	0	0
-1.690553	-6.798047	0	0	0
-1.670654	-6.899384	0	0	0
-1.650476	-7.000665	0	0	0
-1.630021	-7.101889	0	0	0
-1.609287	-7.203054	0	0	0
-1.588276	-7.304162	0	0	0
-1.566988	-7.405211	0	0	0
-1.545423	-7.506199	0	0	0
-1.523581	-7.607127	0	0	0
-1.501462	-7.707994	0	0	0
-1.479067	-7.808799	0	0	0
-1.456397	-7.90954	0	0	0
-1.43345	-8.010219	0	0	0
-1.410228	-8.110832	0	0	0
-1.386731	-8.211381	0	0	0
-1.362959	-8.311863	0	0	0
-1.338913	-8.412279	0	0	0
-1.314592	-8.512629	0	0	0
-1.289997	-8.612909	0	0	0
-1.265129	-8.713122	0	0	0
-1.239987	-8.813265	0	0	0
-1.214572	-8.913339	0	0	0
-1.188884	-9.01334	0	0	0
-1.162924	-9.113271	0	0	0
-1.136691	-9.213128	0	0	0
-1.110186	-9.312914	0	0	0
-1.08341	-9.412624	0	0	0
-1.056362	-9.512261	0	0	0
-1.029043	-9.611824	0	0	0
-1.001454	-9.711309	0	0	0
-0.973594	-9.810719	0	0	0
-0.945464	-9.91005	0	0	0
-0.917064	-10.009305	0	0	0
-0.888394	-10.10848	0	0	0
-0.859455	-10.207575	0	0	0
-0.830248	-10.306591	0	0	0
-0.800771	-10.405527	0	0	0
-0.771026	-10.504379	0	0	0
-0.741014	-10.60315	0	0	0
-0.710734	-10.701839	0	0	0
-0.680186	-10.800445	0	0	0
-0.649372	-10.898964	0	0	0
-0.61829	-10.9974	0	0	0
-0.586943	-11.09575	0	0	0
-0.55533	-11.194013	0	0	0
-0.52345	-11.29219	0	0	0
-0.491306	-11.390278	0	0	0
-0.458896	-11.488278	0	0	0
-0.426222	-11.586189	0	0	0
-0.393284	-11.684011	0	0	0
-0.360081	-11.78174	0	0	0
-0.326615	-11.87938	0	0	0
-0.292886	-11.976929	0	0	0
-0.258893	-12.074383	0	0	0
-0.224638	-12.171746	0	0	0
-0.19012	-12.269013	0	0	0
-0.155341	-12.366187	0	0	0
-0.1203	-12.463265	0	0	0
-0.084998	-12.560248	0	0	0
-0.049435	-12.657134	0	0	0
-0.013612	-12.753922	0	0	0
0.022472	-12.850615	0	0	0
0.058815	-12.947206	0	0	0
0.095417	-13.043698	0	0	0
0.132279	-13.140092	0	0	0
0.169399	-13.236384	0	0	0
0.206779	-13.332576	0	0	0
0.244415	-13.428665	0	0	0
0.28231	-13.524652	0	0	0
0.320462	-13.620536	0	0	0
0.35887	-13.716316	0	0	0
0.397535	-13.811991	0	0	0
0.436455	-13.907562	0	0	0
0.475632	-14.003027	0	0	0
0.515064	-14.098385	0	0	0
0.554751	-14.193636	0	0	0
0.594693	-14.288779	0	0	0
0.634889	-14.383815	0	0	0
0.675339	-14.478741	0	0	0
0.716042	-14.573557	0	0	0
0.756998	-14.668264	0	0	0
0.798206	-14.762858	0	0	0
0.839668	-14.857343	0	0	0
0.881381	-14.951715	0	0	0
0.923345	-15.045973	0	0	0
0.965561	-15.14012	0	0	0
1.008027	-15.23415	0	0	0
1.050743	-15.328067	0	0	0
1.093709	-15.421867	0	0	0
1.136925	-15.515553	0	0	0
1.180391	-15.609122	0	0	0
1.224104	-15.702574	0	0	0
1.268066	-15.795908	0	0	0
1.312276	-15.889124	0	0	0
1.356733	-15.982221	0	0	0
1.401438	-16.075195	0	0	0
1.446389	-16.168055	0	0	0
1.491585	-16.260788	0	0	0
1.537029	-16.353403	0	0	0
1.582717	-16.445896	0	0	0
1.628651	-16.538265	0	0	0
1.674829	-16.630512	0	0	0
1.721251	-16.722633	0	0	0
1.767917	-16.814631	0	0	0
1.814826	-16.906506	0	0	0
1.861978	-16.998253	0	0	0
1.909373	-17.089872	0	0	0
1.957009	-17.181366	0	0	0
2.004888	-17.272732	0	0	0
2.053007	-17.36397	0	0	0
2.101367	-17.45508	0	0	0
2.149967	-17.546059	0	0	0
2.198808	-17.636911	0	0	0
2.247888	-17.727631	0	0	0
2.297207	-17.81822	0	0	0
2.346765	-17.908676	0	0	0
2.39656	-17.999002	0	0	0
2.446594	-18.089195	0	0	0
2.496864	-18.179255	0	0	0
2.547372	-18.26918	0	0	0
2.598115	-18.358971	0	0	0
2.649095	-18.448626	0	0	0
2.700311	-18.538145	0	0	0
2.751761	-18.627529	0	0	0
2.803447	-18.716778	0	0	0
2.855366	-18.805885	0	0	0
2.907518	-18.894857	0	0	0
2.959904	-18.983692	0	0	0
3.012524	-19.072386	0	0	0
3.065375	-19.16094	0	0	0
3.118458	-19.249355	0	0	0
3.171772	-19.337631	0	0	0
3.225318	-19.425762	0	0	0
3.279095	-19.513752	0	0	0
3.333101	-19.601601	0	0	0
3.387337	-19.689308	0	0	0
3.441802	-19.776869	0	0	0
3.496495	-19.864286	0	0	0
3.551417	-19.951561	0	0	0
3.606567	-20.038689	0	0	0
3.661944	-20.125671	0	0	0
3.717548	-20.212509	0	0	0
3.773378	-20.2992	0	0	0
3.829434	-20.38574	0	0	0
3.885716	-20.472136	0	0	0
3.942222	-20.558384	0	0	0
3.998953	-20.644482	0	0	0
4.055908	-20.730431	0	0	0
4.113087	-20.816229	0	0	0
4.170487	-20.901876	0	0	0
4.228112	-20.987373	0	0	0
4.285958	-21.07272	0	0	0
4.344026	-21.157913	0	0	0
4.402315	-21.242954	0	0	0
4.460824	-21.327841	0	0	0
4.519554	-21.412577	0	0	0
4.578504	-21.497158	0	0	0
4.637672	-21.581583	0	0	0
4.697059	-21.665854	0	0	0
4.756665	-21.749969	0	0	0
4.816488	-21.833927	0	0	0
4.876529	-21.91773	0	0	0
4.936786	-22.001375	0	0	0
4.99726	-22.084862	0	0	0
5.057948	-22.168194	0	0	0
5.118854	-22.251366	0	0	0
5.179973	-22.334375	0	0	0
5.241306	-22.417229	0	0	0
5.302854	-22.49992	0	0	0
5.364615	-22.582453	0	0	0
5.426589	-22.664824	0	0	0
5.488774	-22.74703	0	0	0
5.551172	-22.829079	0	0	0
5.613781	-22.910961	0	0	0
5.676601	-22.992683	0	0	0
5.739632	-23.074242	0	0	0
5.802872	-23.155636	0	0	0
5.866322	-23.236864	0	0	0
5.929978	-23.317928	0	0	0
5.993845	-23.398827	0	0	0
6.05792	-23.479561	0	0	0
6.122201	-23.560125	0	0	0
6.186689	-23.640524	0	0	0
6.251384	-23.720758	0	0	0
6.316284	-23.800821	0	0	0
6.381389	-23.880718	0	0	0
6.446699	-23.960445	0	0	0
6.512213	-24.040005	0	0	0
6.577931	-24.119392	0	0	0
6.643852	-24.198612	0	0	0
6.709977	-24.27766	0	0	0
6.776302	-24.356537	0	0	0
6.842831	-24.435242	0	0	0
6.909559	-24.513775	0	0	0
6.976489	-24.592136	0	0	0
7.043618	-24.670322	0	0	0
7.110948	-24.748341	0	0	0
7.178476	-24.826181	0	0	0
7.246202	-24.903847	0	0	0
7.314126	-24.98134	0	0	0
7.382248	-25.058659	0	0	0
7.450567	-25.135799	0	0	0
7.519083	-25.212767	0	0	0
7.587794	-25.289558	0	0	0
7.6567	-25.366171	0	0	0
7.725801	-25.442606	0	0	0
7.795097	-25.518864	0	0	0
7.864587	-25.594944	0	0	0
7.934269	-25.670845	0	0	0
8.004145	-25.746569	0	0	0
8.074213	-25.822109	0	0	0
8.144472	-25.897476	0	0	0
8.214922	-25.972656	0	0	0
8.285563	-26.047661	0	0	0
8.356394	-26.122484	0	0	0
8.427414	-26.197124	0	0	0
8.498625	-26.271582	0	0	0
8.570022	-26.345858	0	0	0
8.641607	-26.41995	0	0	0
8.713381	-26.493862	0	0	0
8.785341	-26.567591	0	0	0
8.857487	-26.641132	0	0	0
8.929819	-26.714491	0	0	0
9.002337	-26.787666	0	0	0
9.075039	-26.860657	0	0	0
9.147924	-26.933458	0	0	0
9.220994	-27.006077	0	0	0
9.294247	-27.078508	0	0	0
9.367682	-27.150755	0	0	0
9.441299	-27.222813	0	0	0
9.515097	-27.294683	0	0	0
9.589077	-27.366364	0	0	0
9.663237	-27.43786	0	0	0
9.737576	-27.509165	0	0	0
9.812096	-27.58028	0	0	0
9.886793	-27.651209	0	0	0
9.961668	-27.721947	0	0	0
10.036721	-27.792496	0	0	0
10.111952	-27.862852	0	0	0
10.187358	-27.933018	0	0	0
10.26294	-28.002995	0	0	0
10.338698	-28.072779	0	0	0
10.414631	-28.142368	0	0	0
10.490738	-28.211769	0	0	0
10.567019	-28.280975	0	0	0
10.643473	-28.349989	0	0	0
10.720098	-28.418808	0	0	0
10.796898	-28.487436	0	0	0
10.873868	-28.55587	0	0	0
10.951009	-28.624105	0	0	0
11.02832	-28.69215	0	0	0
11.105801	-28.759996	0	0	0
11.183452	-28.827652	0	0	0
11.261271	-28.895107	0	0	0
11.339258	-28.962366	0	0	0
11.417413	-29.02943	0	0	0
11.495735	-29.096296	0	0	0
11.574224	-29.162968	0	0	0
11.652878	-29.229439	0	0	0
11.731698	-29.295713	0	0	0
11.810682	-29.36179	0	0	0
11.889832	-29.427666	0	0	0
11.969144	-29.493345	0	0	0
12.048619	-29.558825	0	0	0
12.128257	-29.624104	0	0	0
12.208057	-29.689184	0	0	0
12.288019	-29.754063	0	0	0
12.368141	-29.818741	0	0	0
12.448424	-29.883219	0	0	0
12.528868	-29.947496	0	0	0
12.609468	-30.011572	0	0	0
12.690228	-30.075443	0	0	0
12.771146	-30.139116	0	0	0
12.852222	-30.202585	0	0	0
12.933455	-30.26585	0	0	0
13.014845	-30.328913	0	0	0
13.096389	-30.391773	0	0	0
13.178089	-30.45443	0	0	0
13.259943	-30.516882	0	0	0
13.341951	-30.579128	0	0	0
13.424114	-30.641171	0	0	0
13.506429	-30.703009	0	0	0
13.588897	-30.764643	0	0	0
13.671515	-30.826069	0	0	0
13.754286	-30.887289	0	0	0
13.837206	-30.948305	0	0	0
13.920279	-31.009113	0	0	0
14.003498	-31.069715	0	0	0
14.086867	-31.13011	0	0	0
14.170385	-31.1903	0	0	0
14.254051	-31.25028	0	0	0
14.337864	-31.310051	0	0	0
14.421822	-31.369616	0	0	0
14.505928	-31.428972	0	0	0
14.590179	-31.488119	0	0	0
14.674575	-31.54706	0	0	0
14.759115	-31.605787	0	0	0
14.843801	-31.664307	0	0	0
14.928626	-31.722618	0	0	0
15.013597	-31.780716	0	0	0
15.098707	-31.838608	0	0	0
15.183962	-31.896286	0	0	0
15.269356	-31.953754	0	0	0
15.35489	-32.011013	0	0	0
15.440565	-32.068054	0	0	0
15.526378	-32.124889	0	0	0
15.61233	-32.181515	0	0	0
15.69842	-32.237923	0	0	0
15.784647	-32.294121	0	0	0
15.871012	-32.350109	0	0	0
15.957513	-32.40588	0	0	0
16.044147	-32.461437	0	0	0
16.13092	-32.516785	0	0	0
16.217827	-32.571915	0	0	0
16.304865	-32.626835	0	0	0
16.39204	-32.681538	0	0	0
16.479345	-32.736031	0	0	0
16.566784	-32.790306	0	0	0
16.654354	-32.844364	0	0	0
16.742054	-32.898212	0	0	0
16.829884	-32.951843	0	0	0
16.917847	-33.005257	0	0	0
17.005939	-33.058453	0	0	0
17.094156	-33.111439	0	0	0
17.182505	-33.164204	0	0	0
17.270981	-33.216755	0	0	0
17.359583	-33.269085	0	0	0
17.448313	-33.321205	0	0	0
17.537165	-33.373104	0	0	0
17.626146	-33.424786	0	0	0
17.71525	-33.47625	0	0	0
17.80448	-33.527496	0	0	0
17.893831	-33.578526	0	0	0
17.983307	-33.629337	0	0	0
18.072903	-33.679928	0	0	0
18.162622	-33.730301	0	0	0
18.252462	-33.780457	0	0	0
18.342426	-33.830395	0	0	0
18.432505	-33.880112	0	0	0
18.522709	-33.929611	0	0	0
18.613026	-33.978886	0	0	0
18.703463	-34.027946	0	0	0
18.794022	-34.076782	0	0	0
18.884693	-34.125397	0	0	0
18.975481	-34.173798	0	0	0
19.066387	-34.22197	0	0	0
19.157406	-34.269928	0	0	0
19.248543	-34.317665	0	0	0
19.33979	-34.365181	0	0	0
19.431156	-34.412468	0	0	0
19.522631	-34.459541	0	0	0
19.614222	-34.50639	0	0	0
19.705921	-34.553017	0	0	0
19.797735	-34.599419	0	0	0
19.889654	-34.645603	0	0	0
19.981688	-34.691566	0	0	0
20.073832	-34.737301	0	0	0
20.166084	-34.782818	0	0	0
20.258442	-34.82811	0	0	0
20.350912	-34.873177	0	0	0
20.443485	-34.918022	0	0	0
20.536167	-34.962646	0	0	0
20.628954	-35.007042	0	0	0
20.721849	-35.051216	0	0	0
20.814846	-35.095169	0	0	0
20.907948	-35.138893	0	0	0
21.001154	-35.182396	0	0	0
21.094463	-35.225677	0	0	0
21.187876	-35.268726	0	0	0
21.281389	-35.311554	0	0	0
21.375006	-35.354156	0	0	0
21.468723	-35.396542	0	0	0
21.562538	-35.43869	0	0	0
21.656454	-35.480621	0	0	0
21.750469	-35.522324	0	0	0
21.844584	-35.563797	0	0	0
21.938795	-35.605049	0	0	0
22.033104	-35.646072	0	0	0
22.12751	-35.686874	0	0	0
22.222013	-35.727448	0	0	0
22.31661	-35.767792	0	0	0
22.411301	-35.807911	0	0	0
22.50609	-35.847805	0	0	0
22.600969	-35.887474	0	0	0
22.695944	-35.926914	0	0	0
22.791012	-35.966125	0	0	0
22.886171	-36.005112	0	0	0
22.981421	-36.043869	0	0	0
23.076763	-36.082401	0	0	0
23.172195	-36.120705	0	0	0
23.267719	-36.158783	0	0	0
23.363329	-36.196632	0	0	0
23.459028	-36.234249	0	0	0
23.554817	-36.271641	0	0	0
23.650692	-36.308804	0	0	0
23.746655	-36.345741	0	0	0
23.842705	-36.382446	0	0	0
23.938839	-36.41893	0	0	0
24.035057	-36.455181	0	0	0
24.131363	-36.491203	0	0	0
24.227751	-36.527	0	0	0
24.324223	-36.562561	0	0	0
24.420776	-36.597897	0	0	0
24.517414	-36.633003	0	0	0
24.614134	-36.667881	0	0	0
24.710934	-36.70253	0	0	0
24.807816	-36.73695	0	0	0
24.904776	-36.771137	0	0	0
25.001816	-36.805099	0	0	0
25.098932	-36.838829	0	0	0
25.196129	-36.87233	0	0	0
25.293406	-36.905602	0	0	0
25.390757	-36.938644	0	0	0
25.488186	-36.971451	0	0	0
25.58569	-37.004032	0	0	0
25.68327	-37.036381	0	0	0
25.780924	-37.068504	0	0	0
25.878653	-37.100395	0	0	0
25.976456	-37.132057	0	0	0
26.074331	-37.163483	0	0	0
26.172279	-37.194683	0	0	0
26.2703	-37.225651	0	0	0
26.368391	-37.256386	0	0	0
26.466555	-37.286896	0	0	0
26.564787	-37.317169	0	0	0
26.66309	-37.347214	0	0	0
26.761461	-37.377029	0	0	0
26.8599	-37.406616	0	0	0
26.958408	-37.435966	0	0	0
27.056986	-37.465088	0	0	0
27.155626	-37.493973	0	0	0
27.254335	-37.522633	0	0	0
27.353107	-37.551064	0	0	0
27.451948	-37.579258	0	0	0
27.550852	-37.607224	0	0	0
27.64982	-37.634956	0	0	0
27.748852	-37.662457	0	0	0
27.847946	-37.689724	0	0	0
27.947104	-37.716766	0	0	0
28.046322	-37.743572	0	0	0
28.145597	-37.770145	0	0	0
28.24494	-37.796486	0	0	0
28.344339	-37.822601	0	0	0
28.443798	-37.848476	0	0	0
28.543316	-37.874123	0	0	0
28.642895	-37.89954	0	0	0
28.742527	-37.924725	0	0	0
28.842218	-37.949677	0	0	0
28.941965	-37.974396	0	0	0
29.041771	-37.998882	0	0	0
29.14163	-38.023136	0	0	0
29.241543	-38.047157	0	0	0
29.341513	-38.070953	0	0	0
29.441536	-38.094505	0	0	0
29.541611	-38.117832	0	0	0
29.641741	-38.14093	0	0	0
29.741919	-38.163792	0	0	0
29.842154	-38.18642	0	0	0
29.942436	-38.208817	0	0	0
30.04277	-38.230984	0	0	0
30.143154	-38.252914	0	0	0
30.243587	-38.274616	0	0	0
30.344069	-38.296085	0	0	0
30.444599	-38.317314	0	0	0
30.545177	-38.338322	0	0	0
30.6458	-38.359089	0	0	0
30.746473	-38.379627	0	0	0
30.847189	-38.399933	0	0	0
30.94795	-38.42001	0	0	0
31.048758	-38.43985	0	0	0
31.149612	-38.459454	0	0	0
31.250509	-38.478832	0	0	0
31.351446	-38.497978	0	0	0
31.452427	-38.516888	0	0	0
31.553452	-38.535568	0	0	0
31.654516	-38.554012	0	0	0
31.755625	-38.572224	0	0	0
31.856768	-38.590206	0	0	0
31.957956	-38.607956	0	0	0
32.059181	-38.625469	0	0	0
32.160446	-38.642754	0	0	0
32.261749	-38.659805	0	0	0
32.363091	-38.676628	0	0	0
32.464466	-38.693211	0	0	0
32.565884	-38.709564	0	0	0
32.667328	-38.725685	0	0	0
32.768818	-38.741577	0	0	0
32.870338	-38.757236	0	0	0
32.971893	-38.772659	0	0	0
33.073483	-38.787849	0	0	0
33.175102	-38.802811	0	0	0
33.27676	-38.817535	0	0	0
33.378448	-38.832035	0	0	0
33.480167	-38.846298	0	0	0
33.581917	-38.860329	0	0	0
33.683697	-38.87413	0	0	0
33.785507	-38.887699	0	0	0
33.887348	-38.901028	0	0	0
33.98922	-38.914135	0	0	0
34.091118	-38.92701	0	0	0
34.193043	-38.939648	0	0	0
34.294994	-38.952053	0	0	0
34.396973	-38.964226	0	0	0
34.498978	-38.97617	0	0	0
34.601013	-38.987885	0	0	0
34.703072	-38.999367	0	0	0
34.805149	-39.010612	0	0	0
34.907257	-39.021629	0	0	0
35.009384	-39.032417	0	0	0
35.111538	-39.042969	0	0	0
35.213711	-39.053288	0	0	0
35.31591	-39.063377	0	0	0
35.418129	-39.073238	0	0	0
35.52037	-39.082863	0	0	0
35.622631	-39.092262	0	0	0
35.724903	-39.101429	0	0	0
35.827202	-39.110359	0	0	0
35.929523	-39.119064	0	0	0
36.03186	-39.127537	0	0	0
36.134212	-39.135773	0	0	0
36.236584	-39.143787	0	0	0
36.33897	-39.151566	0	0	0
36.441372	-39.159111	0	0	0
36.543793	-39.166428	0	0	0
36.646229	-39.173515	0	0	0
36.748676	-39.18037	0	0	0
36.851139	-39.186996	0	0	0
36.953617	-39.193386	0	0	0
37.056103	-39.199551	0	0	0
37.158607	-39.20549	0	0	0
37.26112	-39.211189	0	0	0
37.363647	-39.21666	0	0	0
37.466183	-39.221905	0	0	0
37.568729	-39.226917	0	0	0
37.671284	-39.231701	0	0	0
37.773849	-39.236256	0	0	0
37.876423	-39.240578	0	0	0
37.979004	-39.244671	0	0	0
38.081596	-39.248535	0	0	0
38.184193	-39.252167	0	0	0
38.2868	-39.255569	0	0	0
38.389412	-39.258747	0	0	0
38.492027	-39.261688	0	0	0
38.59465	-39.264408	0	0	0
38.697277	-39.266895	0	0	0
38.799908	-39.269157	0	0	0
38.902538	-39.271187	0	0	0
39.005177	-39.272984	0	0	0
39.107819	-39.274555	0	0	0
39.210457	-39.275898	0	0	0
39.313103	-39.277016	0	0	0
39.415745	-39.277901	0	0	0
39.518394	-39.278557	0	0	0
39.621037	-39.278984	0	0	0
39.723682	-39.279182	0	0	0
39.826324	-39.279156	0	0	0
39.92897	-39.2789	0	0	0
40.031609	-39.278419	0	0	0
40.134247	-39.27771	0	0	0
40.237453	-39.276741	0	0	0
40.340431	-39.275536	0	0	0
40.443413	-39.274078	0	0	0
40.546387	-39.272366	0	0	0
40.649353	-39.270386	0	0	0
40.752316	-39.26815	0	0	0
40.855274	-39.265659	0	0	0
40.958225	-39.262909	0	0	0
41.061169	-39.259895	0	0	0
41.164104	-39.256626	0	0	0
41.267036	-39.253105	0	0	0
41.369953	-39.249317	0	0	0
41.472858	-39.245274	0	0	0
41.575764	-39.240971	0	0	0
41.67865	-39.236408	0	0	0
41.781525	-39.23159	0	0	0
41.884392	-39.226517	0	0	0
41.98724	-39.22118	0	0	0
42.09008	-39.215584	0	0	0
42.192898	-39.209732	0	0	0
42.295708	-39.203621	0	0	0
42.398495	-39.19725	0	0	0
42.501274	-39.190624	0	0	0
42.604034	-39.183739	0	0	0
42.706776	-39.176598	0	0	0
42.809498	-39.169193	0	0	0
42.912201	-39.161537	0	0	0
43.014885	-39.153622	0	0	0
43.11755	-39.145447	0	0	0
43.220196	-39.137012	0	0	0
43.322819	-39.128319	0	0	0
43.425419	-39.11937	0	0	0
43.528	-39.110165	0	0	0
43.630547	-39.1007	0	0	0
43.733082	-39.090977	0	0	0
43.83559	-39.081001	0	0	0
43.938068	-39.070759	0	0	0
44.04052	-39.060268	0	0	0
44.142944	-39.049515	0	0	0
44.24535	-39.038502	0	0	0
44.347725	-39.027237	0	0	0
44.450062	-39.015713	0	0	0
44.55238	-39.003929	0	0	0
44.654667	-38.991894	0	0	0
44.75692	-38.979599	0	0	0
44.859142	-38.967045	0	0	0
44.961334	-38.954231	0	0	0
45.063496	-38.94117	0	0	0
45.165623	-38.927845	0	0	0
45.267712	-38.914265	0	0	0
45.36977	-38.900429	0	0	0
45.471794	-38.886333	0	0	0
45.57378	-38.871986	0	0	0
45.675728	-38.85738	0	0	0
45.777645	-38.842518	0	0	0
45.87952	-38.827396	0	0	0
45.981361	-38.812023	0	0	0
46.083157	-38.796394	0	0	0
46.184921	-38.78051	0	0	0
46.286636	-38.764366	0	0	0
46.388313	-38.747971	0	0	0
46.489952	-38.731316	0	0	0
46.591545	-38.714405	0	0	0
46.6931	-38.697243	0	0	0
46.794605	-38.679821	0	0	0
46.896072	-38.662148	0	0	0
46.997494	-38.644215	0	0	0
47.098869	-38.626026	0	0	0
47.200195	-38.60759	0	0	0
47.301476	-38.588894	0	0	0
47.402714	-38.569942	0	0	0
47.503902	-38.550743	0	0	0
47.605038	-38.531277	0	0	0
47.706127	-38.51157	0	0	0
47.807167	-38.4916	0	0	0
47.908157	-38.471382	0	0	0
48.00909	-38.450905	0	0	0
48.109978	-38.430176	0	0	0
48.210815	-38.409191	0	0	0
48.311596	-38.387951	0	0	0
48.412319	-38.366463	0	0	0
48.512997	-38.344719	0	0	0
48.613609	-38.32272	0	0	0
48.714172	-38.300472	0	0	0
48.814678	-38.277973	0	0	0
48.915127	-38.255219	0	0	0
49.015518	-38.232208	0	0	0
49.115852	-38.208942	0	0	0
49.216129	-38.185432	0	0	0
49.316341	-38.161667	0	0	0
49.416496	-38.137646	0	0	0
49.516594	-38.113377	0	0	0
49.616627	-38.088856	0	0	0
49.716595	-38.064083	0	0	0
49.816505	-38.039055	0	0	0
49.916351	-38.013779	0	0	0
50.016132	-37.988251	0	0	0
50.115849	-37.962475	0	0	0
50.2155	-37.936443	0	0	0
50.315086	-37.910164	0	0	0
50.414604	-37.883636	0	0	0
50.514057	-37.85685	0	0	0
50.613441	-37.829823	0	0	0
50.712761	-37.802536	0	0	0
50.812008	-37.775005	0	0	0
50.91119	-37.747227	0	0	0
51.010296	-37.719193	0	0	0
51.109329	-37.69091	0	0	0
51.208302	-37.662384	0	0	0
51.30719	-37.633602	0	0	0
51.406017	-37.604576	0	0	0
51.504761	-37.575294	0	0	0
51.603436	-37.545773	0	0	0
51.702034	-37.515999	0	0	0
51.800556	-37.485977	0	0	0
51.899006	-37.455704	0	0	0
51.997375	-37.42519	0	0	0
52.095673	-37.394424	0	0	0
52.19389	-37.363407	0	0	0
52.29203	-37.332146	0	0	0
52.390087	-37.300644	0	0	0
52.488064	-37.268887	0	0	0
52.585968	-37.236885	0	0	0
52.683788	-37.204639	0	0	0
52.781525	-37.172142	0	0	0
52.879177	-37.139404	0	0	0
52.976753	-37.106419	0	0	0
53.074238	-37.073189	0	0	0
53.17165	-37.039711	0	0	0
53.268967	-37.005985	0	0	0
53.366203	-36.972023	0	0	0
53.463352	-36.937805	0	0	0
53.560417	-36.903351	0	0	0
53.657391	-36.868649	0	0	0
53.75428	-36.833702	0	0	0
53.851082	-36.798512	0	0	0
53.947792	-36.763081	0	0	0
54.044418	-36.727398	0	0	0
54.140945	-36.691483	0	0	0
54.237392	-36.655319	0	0	0
54.33374	-36.618908	0	0	0
54.429996	-36.58226	0	0	0
54.526161	-36.545372	0	0	0
54.622234	-36.508236	0	0	0
54.718212	-36.470856	0	0	0
54.814091	-36.433239	0	0	0
54.909882	-36.395378	0	0	0
55.005581	-36.357277	0	0	0
55.101173	-36.318939	0	0	0
55.196674	-36.280357	0	0	0
55.292076	-36.241531	0	0	0
55.387379	-36.202469	0	0	0
55.482586	-36.163162	0	0	0
55.577694	-36.123615	0	0	0
55.672699	-36.083839	0	0	0
55.767605	-36.043812	0	0	0
55.862411	-36.003551	0	0	0
55.957111	-35.963051	0	0	0
56.051712	-35.922306	0	0	0
56.146214	-35.881332	0	0	0
56.240604	-35.840115	0	0	0
56.334896	-35.798664	0	0	0
56.429081	-35.756969	0	0	0
56.523159	-35.715038	0	0	0
56.617138	-35.672874	0	0	0
56.711006	-35.63047	0	0	0
56.804768	-35.58783	0	0	0
56.898415	-35.544956	0	0	0
56.991959	-35.501842	0	0	0
57.085392	-35.458496	0	0	0
57.178719	-35.414913	0	0	0
57.271938	-35.37109	0	0	0
57.365044	-35.327038	0	0	0
57.458038	-35.282753	0	0	0
57.550915	-35.238224	0	0	0
57.643684	-35.193474	0	0	0
57.736343	-35.148476	0	0	0
57.828884	-35.103252	0	0	0
57.921314	-35.057796	0	0	0
58.01363	-35.012104	0	0	0
58.105824	-34.966183	0	0	0
58.197906	-34.920025	0	0	0
58.289867	-34.873638	0	0	0
58.381714	-34.827019	0	0	0
58.47345	-34.780167	0	0	0
58.56506	-34.733082	0	0	0
58.656551	-34.685764	0	0	0
58.747925	-34.638222	0	0	0
58.839176	-34.590446	0	0	0
58.930309	-34.542442	0	0	0
59.021317	-34.494209	0	0	0
59.112209	-34.44574	0	0	0
59.202972	-34.397045	0	0	0
59.293613	-34.348122	0	0	0
59.384136	-34.298969	0	0	0
59.474533	-34.249592	0	0	0
59.5648	-34.199986	0	0	0
59.654945	-34.150146	0	0	0
59.744961	-34.100082	0	0	0
59.834854	-34.049793	0	0	0
59.924622	-33.999279	0	0	0
60.014259	-33.948536	0	0	0
60.103767	-33.897564	0	0	0
60.19315	-33.846371	0	0	0
60.282402	-33.794949	0	0	0
60.371521	-33.743301	0	0	0
60.46051	-33.691429	0	0	0
60.54937	-33.639336	0	0	0
60.638092	-33.587017	0	0	0
60.726692	-33.534473	0	0	0
60.815151	-33.481709	0	0	0
60.903477	-33.428719	0	0	0
60.991676	-33.375504	0	0	0
61.079735	-33.322067	0	0	0
61.16766	-33.26841	0	0	0
61.255451	-33.214531	0	0	0
61.343105	-33.160427	0	0	0
61.430622	-33.106106	0	0	0
61.517998	-33.051559	0	0	0
61.60524	-32.996799	0	0	0
61.692341	-32.941814	0	0	0
61.779301	-32.886612	0	0	0
61.866127	-32.831188	0	0	0
61.952808	-32.775543	0	0	0
62.039352	-32.719681	0	0	0
62.125751	-32.663605	0	0	0
62.212017	-32.607307	0	0	0
62.298134	-32.550793	0	0	0
62.384106	-32.494057	0	0	0
62.469936	-32.437107	0	0	0
62.555626	-32.379944	0	0	0
62.641167	-32.322559	0	0	0
62.726559	-32.264961	0	0	0
62.81181	-32.207146	0	0	0
62.896915	-32.149117	0	0	0
62.981873	-32.09087	0	0	0
63.066689	-32.03241	0	0	0
63.151348	-31.973738	0	0	0
63.235863	-31.914852	0	0	0
63.320232	-31.855753	0	0	0
63.404446	-31.796438	0	0	0
63.48851	-31.736916	0	0	0
63.572426	-31.677174	0	0	0
63.656189	-31.617226	0	0	0
63.739799	-31.557062	0	0	0
63.823261	-31.496691	0	0	0
63.906574	-31.436106	0	0	0
63.989723	-31.375313	0	0	0
64.072723	-31.31431	0	0	0
64.155571	-31.253096	0	0	0
64.238266	-31.191671	0	0	0
64.320793	-31.130039	0	0	0
64.403175	-31.068203	0	0	0
64.485405	-31.006153	0	0	0
64.567467	-30.943897	0	0	0
64.649376	-30.881435	0	0	0
64.731125	-30.818766	0	0	0
64.812714	-30.755888	0	0	0
64.89415	-30.692806	0	0	0
64.975426	-30.629517	0	0	0
65.056534	-30.566023	0	0	0
65.137482	-30.502327	0	0	0
65.218277	-30.438421	0	0	0
65.298904	-30.374317	0	0	0
65.379372	-30.310005	0	0	0
65.459679	-30.245491	0	0	0
65.539825	-30.180775	0	0	0
65.619797	-30.115856	0	0	0
65.699615	-30.050732	0	0	0
65.779251	-29.985411	0	0	0
65.858734	-29.919884	0	0	0
65.938049	-29.85416	0	0	0
66.017204	-29.788235	0	0	0
66.096191	-29.722109	0	0	0
66.175003	-29.655781	0	0	0
66.253654	-29.58926	0	0	0
66.33213	-29.522537	0	0	0
66.410439	-29.455614	0	0	0
66.488579	-29.388494	0	0	0
66.566551	-29.321178	0	0	0
66.644356	-29.253664	0	0	0
66.721985	-29.185955	0	0	0
66.799438	-29.11805	0	0	0
66.876724	-29.049946	0	0	0
66.953835	-28.981646	0	0	0
67.030777	-28.913155	0	0	0
67.107544	-28.844467	0	0	0
67.184135	-28.775585	0	0	0
67.260559	-28.706512	0	0	0
67.3368	-28.637245	0	0	0
67.412872	-28.567783	0	0	0
67.488762	-28.498131	0	0	0
67.564484	-28.428284	0	0	0
67.640022	-28.358248	0	0	0
67.715385	-28.288023	0	0	0
67.790565	-28.217604	0	0	0
67.86557	-28.146996	0	0	0
67.940399	-28.076199	0	0	0
68.015045	-28.005211	0	0	0
68.089523	-27.934038	0	0	0
68.163803	-27.862675	0	0	0
68.237907	-27.791122	0	0	0
68.311829	-27.719381	0	0	0
68.385574	-27.647459	0	0	0
68.459137	-27.575346	0	0	0
68.532516	-27.503046	0	0	0
68.605705	-27.430563	0	0	0
68.678719	-27.357895	0	0	0
68.751549	-27.28504	0	0	0
68.824196	-27.212006	0	0	0
68.896652	-27.138783	0	0	0
68.968925	-27.065378	0	0	0
69.041016	-26.991791	0	0	0
69.112907	-26.918022	0	0	0
69.184631	-26.84407	0	0	0
69.256149	-26.769938	0	0	0
69.327492	-26.69562	0	0	0
69.398636	-26.621128	0	0	0
69.469597	-26.546453	0	0	0
69.540367	-26.4716	0	0	0
69.610947	-26.396568	0	0	0
69.681335	-26.321358	0	0	0
69.751549	-26.245968	0	0	0
69.821548	-26.170403	0	0	0
69.891373	-26.094658	0	0	0
69.960999	-26.018736	0	0	0
70.030434	-25.942638	0	0	0
70.09967	-25.866367	0	0	0
70.168732	-25.789921	0	0	0
70.237579	-25.713295	0	0	0
70.306229	-25.636501	0	0	0
70.374702	-25.559532	0	0	0
70.44297	-25.482388	0	0	0
70.511047	-25.405073	0	0	0
70.578918	-25.327581	0	0	0
70.646606	-25.249924	0	0	0
70.714088	-25.172092	0	0	0
70.78138	-25.094088	0	0	0
70.848465	-25.015917	0	0	0
70.915359	-24.937574	0	0	0
70.982056	-24.859062	0	0	0
71.048553	-24.780384	0	0	0
71.114845	-24.701534	0	0	0
71.180939	-24.622517	0	0	0
71.246826	-24.543337	0	0	0
71.312523	-24.463984	0	0	0
71.378021	-24.384468	0	0	0
71.443314	-24.304785	0	0	0
71.5084	-24.224937	0	0	0
71.57328	-24.144926	0	0	0
71.637962	-24.064749	0	0	0
71.702454	-23.984409	0	0	0
71.766731	-23.903906	0	0	0
71.830795	-23.823242	0	0	0
71.894661	-23.742409	0	0	0
71.958321	-23.661423	0	0	0
72.021782	-23.580269	0	0	0
72.08503	-23.498959	0	0	0
72.148079	-23.417486	0	0	0
72.210915	-23.335855	0	0	0
72.273544	-23.254063	0	0	0
72.335976	-23.172115	0	0	0
72.398193	-23.090008	0	0	0
72.460197	-23.007744	0	0	0
72.521996	-22.925323	0	0	0
72.583588	-22.842743	0	0	0
72.644966	-22.76001	0	0	0
72.706131	-22.67712	0	0	0
72.76709	-22.594074	0	0	0
72.82785	-22.510878	0	0	0
72.888382	-22.427525	0	0	0
72.948715	-22.344019	0	0	0
73.00882	-22.260361	0	0	0
73.068733	-22.17655	0	0	0
73.128418	-22.092587	0	0	0
73.187897	-22.008476	0	0	0
73.247162	-21.92421	0	0	0
73.306206	-21.839794	0	0	0
73.365044	-21.75523	0	0	0
73.423668	-21.670517	0	0	0
73.482071	-21.585659	0	0	0
73.54026	-21.500648	0	0	0
73.598228	-21.415493	0	0	0
73.655991	-21.330189	0	0	0
73.713539	-21.24474	0	0	0
73.770866	-21.159143	0	0	0
73.827972	-21.073404	0	0	0
73.884857	-20.987518	0	0	0
73.941528	-20.901489	0	0	0
73.997993	-20.815315	0	0	0
74.054222	-20.729	0	0	0
74.110245	-20.64254	0	0	0
74.166039	-20.555941	0	0	0
74.221619	-20.4692	0	0	0
74.276962	-20.382318	0	0	0
74.332108	-20.295296	0	0	0
74.387016	-20.208132	0	0	0
74.441719	-20.120831	0	0	0
74.496185	-20.033392	0	0	0
74.550438	-19.945812	0	0	0
74.604469	-19.858097	0	0	0
74.658272	-19.770245	0	0	0
74.711853	-19.682257	0	0	0
74.765213	-19.594133	0	0	0
74.818344	-19.505875	0	0	0
74.871262	-19.417479	0	0	0
74.92395	-19.328953	0	0	0
74.976402	-19.24029	0	0	0
75.028641	-19.151495	0	0	0
75.080658	-19.062569	0	0	0
75.132439	-18.973509	0	0	0
75.183998	-18.884319	0	0	0
75.235329	-18.794998	0	0	0
75.286438	-18.705547	0	0	0
75.337311	-18.615967	0	0	0
75.387962	-18.526258	0	0	0
75.438385	-18.436419	0	0	0
75.488579	-18.346457	0	0	0
75.538559	-18.256363	0	0	0
75.588295	-18.166145	0	0	0
75.637794	-18.0758	0	0	0
75.68708	-17.985327	0	0	0
75.736122	-17.894732	0	0	0
75.784943	-17.804012	0	0	0
75.833534	-17.713169	0	0	0
75.881897	-17.622202	0	0	0
75.930023	-17.531113	0	0	0
75.977905	-17.439901	0	0	0
76.025574	-17.34857	0	0	0
76.073013	-17.257114	0	0	0
76.120209	-17.165541	0	0	0
76.167175	-17.073849	0	0	0
76.213913	-16.982037	0	0	0
76.260414	-16.890104	0	0	0
76.306679	-16.798056	0	0	0
76.352707	-16.705891	0	0	0
76.398506	-16.613607	0	0	0
76.444069	-16.521208	0	0	0
76.48941	-16.428694	0	0	0
76.534492	-16.336065	0	0	0
76.579353	-16.243322	0	0	0
76.623978	-16.150465	0	0	0
76.668365	-16.057495	0	0	0
76.712524	-15.964411	0	0	0
76.756424	-15.871216	0	0	0
76.800117	-15.777909	0	0	0
76.843544	-15.684493	0	0	0
76.886749	-15.590966	0	0	0
76.929718	-15.497329	0	0	0
76.972443	-15.403584	0	0	0
77.014931	-15.309731	0	0	0
77.057182	-15.21577	0	0	0
77.099197	-15.121699	0	0	0
77.140961	-15.027524	0	0	0
77.18251	-14.933245	0	0	0
77.223793	-14.838859	0	0	0
77.264847	-14.744366	0	0	0
77.305656	-14.649772	0	0	0
77.34623	-14.555073	0	0	0
77.386559	-14.460272	0	0	0
77.426651	-14.365367	0	0	0
77.466507	-14.270361	0	0	0
77.506104	-14.175256	0	0	0
77.545479	-14.080048	0	0	0
77.584595	-13.984741	0	0	0
77.623482	-13.889337	0	0	0
77.662117	-13.793831	0	0	0
77.700523	-13.698228	0	0	0
77.73867	-13.602529	0	0	0
77.776581	-13.506732	0	0	0
77.814247	-13.410837	0	0	0
77.851669	-13.314851	0	0	0
77.888855	-13.218768	0	0	0
77.925774	-13.122591	0	0	0
77.962471	-13.026319	0	0	0
77.998917	-12.929955	0	0	0
78.03511	-12.833497	0	0	0
78.071068	-12.73695	0	0	0
78.106773	-12.64031	0	0	0
78.142242	-12.54358	0	0	0
78.177452	-12.44676	0	0	0
78.212425	-12.349851	0	0	0
78.247147	-12.252851	0	0	0
78.281624	-12.155765	0	0	0
78.315857	-12.058592	0	0	0
78.349838	-11.96133	0	0	0
78.383568	-11.863985	0	0	0
78.417053	-11.766553	0	0	0
78.450294	-11.669036	0	0	0
78.483292	-11.571434	0	0	0
78.516037	-11.473747	0	0	0
78.548531	-11.375981	0	0	0
78.58078	-11.27813	0	0	0
78.61277	-11.180199	0	0	0
78.644516	-11.082184	0	0	0
78.676025	-10.98409	0	0	0
78.707275	-10.885918	0	0	0
78.738266	-10.787662	0	0	0
78.769012	-10.689331	0	0	0
78.799515	-10.59092	0	0	0
78.829765	-10.492435	0	0	0
78.859756	-10.393871	0	0	0
78.889511	-10.295231	0	0	0
78.919006	-10.196516	0	0	0
78.948242	-10.097725	0	0	0
78.977242	-9.998861	0	0	0
79.005989	-9.899923	0	0	0
79.03447	-9.800912	0	0	0
79.062706	-9.701829	0	0	0
79.090691	-9.602675	0	0	0
79.118423	-9.503449	0	0	0
79.145905	-9.404154	0	0	0
79.173126	-9.304789	0	0	0
79.200111	-9.205354	0	0	0
79.226837	-9.10585	0	0	0
79.253304	-9.006279	0	0	0
79.27951	-8.906642	0	0	0
79.305473	-8.806937	0	0	0
79.331184	-8.707167	0	0	0
79.356644	-8.60733	0	0	0
79.381836	-8.507432	0	0	0
79.406784	-8.407467	0	0	0
79.431473	-8.307441	0	0	0
79.455902	-8.207351	0	0	0
79.480087	-8.1072	0	0	0
79.504013	-8.006986	0	0	0
79.527687	-7.906713	0	0	0
79.551094	-7.806379	0	0	0
79.574249	-7.705986	0	0	0
79.59716	-7.605534	0	0	0
79.619812	-7.505025	0	0	0
79.642204	-7.404457	0	0	0
79.664337	-7.303833	0	0	0
79.686218	-7.203153	0	0	0
79.707832	-7.102418	0	0	0
79.72921	-7.001627	0	0	0
79.750313	-6.900782	0	0	0
79.771164	-6.799883	0	0	0
79.791771	-6.698933	0	0	0
79.812103	-6.59793	0	0	0
79.832191	-6.496874	0	0	0
79.852013	-6.395769	0	0	0
79.871567	-6.294612	0	0	0
79.890884	-6.193407	0	0	0
79.909935	-6.092154	0	0	0
79.928734	-5.990849	0	0	0
79.947266	-5.889502	0	0	0
79.965538	-5.788104	0	0	0
79.983559	-5.686661	0	0	0
80.001328	-5.585172	0	0	0
80.018814	-5.483636	0	0	0
80.036064	-5.38206	0	0	0
80.053055	-5.280437	0	0	0
80.069771	-5.178771	0	0	0
80.08625	-5.077065	0	0	0
80.102448	-4.975316	0	0	0
80.118401	-4.873524	0	0	0
80.134087	-4.771692	0	0	0
80.149506	-4.669824	0	0	0
80.164688	-4.567914	0	0	0
80.179581	-4.465964	0	0	0
80.194244	-4.363979	0	0	0
80.208626	-4.261958	0	0	0
80.222755	-4.159898	0	0	0
80.236633	-4.057802	0	0	0
80.250237	-3.955675	0	0	0
80.26358	-3.853508	0	0	0
80.276672	-3.75131	0	0	0
80.289505	-3.649081	0	0	0
80.302071	-3.546816	0	0	0
80.314384	-3.444519	0	0	0
80.326424	-3.342195	0	0	0
80.338203	-3.239835	0	0	0
80.349731	-3.137448	0	0	0
80.361	-3.035033	0	0	0
80.372002	-2.932591	0	0	0
80.382744	-2.830117	0	0	0
80.393219	-2.727619	0	0	0
80.403435	-2.625094	0	0	0
80.413399	-2.522541	0	0	0
80.423096	-2.419965	0	0	0
80.432518	-2.317361	0	0	0
80.441696	-2.214737	0	0	0
80.450615	-2.11209	0	0	0
80.459259	-2.009419	0	0	0
80.467636	-1.906728	0	0	0
80.475769	-1.804013	0	0	0
80.483627	-1.701279	0	0	0
80.491234	-1.598525	0	0	0
80.498566	-1.495752	0	0	0
80.505646	-1.392962	0	0	0
80.512466	-1.290153	0	0	0
80.519012	-1.187324	0	0	0
80.525307	-1.084483	0	0	0
80.531334	-0.981623	0	0	0
80.537102	-0.87875	0	0	0
80.542603	-0.775862	0	0	0
80.547844	-0.672962	0	0	0
80.552818	-0.570046	0	0	0
80.557533	-0.467118	0	0	0
80.561989	-0.364179	0	0	0
80.566185	-0.261227	0	0	0
80.570114	-0.158268	0	0	0
80.573776	-0.055296	0	0	0
80.577171	0.047683	0	0	0
80.580322	0.15067	0	0	0
80.583199	0.253665	0	0	0
80.5858	0.356668	0	0	0
80.588158	0.459679	0	0	0
80.590256	0.562694	0	0	0
80.592079	0.665713	0	0	0
80.593636	0.768736	0	0	0
80.59494	0.871767	0	0	0
80.59597	0.974798	0	0	0
80.596748	1.07783	0	0	0
80.59726	1.180869	0	0	0
80.597511	1.283904	0	0	0
80.597504	1.386939	0	0	0
80.597221	1.489978	0	0	0
80.59668	1.593014	0	0	0
80.595871	1.696046	0	0	0
80.59481	1.799077	0	0	0
80.593582	1.901184	0	0	0
80.592392	2.001177	0	0	0
80.591202	2.101169	0	0	0
80.590004	2.201162	0	0	0
80.588814	2.301155	0	0	0
80.587624	2.401147	0	0	0
80.586433	2.50114	0	0	0
80.585236	2.601133	0	0	0
80.584045	2.701126	0	0	0
80.582855	2.801118	0	0	0
80.581657	2.901111	0	0	0
80.580467	3.001104	0	0	0
80.579277	3.101097	0	0	0
80.578087	3.201089	0	0	0
80.576889	3.301082	0	0	0
80.575699	3.401075	0	0	0
80.574509	3.501067	0	0	0
80.573318	3.60106	0	0	0
80.572121	3.701053	0	0	0
80.57093	3.801045	0	0	0
80.56974	3.901038	0	0	0
80.56855	4.001031	0	0	0
80.567352	4.101024	0	0	0
80.566162	4.201016	0	0	0
80.564972	4.301009	0	0	0
80.563774	4.401002	0	0	0
80.562584	4.500995	0	0	0
80.561394	4.600987	0	0	0
80.560204	4.70098	0	0	0
80.559013	4.800973	0	0	0
80.557816	4.900965	0	0	0
80.556625	5.000958	0	0	0
80.555435	5.100951	0	0	0
80.554245	5.200943	0	0	0
80.553047	5.300937	0	0	0
80.551857	5.400929	0	0	0
80.550667	5.500922	0	0	0
80.549477	5.600914	0	0	0
80.548279	5.700908	0	0	0
80.547089	5.8009	0	0	0
80.545898	5.900893	0	0	0
80.544708	6.000885	0	0	0
80.54351	6.100879	0	0	0
80.54232	6.200871	0	0	0
80.54113	6.300864	0	0	0
80.53994	6.400857	0	0	0
80.53875	6.500849	0	0	0
80.537552	6.600842	0	0	0
80.536362	6.700835	0	0	0
80.535172	6.800828	0	0	0
80.533981	6.90082	0	0	0
80.532791	7.000813	0	0	0
80.531593	7.100806	0	0	0
80.530403	7.200798	0	0	0
80.529213	7.300791	0	0	0
80.528023	7.400784	0	0	0
80.526833	7.500776	0	0	0
80.525635	7.600769	0	0	0
80.524445	7.700762	0	0	0
80.523254	7.800755	0	0	0
80.522064	7.900747	0	0	0
80.520874	8.000741	0	0	0
80.519676	8.100734	0	0	0
80.518486	8.200727	0	0	0
80.517296	8.300718	0	0	0
80.516106	8.400712	0	0	0
80.514915	8.500704	0	0	0
80.513725	8.600698	0	0	0
80.512527	8.70069	0	0	0
80.511337	8.800683	0	0	0
80.510147	8.900676	0	0	0
80.508957	9.000669	0	0	0
80.507767	9.10066	0	0	0
80.506569	9.200653	0	0	0
80.505379	9.300647	0	0	0
80.504189	9.40064	0	0	0
80.502998	9.500632	0	0	0
80.501808	9.600625	0	0	0
80.500618	9.700617	0	0	0
80.499428	9.80061	0	0	0
80.49823	9.900602	0	0	0
80.49704	10.000595	0	0	0
80.49585	10.100588	0	0	0
80.494659	10.200582	0	0	0
80.493469	10.300573	0	0	0
80.492279	10.400566	0	0	0
80.491081	10.500559	0	0	0
80.489891	10.600552	0	0	0
80.488701	10.700544	0	0	0
80.487511	10.800538	0	0	0
80.48632	10.90053	0	0	0
80.48513	11.000524	0	0	0
80.48394	11.100515	0	0	0
80.482742	11.200508	0	0	0
80.481552	11.300501	0	0	0
80.480362	11.400495	0	0	0
80.479172	11.500487	0	0	0
80.477982	11.600479	0	0	0
80.476791	11.700473	0	0	0
80.475601	11.800465	0	0	0
80.474411	11.900457	0	0	0
80.473213	12.000451	0	0	0
80.472023	12.100444	0	0	0
80.470833	12.200437	0	0	0
80.469643	12.300429	0	0	0
80.468452	12.400421	0	0	0
80.467262	12.500415	0	0	0
80.466072	12.600408	0	0	0
80.464882	12.7004	0	0	0
80.463684	12.800393	0	0	0
80.462494	12.900386	0	0	0
80.461304	13.000379	0	0	0
80.460114	13.10037	0	0	0
80.458923	13.200365	0	0	0
80.457733	13.300357	0	0	0
80.456543	13.40035	0	0	0
80.455353	13.500342	0	0	0
80.454163	13.600335	0	0	0
80.452965	13.700328	0	0	0
80.451775	13.800322	0	0	0
80.450584	13.900313	0	0	0
80.449394	14.000307	0	0	0
80.448204	14.1003	0	0	0
80.447014	14.200292	0	0	0
80.445824	14.300284	0	0	0
80.444633	14.400278	0	0	0
80.443443	14.500271	0	0	0
80.442253	14.600263	0	0	0
80.441063	14.700256	0	0	0
80.439865	14.800248	0	0	0
80.438675	14.900241	0	0	0
80.437485	15.000236	0	0	0
80.436295	15.100227	0	0	0
80.435104	15.20022	0	0	0
80.433914	15.300213	0	0	0
80.432724	15.400206	0	0	0
80.431534	15.500197	0	0	0
80.430344	15.60019	0	0	0
80.429153	15.700185	0	0	0
80.427963	15.800177	0	0	0
80.426773	15.900169	0	0	0
80.425583	16.000162	0	0	0
80.424385	16.100155	0	0	0
80.423195	16.200148	0	0	0
80.422005	16.30014	0	0	0
80.420815	16.400133	0	0	0
80.419624	16.500128	0	0	0
80.418434	16.600121	0	0	0
80.417244	16.700113	0	0	0
80.416054	16.800104	0	0	0
80.414864	16.900097	0	0	0
80.413673	17.00009	0	0	0
80.412483	17.100082	0	0	0
80.411293	17.200075	0	0	0
80.410103	17.300068	0	0	0
80.408913	17.400063	0	0	0
80.407722	17.500055	0	0	0
80.406532	17.600048	0	0	0
80.405342	17.700041	0	0	0
80.404152	17.800032	0	0	0
80.402954	17.900026	0	0	0
80.401764	18.000019	0	0	0
80.400574	18.100012	0	0	0
80.399384	18.200005	0	0	0
80.398193	18.299997	0	0	0
80.397003	18.39999	0	0	0
80.395813	18.499983	0	0	0
80.394623	18.599976	0	0	0
80.393433	18.69997	0	0	0
80.392242	18.799961	0	0	0
80.391052	18.899954	0	0	0
80.389862	18.999947	0	0	0
80.388672	19.099939	0	0	0
80.387482	19.199932	0	0	0
80.386292	19.299925	0	0	0
80.385101	19.399918	0	0	0
80.383911	19.499912	0	0	0
80.382721	19.599905	0	0	0
80.381531	19.699898	0	0	0
80.380341	19.799891	0	0	0
80.37915	19.899881	0	0	0
80.37796	19.999874	0	0	0
80.37677	20.099867	0	0	0
80.37558	20.199862	0	0	0
80.37439	20.299854	0	0	0
80.373199	20.399845	0	0	0
80.372009	20.499838	0	0	0
80.370819	20.599831	0	0	0
80.369629	20.699825	0	0	0
80.368439	20.799818	0	0	0
80.367249	20.899813	0	0	0
80.366058	20.999804	0	0	0
80.364868	21.099796	0	0	0
80.363678	21.199789	0	0	0
80.362488	21.299782	0	0	0
80.361298	21.399775	0	0	0
80.360107	21.499767	0	0	0
80.358917	21.599758	0	0	0
80.357727	21.699751	0	0	0
80.356537	21.799747	0	0	0
80.355347	21.89974	0	0	0
80.354156	21.999733	0	0	0
80.352966	22.099726	0	0	0
80.351776	22.199717	0	0	0
80.350586	22.299709	0	0	0
80.349396	22.399702	0	0	0
80.348206	22.499697	0	0	0
80.347015	22.599689	0	0	0
80.345825	22.699682	0	0	0
80.344635	22.799673	0	0	0
80.343445	22.899666	0	0	0
80.342255	22.99966	0	0	0
80.341064	23.099653	0	0	0
80.339874	23.199646	0	0	0
80.338684	23.299639	0	0	0
80.337494	23.399632	0	0	0
80.336304	23.499624	0	0	0
80.335114	23.599617	0	0	0
80.333923	23.69961	0	0	0
80.332733	23.799603	0	0	0
80.331543	23.899595	0	0	0
80.330353	23.999586	0	0	0
80.329163	24.099581	0	0	0
80.327972	24.199574	0	0	0
80.326782	24.299566	0	0	0
80.325592	24.399559	0	0	0
80.324402	24.499554	0	0	0
80.323212	24.599545	0	0	0
80.322021	24.699537	0	0	0
80.320831	24.79953	0	0	0
80.319641	24.899523	0	0	0
80.318451	24.999516	0	0	0
80.317261	25.099508	0	0	0
80.316071	25.199501	0	0	0
80.31488	25.299496	0	0	0
80.31369	25.399488	0	0	0
80.3125	25.499481	0	0	0
80.31131	25.599474	0	0	0
80.31012	25.699467	0	0	0
80.308929	25.799459	0	0	0
80.307739	25.899452	0	0	0
80.306549	25.999445	0	0	0
80.305359	26.099436	0	0	0
80.304169	26.199429	0	0	0
80.302979	26.299421	0	0	0
80.301796	26.399418	0	0	0
80.300606	26.499411	0	0	0
80.299416	26.599403	0	0	0
80.298225	26.699396	0	0	0
80.297035	26.799387	0	0	0
80.295845	26.89938	0	0	0
80.294655	26.999372	0	0	0
80.293465	27.099365	0	0	0
80.292274	27.199358	0	0	0
80.291084	27.299351	0	0	0
80.289894	27.399345	0	0	0
80.288704	27.49934	0	0	0
80.287514	27.599331	0	0	0
80.286324	27.699324	0	0	0
80.285133	27.799316	0	0	0
80.283943	27.899309	0	0	0
80.282753	27.999302	0	0	0
80.281563	28.099295	0	0	0
80.280373	28.199287	0	0	0
80.279182	28.29928	0	0	0
80.278	28.399271	0	0	0
80.27681	28.499264	0	0	0
80.27562	28.599258	0	0	0
80.274429	28.699253	0	0	0
80.273239	28.799246	0	0	0
80.272049	28.899239	0	0	0
80.270859	28.999231	0	0	0
80.269669	29.099224	0	0	0
80.268478	29.199217	0	0	0
80.267288	29.299208	0	0	0
80.266098	29.3992	0	0	0
80.264908	29.499193	0	0	0
80.263718	29.599186	0	0	0
80.262527	29.699179	0	0	0
80.261337	29.799175	0	0	0
80.260147	29.899168	0	0	0
80.258965	29.999161	0	0	0
80.257774	30.099154	0	0	0
80.256584	30.199144	0	0	0
80.255394	30.299137	0	0	0
80.254204	30.39913	0	0	0
80.253014	30.499123	0	0	0
80.251823	30.599115	0	0	0
80.250633	30.699108	0	0	0
80.249443	30.799101	0	0	0
80.248253	30.899096	0	0	0
80.247063	30.999088	0	0	0
80.245872	31.099081	0	0	0
80.244682	31.199074	0	0	0
80.243492	31.299067	0	0	0
80.24231	31.399059	0	0	0
80.241119	31.499052	0	0	0
80.239929	31.599045	0	0	0
80.238739	31.699038	0	0	0
80.237549	31.79903	0	0	0
80.236359	31.899023	0	0	0
80.235168	31.999018	0	0	0
80.233978	32.09901	0	0	0
80.232788	32.199001	0	0	0
80.231598	32.298996	0	0	0
80.230408	32.398987	0	0	0
80.229218	32.498981	0	0	0
80.228035	32.598972	0	0	0
80.226845	32.698967	0	0	0
80.225655	32.798954	0	0	0
80.224464	32.898949	0	0	0
80.223274	32.99894	0	0	0
80.222084	33.098934	0	0	0
80.220894	33.198929	0	0	0
80.219704	33.29892	0	0	0
80.218513	33.398918	0	0	0
80.217323	33.498909	0	0	0
80.216133	33.598904	0	0	0
80.214943	33.698895	0	0	0
80.21376	33.798889	0	0	0
80.21257	33.898884	0	0	0
80.21138	33.998875	0	0	0
80.21019	34.098869	0	0	0
80.209	34.19886	0	0	0
80.207809	34.298855	0	0	0
80.206619	34.398846	0	0	0
80.205429	34.49884	0	0	0
80.204239	34.598831	0	0	0
80.203049	34.698826	0	0	0
80.201859	34.79882	0	0	0
80.200676	34.898811	0	0	0
80.199486	34.998806	0	0	0
80.198296	35.098797	0	0	0
80.197105	35.198792	0	0	0
80.195915	35.298782	0	0	0
80.194725	35.398773	0	0	0
80.193535	35.498764	0	0	0
80.192345	35.598759	0	0	0
80.191154	35.69875	0	0	0
80.189964	35.798744	0	0	0
80.188782	35.898739	0	0	0
80.187592	35.99873	0	0	0
80.186401	36.098724	0	0	0
80.185211	36.198715	0	0	0
80.184021	36.29871	0	0	0
80.182831	36.398701	0	0	0
80.181641	36.498695	0	0	0
80.18045	36.598686	0	0	0
80.17926	36.698681	0	0	0
80.17807	36.798672	0	0	0
80.176888	36.898666	0	0	0
80.175697	36.998661	0	0	0
80.174507	37.098652	0	0	0
80.173317	37.198647	0	0	0
80.172127	37.298637	0	0	0
80.170937	37.398632	0	0	0
80.169746	37.498627	0	0	0
80.168556	37.598621	0	0	0
80.167366	37.698612	0	0	0
80.166183	37.798607	0	0	0
80.164993	37.898598	0	0	0
80.163803	37.998592	0	0	0
80.162613	38.098587	0	0	0
80.161423	38.198578	0	0	0
80.160233	38.298573	0	0	0
80.159042	38.398563	0	0	0
80.157852	38.498558	0	0	0
80.156662	38.598545	0	0	0
80.155472	38.69854	0	0	0
80.154289	38.798531	0	0	0
80.153099	38.898525	0	0	0
80.151909	38.998516	0	0	0
80.150719	39.098511	0	0	0
80.149529	39.198505	0	0	0
80.148338	39.298496	0	0	0
80.147148	39.398491	0	0	0
80.145958	39.498482	0	0	0
80.144768	39.598476	0	0	0
80.143585	39.698467	0	0	0
80.142395	39.798462	0	0	0
80.141205	39.898453	0	0	0
80.140015	39.998447	0	0	0
80.138824	40.098438	0	0	0
80.137634	40.198433	0	0	0
80.136444	40.298428	0	0	0
80.135254	40.398418	0	0	0
80.134064	40.498413	0	0	0
80.132881	40.598404	0	0	0
80.131691	40.698399	0	0	0
80.130501	40.798389	0	0	0
80.129311	40.898384	0	0	0
80.12812	40.998375	0	0	0
80.12693	41.09837	0	0	0
80.12574	41.19836	0	0	0
80.12455	41.298355	0	0	0
80.123367	41.39835	0	0	0
80.122177	41.498341	0	0	0
80.120987	41.598335	0	0	0
80.119797	41.698326	0	0	0
80.118607	41.798321	0	0	0
80.117416	41.898312	0	0	0
80.116226	41.998306	0	0	0
80.115036	42.098297	0	0	0
80.113846	42.198292	0	0	0
80.112663	42.298283	0	0	0
80.111473	42.398277	0	0	0
80.110283	42.498272	0	0	0
80.109093	42.598263	0	0	0
80.107903	42.698257	0	0	0
80.106712	42.798248	0	0	0
80.105522	42.898243	0	0	0
80.104332	42.998234	0	0	0
80.103142	43.098228	0	0	0
80.101959	43.198219	0	0	0
80.100769	43.298214	0	0	0
80.099579	43.398205	0	0	0
80.098389	43.498199	0	0	0
80.097198	43.598194	0	0	0
80.096008	43.698185	0	0	0
80.094818	43.79818	0	0	0
80.093628	43.89817	0	0	0
80.092445	43.998165	0	0	0
80.091255	44.098156	0	0	0
80.090065	44.198151	0	0	0
80.088875	44.298141	0	0	0
80.087685	44.398136	0	0	0
80.086494	44.498127	0	0	0
80.085304	44.598122	0	0	0
80.084114	44.698116	0	0	0
80.082924	44.798107	0	0	0
80.081741	44.898102	0	0	0
80.080551	44.998093	0	0	0
80.079361	45.098087	0	0	0
80.078171	45.198078	0	0	0
80.076981	45.298073	0	0	0
80.07579	45.398064	0	0	0
80.0746	45.498058	0	0	0
80.07341	45.598049	0	0	0
80.072227	45.698044	0	0	0
80.071037	45.798038	0	0	0
80.069847	45.898029	0	0	0
80.068657	45.998024	0	0	0
80.067467	46.098015	0	0	0
80.066277	46.198009	0	0	0
80.065086	46.298	0	0	0
80.063896	46.397995	0	0	0
80.062706	46.497986	0	0	0
80.061523	46.59798	0	0	0
80.060333	46.697971	0	0	0
80.059143	46.797966	0	0	0
80.057953	46.897961	0	0	0
80.056763	46.997952	0	0	0
80.055573	47.097946	0	0	0
80.054382	47.197937	0	0	0
80.053192	47.297932	0	0	0
80.05201	47.397923	0	0	0
80.050819	47.497917	0	0	0
80.049629	47.597908	0	0	0
80.048439	47.697903	0	0	0
80.047249	47.797897	0	0	0
80.046059	47.897888	0	0	0
80.044868	47.997883	0	0	0
80.043678	48.097874	0	0	0
80.042488	48.197868	0	0	0
80.041306	48.297859	0	0	0
80.040115	48.397854	0	0	0
80.038925	48.497845	0	0	0
80.037735	48.597839	0	0	0
80.036545	48.69783	0	0	0
80.035355	48.797825	0	0	0
80.034164	48.89782	0	0	0
80.032974	48.99781	0	0	0
80.031784	49.097805	0	0	0
80.030602	49.197796	0	0	0
80.029411	49.297791	0	0	0
80.028221	49.397781	0	0	0
80.027031	49.497776	0	0	0
80.025841	49.597767	0	0	0
80.024651	49.697762	0	0	0
80.02346	49.797752	0	0	0
80.02227	49.897747	0	0	0
80.02108	49.997742	0	0	0
80.019897	50.097733	0	0	0
80.018707	50.197727	0	0	0
80.017517	50.297718	0	0	0
80.016327	50.397713	0	0	0
80.015137	50.497704	0	0	0
80.013947	50.597698	0	0	0
80.012756	50.697689	0	0	0
80.011566	50.797684	0	0	0
80.010376	50.897675	0	0	0
80.009193	50.997673	0	0	0
80.008003	51.097668	0	0	0
80.006813	51.197659	0	0	0
80.005623	51.297653	0	0	0
80.004433	51.397644	0	0	0
80.003242	51.497639	0	0	0
80.002052	51.59763	0	0	0
80.000862	51.697624	0	0	0
79.999672	51.797615	0	0	0
79.998489	51.89761	0	0	0
79.997299	51.997597	0	0	0
79.996109	52.097591	0	0	0
79.994919	52.197586	0	0	0
79.993729	52.297577	0	0	0
79.992538	52.397572	0	0	0
79.991348	52.497562	0	0	0
79.990158	52.597557	0	0	0
79.988968	52.697548	0	0	0
79.987778	52.797543	0	0	0
79.986595	52.897533	0	0	0
79.985405	52.997528	0	0	0
79.984215	53.097519	0	0	0
79.983025	53.197514	0	0	0
79.981834	53.297508	0	0	0
79.980644	53.397499	0	0	0
79.979454	53.497494	0	0	0
79.978264	53.597485	0	0	0
79.977074	53.697479	0	0	0
79.975883	53.79747	0	0	0
79.974701	53.897465	0	0	0
79.973511	53.997456	0	0	0
79.972321	54.097454	0	0	0
79.97113	54.197445	0	0	0
79.96994	54.29744	0	0	0
79.96875	54.397434	0	0	0
79.96756	54.497425	0	0	0
79.96637	54.59742	0	0	0
79.965179	54.697411	0	0	0
79.963989	54.797405	0	0	0
79.962807	54.897396	0	0	0
79.961617	54.997391	0	0	0
79.960426	55.097382	0	0	0
79.959236	55.197376	0	0	0
79.958046	55.297367	0	0	0
79.956856	55.397362	0	0	0
79.955666	55.497356	0	0	0
79.954475	55.597347	0	0	0
79.953285	55.697342	0	0	0
79.952095	55.797333	0	0	0
79.950905	55.897327	0	0	0
79.949722	55.997318	0	0	0
79.948532	56.097309	0	0	0
79.947342	56.1973	0	0	0
79.946152	56.297295	0	0	0
79.944962	56.397285	0	0	0
79.943771	56.49728	0	0	0
79.942581	56.597275	0	0	0
79.941391	56.697269	0	0	0
79.940201	56.797264	0	0	0
79.939011	56.897255	0	0	0
79.93782	56.99725	0	0	0
79.93663	57.09724	0	0	0
79.935448	57.197235	0	0	0
79.934258	57.297226	0	0	0
79.933067	57.397221	0	0	0
79.931877	57.497211	0	0	0
79.930687	57.597206	0	0	0
79.929497	57.697201	0	0	0
79.928307	57.797192	0	0	0
79.927116	57.897186	0	0	0
79.925926	57.997177	0	0	0
79.924736	58.097172	0	0	0
79.923546	58.197163	0	0	0
79.922356	58.297157	0	0	0
79.921173	58.397148	0	0	0
79.919983	58.497143	0	0	0
79.918793	58.597134	0	0	0
79.917603	58.697128	0	0	0
79.916412	58.797127	0	0	0
79.915222	58.897118	0	0	0
79.914032	58.997108	0	0	0
79.912842	59.097099	0	0	0
79.911652	59.197094	0	0	0
79.910461	59.297085	0	0	0
79.909271	59.397079	0	0	0
79.908081	59.49707	0	0	0
79.906891	59.597065	0	0	0
79.905701	59.697056	0	0	0
79.90451	59.79705	0	0	0
79.903328	59.897045	0	0	0
79.902138	59.997036	0	0	0
79.900948	60.097031	0	0	0
79.899757	60.197021	0	0	0
79.898567	60.297016	0	0	0
79.897377	60.397007	0	0	0
79.896187	60.497002	0	0	0
79.894997	60.596992	0	0	0
79.893806	60.696991	0	0	0
79.892616	60.796982	0	0	0
79.891426	60.896976	0	0	0
79.890236	60.996971	0	0	0
79.889046	61.096962	0	0	0
79.887856	61.196957	0	0	0
79.886665	61.296947	0	0	0
79.885475	61.396942	0	0	0
79.884293	61.496929	0	0	0
79.883102	61.596924	0	0	0
79.881912	61.696915	0	0	0
79.880722	61.796909	0	0	0
79.879532	61.8969	0	0	0
79.878342	61.996895	0	0	0
79.877151	62.096886	0	0	0
79.875961	62.19688	0	0	0
79.874771	62.296879	0	0	0
79.873581	62.39687	0	0	0
79.872391	62.496864	0	0	0
79.871201	62.596855	0	0	0
79.87001	62.69685	0	0	0
79.86882	62.796841	0	0	0
79.86763	62.896835	0	0	0
79.86644	62.996826	0	0	0
79.86525	63.096821	0	0	0
79.864059	63.196812	0	0	0
79.862869	63.296806	0	0	0
79.861679	63.396801	0	0	0
79.860489	63.496792	0	0	0
79.859299	63.596783	0	0	0
79.858109	63.696774	0	0	0
79.856926	63.796772	0	0	0
79.855736	63.896763	0	0	0
79.854546	63.996758	0	0	0
79.853355	64.096748	0	0	0
79.852165	64.196739	0	0	0
79.850975	64.29673	0	0	0
79.849785	64.396729	0	0	0
79.848595	64.496719	0	0	0
79.847404	64.59671	0	0	0
79.846214	64.696709	0	0	0
79.845024	64.7967	0	0	0
79.843834	64.89669	0	0	0
79.842644	64.996681	0	0	0
79.841454	65.09668	0	0	0
79.840263	65.196671	0	0	0
79.839073	65.296661	0	0	0
79.837883	65.396652	0	0	0
79.836693	65.496651	0	0	0
79.835503	65.596642	0	0	0
79.834312	65.69664	0	0	0
79.833122	65.796638	0	0	0
79.831932	65.896629	0	0	0
79.830742	65.99662	0	0	0
79.829552	66.096611	0	0	0
79.828362	66.196602	0	0	0
79.827171	66.2966	0	0	0
79.825981	66.396591	0	0	0
79.824791	66.496574	0	0	0
79.823601	66.596565	0	0	0
79.822411	66.696564	0	0	0
79.82122	66.796555	0	0	0
79.82003	66.896545	0	0	0
79.81884	66.996544	0	0	0
79.81765	67.096535	0	0	0
79.81646	67.196526	0	0	0
79.815269	67.296516	0	0	0
79.814079	67.396515	0	0	0
79.812889	67.496506	0	0	0
79.811699	67.596497	0	0	0
79.810509	67.696487	0	0	0
79.809319	67.796486	0	0	0
79.808128	67.896477	0	0	0
79.806938	67.996468	0	0	0
79.805748	68.096466	0	0	0
79.804558	68.196465	0	0	0
79.803368	68.296455	0	0	0
79.802177	68.396446	0	0	0
79.800987	68.496445	0	0	0
79.799797	68.596436	0	0	0
79.798607	68.696426	0	0	0
79.797417	68.796417	0	0	0
79.796227	68.896416	0	0	0
79.795036	68.996407	0	0	0
79.793846	69.096397	0	0	0
79.792656	69.196396	0	0	0
79.791466	69.296387	0	0	0
79.790276	69.396378	0	0	0
79.789085	69.496368	0	0	0
79.787895	69.596367	0	0	0
79.786705	69.696358	0	0	0
79.785515	69.796341	0	0	0
79.784325	69.896332	0	0	0
79.783134	69.99633	0	0	0
79.781944	70.096321	0	0	0
79.780754	70.196312	0	0	0
79.779564	70.29631	0	0	0
79.778374	70.396309	0	0	0
79.777184	70.4963	0	0	0
79.775993	70.596291	0	0	0
79.774803	70.696289	0	0	0
79.773613	70.79628	0	0	0
79.772423	70.896271	0	0	0
79.771233	70.996262	0	0	0
79.770035	71.09626	0	0	0
79.768845	71.196251	0	0	0
79.767654	71.296242	0	0	0
79.766464	71.39624	0	0	0
79.765274	71.496231	0	0	0
79.764084	71.596222	0	0	0
79.762894	71.696213	0	0	0
79.761703	71.796211	0	0	0
79.760513	71.896202	0	0	0
79.759323	71.996193	0	0	0
79.758133	72.096184	0	0	0
79.756943	72.196182	0	0	0
79.755753	72.296173	0	0	0
79.754562	72.396164	0	0	0
79.753372	72.496162	0	0	0
79.752182	72.596153	0	0	0
79.750992	72.696144	0	0	0
79.749802	72.796135	0	0	0
79.748611	72.896133	0	0	0
79.747414	72.996124	0	0	0
79.746223	73.096115	0	0	0
79.745033	73.196106	0	0	0
79.743843	73.296104	0	0	0
79.742653	73.396095	0	0	0
79.741463	73.496086	0	0	0
79.740273	73.596077	0	0	0
79.739082	73.696075	0	0	0
79.737892	73.796066	0	0	0
79.736702	73.896057	0	0	0
79.735512	73.996056	0	0	0
79.734322	74.096046	0	0	0
79.733131	74.196037	0	0	0
79.731941	74.296036	0	0	0
79.730743	74.396034	0	0	0
79.729553	74.496025	0	0	0
79.728363	74.596016	0	0	0
79.727173	74.696007	0	0	0
79.725983	74.796005	0	0	0
79.724792	74.895996	0	0	0
79.723602	74.995987	0	0	0
79.722412	75.095985	0	0	0
79.721222	75.195969	0	0	0
79.720032	75.295959	0	0	0
79.718842	75.39595	0	0	0
79.717644	75.495949	0	0	0
79.716454	75.59594	0	0	0
79.715263	75.69593	0	0	0
79.714073	75.795921	0	0	0
79.712883	75.89592	0	0	0
79.711693	75.995911	0	0	0
79.710503	76.095909	0	0	0
79.709312	76.195908	0	0	0
79.708122	76.295898	0	0	0
79.706932	76.395889	0	0	0
79.705734	76.49588	0	0	0
79.704544	76.595879	0	0	0
79.703354	76.695869	0	0	0
79.702164	76.79586	0	0	0
79.700974	76.895851	0	0	0
79.699783	76.99585	0	0	0
79.698593	77.09584	0	0	0
79.697403	77.195831	0	0	0
79.696205	77.295822	0	0	0
79.695015	77.395821	0	0	0
79.693825	77.495811	0	0	0
79.692635	77.595802	0	0	0
79.691444	77.695793	0	0	0
79.690254	77.795784	0	0	0
79.689064	77.895782	0	0	0
79.687874	77.995773	0	0	0
79.686676	78.095772	0	0	0
79.685486	78.195763	0	0	0
79.684296	78.295753	0	0	0
79.683105	78.395744	0	0	0
79.681915	78.495743	0	0	0
79.680725	78.595734	0	0	0
79.679535	78.695724	0	0	0
79.678337	78.795723	0	0	0
79.677147	78.895714	0	0	0
79.675957	78.995705	0	0	0
79.674767	79.095695	0	0	0
79.673576	79.195694	0	0	0
79.672386	79.295685	0	0	0
79.671196	79.395676	0	0	0
79.669998	79.495674	0	0	0
79.668808	79.595673	0	0	0
79.667618	79.695663	0	0	0
79.666428	79.795654	0	0	0
79.665237	79.895645	0	0	0
79.664047	79.995636	0	0	0
79.662849	80.095627	0	0	0
79.661659	80.195618	0	0	0
79.660469	80.295616	0	0	0
79.659279	80.395607	0	0	0
79.658089	80.495598	0	0	0
79.656898	80.595589	0	0	0
79.655701	80.695587	0	0	0
79.65451	80.795578	0	0	0
79.65332	80.895576	0	0	0
79.65213	80.995567	0	0	0
79.65094	81.095566	0	0	0
79.64975	81.195557	0	0	0
79.648552	81.295547	0	0	0
79.647362	81.395546	0	0	0
79.646172	81.495537	0	0	0
79.644981	81.595528	0	0	0
79.643791	81.695518	0	0	0
79.642593	81.795517	0	0	0
79.641403	81.895508	0	0	0
79.640213	81.995499	0	0	0
79.639023	82.095482	0	0	0
79.637833	82.19548	0	0	0
79.636635	82.295471	0	0	0
79.635445	82.39547	0	0	0
79.634254	82.495468	0	0	0
79.633064	82.595459	0	0	0
79.631874	82.69545	0	0	0
79.630676	82.795441	0	0	0
79.629486	82.895439	0	0	0
79.628296	82.99543	0	0	0
79.627106	83.095421	0	0	0
79.625916	83.195412	0	0	0
79.624718	83.29541	0	0	0
79.623528	83.395401	0	0	0
79.622337	83.495392	0	0	0
79.621147	83.595383	0	0	0
79.619949	83.695381	0	0	0
79.618759	83.795372	0	0	0
79.617569	83.89537	0	0	0
79.616379	83.995369	0	0	0
79.615181	84.095352	0	0	0
79.613991	84.195343	0	0	0
79.612801	84.295334	0	0	0
79.61161	84.395332	0	0	0
79.61042	84.495323	0	0	0
79.609222	84.595314	0	0	0
79.608032	84.695305	0	0	0
79.606842	84.795303	0	0	0
79.605652	84.895294	0	0	0
79.604454	84.995285	0	0	0
79.603264	85.095276	0	0	0
79.602074	85.195282	0	0	0
79.600883	85.295273	0	0	0
79.599686	85.395264	0	0	0
79.598495	85.495262	0	0	0
79.597305	85.595253	0	0	0
79.596115	85.695244	0	0	0
79.594917	85.795235	0	0	0
79.593727	85.895233	0	0	0
79.592537	85.995216	0	0	0
79.591339	86.095207	0	0	0
79.590149	86.195198	0	0	0
79.588959	86.295197	0	0	0
79.587769	86.395187	0	0	0
79.586571	86.495186	0	0	0
79.585381	86.595184	0	0	0
79.58419	86.695175	0	0	0
79.582993	86.795166	0	0	0
79.581802	86.895157	0	0	0
79.580612	86.995155	0	0	0
79.579422	87.095146	0	0	0
79.578224	87.195137	0	0	0
79.577034	87.295128	0	0	0
79.575844	87.395126	0	0	0
79.574646	87.495117	0	0	0
79.573456	87.595108	0	0	0
79.572266	87.695099	0	0	0
79.571075	87.795097	0	0	0
79.568008	87.896812	0	0	0
79.566551	88.000061	0	0	0
79.564796	88.103317	0	0	0
79.56279	88.206558	0	0	0
79.560471	88.309799	0	0	0
79.557877	88.413033	0	0	0
79.555	88.516258	0	0	0
79.551842	88.619469	0	0	0
79.548401	88.722679	0	0	0
79.544678	88.825867	0	0	0
79.540665	88.929054	0	0	0
79.536377	89.032219	0	0	0
79.531807	89.135376	0	0	0
79.526955	89.238525	0	0	0
79.52182	89.341644	0	0	0
79.516396	89.444771	0	0	0
79.510696	89.547859	0	0	0
79.504715	89.650948	0	0	0
79.498459	89.754013	0	0	0
79.491905	89.857048	0	0	0
79.485077	89.960075	0	0	0
79.477966	90.06308	0	0	0
79.470581	90.166069	0	0	0
79.462914	90.269035	0	0	0
79.454956	90.371979	0	0	0
79.446709	90.474899	0	0	0
79.438202	90.577797	0	0	0
79.429405	90.680672	0	0	0
79.420334	90.783524	0	0	0
79.41098	90.886337	0	0	0
79.401344	90.989128	0	0	0
79.391418	91.091904	0	0	0
79.381226	91.194633	0	0	0
79.37075	91.297348	0	0	0
79.359985	91.400024	0	0	0
79.348953	91.502678	0	0	0
79.337639	91.605293	0	0	0
79.326042	91.707878	0	0	0
79.314171	91.810432	0	0	0
79.302017	91.912949	0	0	0
79.289589	92.015434	0	0	0
79.276871	92.117889	0	0	0
79.263885	92.220314	0	0	0
79.25061	92.322693	0	0	0
79.237068	92.425034	0	0	0
79.223244	92.527328	0	0	0
79.209145	92.629601	0	0	0
79.194763	92.731827	0	0	0
79.180115	92.834007	0	0	0
79.165176	92.936157	0	0	0
79.149963	93.038254	0	0	0
79.134476	93.140327	0	0	0
79.118706	93.242332	0	0	0
79.102661	93.344315	0	0	0
79.086349	93.446236	0	0	0
79.069756	93.548134	0	0	0
79.052887	93.649963	0	0	0
79.035744	93.751755	0	0	0
79.018318	93.853493	0	0	0
79.000626	93.955193	0	0	0
78.982651	94.056839	0	0	0
78.964401	94.15844	0	0	0
78.945877	94.259979	0	0	0
78.927086	94.361473	0	0	0
78.908012	94.462929	0	0	0
78.888664	94.564308	0	0	0
78.869049	94.665649	0	0	0
78.849159	94.76693	0	0	0
78.828979	94.868156	0	0	0
78.80854	94.969322	0	0	0
78.787827	95.070442	0	0	0
78.766846	95.171494	0	0	0
78.745583	95.272499	0	0	0
78.724052	95.373444	0	0	0
78.702248	95.474327	0	0	0
78.680168	95.57515	0	0	0
78.657822	95.675911	0	0	0
78.635208	95.776611	0	0	0
78.61232	95.877251	0	0	0
78.589157	95.977829	0	0	0
78.56572	96.078339	0	0	0
78.542015	96.178787	0	0	0
78.518036	96.279175	0	0	0
78.493805	96.379494	0	0	0
78.469276	96.479744	0	0	0
78.444489	96.579926	0	0	0
78.419441	96.680038	0	0	0
78.394112	96.78009	0	0	0
78.36853	96.880066	0	0	0
78.342674	96.979973	0	0	0
78.316544	97.079811	0	0	0
78.290138	97.179581	0	0	0
78.263481	97.279266	0	0	0
78.236542	97.378899	0	0	0
78.209343	97.478447	0	0	0
78.181885	97.577919	0	0	0
78.154152	97.677322	0	0	0
78.126144	97.776642	0	0	0
78.097878	97.875893	0	0	0
78.069344	97.975067	0	0	0
78.040543	98.07415	0	0	0
78.011475	98.173172	0	0	0
77.982155	98.272102	0	0	0
77.95256	98.370956	0	0	0
77.922707	98.469742	0	0	0
77.89257	98.568436	0	0	0
77.862183	98.667046	0	0	0
77.831535	98.765572	0	0	0
77.800613	98.864014	0	0	0
77.769432	98.962387	0	0	0
77.737991	99.060661	0	0	0
77.706291	99.158859	0	0	0
77.674324	99.256966	0	0	0
77.64209	99.354988	0	0	0
77.609604	99.452919	0	0	0
77.576843	99.550758	0	0	0
77.543831	99.648521	0	0	0
77.510567	99.746185	0	0	0
77.477028	99.843765	0	0	0
77.44323	99.941246	0	0	0
77.40918	100.038651	0	0	0
77.374863	100.135956	0	0	0
77.340279	100.233162	0	0	0
77.305458	100.330276	0	0	0
77.270363	100.427299	0	0	0
77.235008	100.524231	0	0	0
77.199402	100.621063	0	0	0
77.163536	100.717804	0	0	0
77.127403	100.814445	0	0	0
77.091026	100.91098	0	0	0
77.05439	101.007431	0	0	0
77.017487	101.103783	0	0	0
76.980331	101.200035	0	0	0
76.942932	101.296181	0	0	0
76.905281	101.392227	0	0	0
76.867355	101.488174	0	0	0
76.829185	101.584015	0	0	0
76.790756	101.679756	0	0	0
76.752068	101.775398	0	0	0
76.713135	101.870934	0	0	0
76.673943	101.966362	0	0	0
76.634506	102.061684	0	0	0
76.59481	102.156906	0	0	0
76.554855	102.252022	0	0	0
76.514656	102.347015	0	0	0
76.474213	102.441917	0	0	0
76.43351	102.536705	0	0	0
76.392555	102.631393	0	0	0
76.351349	102.72596	0	0	0
76.309891	102.820419	0	0	0
76.268188	102.914764	0	0	0
76.226227	103.009003	0	0	0
76.184021	103.103134	0	0	0
76.141571	103.197144	0	0	0
76.098869	103.291046	0	0	0
76.055916	103.384819	0	0	0
76.012711	103.478493	0	0	0
75.969269	103.572044	0	0	0
75.925575	103.665489	0	0	0
75.881638	103.758804	0	0	0
75.837456	103.85202	0	0	0
75.793015	103.945099	0	0	0
75.748337	104.038071	0	0	0
75.703415	104.13092	0	0	0
75.658241	104.223648	0	0	0
75.612831	104.316261	0	0	0
75.567169	104.408745	0	0	0
75.521271	104.501114	0	0	0
75.475128	104.593353	0	0	0
75.428734	104.685471	0	0	0
75.382111	104.777473	0	0	0
75.335243	104.869347	0	0	0
75.288116	104.961098	0	0	0
75.240768	105.052727	0	0	0
75.193161	105.144226	0	0	0
75.145325	105.235588	0	0	0
75.097244	105.326836	0	0	0
75.04892	105.417953	0	0	0
75.000374	105.508942	0	0	0
74.951576	105.5998	0	0	0
74.902542	105.690529	0	0	0
74.853256	105.781128	0	0	0
74.803741	105.871605	0	0	0
74.754005	105.961945	0	0	0
74.704002	106.052147	0	0	0
74.653786	106.14222	0	0	0
74.603325	106.232155	0	0	0
74.552628	106.321968	0	0	0
74.501701	106.411636	0	0	0
74.450531	106.501175	0	0	0
74.399132	106.590584	0	0	0
74.347488	106.67984	0	0	0
74.295624	106.768982	0	0	0
74.243523	106.857979	0	0	0
74.191193	106.946823	0	0	0
74.138618	107.035545	0	0	0
74.085815	107.124123	0	0	0
74.032784	107.212555	0	0	0
73.979523	107.300865	0	0	0
73.926018	107.389023	0	0	0
73.872299	107.477028	0	0	0
73.818336	107.564911	0	0	0
73.764153	107.652634	0	0	0
73.70974	107.740227	0	0	0
73.655098	107.827682	0	0	0
73.600227	107.914986	0	0	0
73.545128	108.002144	0	0	0
73.489799	108.089157	0	0	0
73.43425	108.176018	0	0	0
73.378471	108.262741	0	0	0
73.322464	108.349327	0	0	0
73.266228	108.435745	0	0	0
73.209763	108.522026	0	0	0
73.153084	108.608154	0	0	0
73.096176	108.694138	0	0	0
73.039047	108.779976	0	0	0
72.981697	108.865654	0	0	0
72.924118	108.95118	0	0	0
72.866318	109.036568	0	0	0
72.808289	109.121788	0	0	0
72.750053	109.206871	0	0	0
72.691589	109.291794	0	0	0
72.632896	109.376564	0	0	0
72.573997	109.461189	0	0	0
72.514862	109.545639	0	0	0
72.455521	109.629951	0	0	0
72.395958	109.714104	0	0	0
72.336174	109.798096	0	0	0
72.276169	109.881935	0	0	0
72.215958	109.965622	0	0	0
72.155525	110.049141	0	0	0
72.094856	110.132507	0	0	0
72.033997	110.215714	0	0	0
71.972916	110.298767	0	0	0
71.911613	110.381653	0	0	0
71.85009	110.464386	0	0	0
71.788376	110.546951	0	0	0
71.726433	110.629364	0	0	0
71.664268	110.711609	0	0	0
71.601906	110.793686	0	0	0
71.539322	110.87561	0	0	0
71.476524	110.957367	0	0	0
71.413528	111.038956	0	0	0
71.350304	111.120384	0	0	0
71.28688	111.201645	0	0	0
71.223244	111.282745	0	0	0
71.159401	111.363678	0	0	0
71.095345	111.44445	0	0	0
71.031075	111.52504	0	0	0
70.966606	111.605476	0	0	0
70.901932	111.685738	0	0	0
70.837036	111.765839	0	0	0
70.771942	111.845764	0	0	0
70.70665	111.925529	0	0	0
70.641151	112.005112	0	0	0
70.575432	112.084526	0	0	0
70.509514	112.16378	0	0	0
70.443405	112.242851	0	0	0
70.377083	112.321754	0	0	0
70.310555	112.400482	0	0	0
70.243828	112.479042	0	0	0
70.176895	112.557434	0	0	0
70.109756	112.635643	0	0	0
70.042435	112.713692	0	0	0
69.974899	112.79155	0	0	0
69.907158	112.869232	0	0	0
69.839226	112.946747	0	0	0
69.771095	113.024086	0	0	0
69.702759	113.10125	0	0	0
69.634232	113.17823	0	0	0
69.565506	113.255035	0	0	0
69.496582	113.331657	0	0	0
69.427452	113.408119	0	0	0
69.358139	113.484383	0	0	0
69.28862	113.560478	0	0	0
69.21891	113.636391	0	0	0
69.14901	113.71212	0	0	0
69.078918	113.787674	0	0	0
69.008621	113.863045	0	0	0
68.938141	113.938232	0	0	0
68.867462	114.013237	0	0	0
68.796593	114.088058	0	0	0
68.725533	114.162704	0	0	0
68.654282	114.23716	0	0	0
68.58284	114.31144	0	0	0
68.5112	114.385529	0	0	0
68.439392	114.459435	0	0	0
68.367378	114.53315	0	0	0
68.295174	114.606689	0	0	0
68.222786	114.680038	0	0	0
68.150215	114.753197	0	0	0
68.077454	114.826172	0	0	0
68.004509	114.898964	0	0	0
67.931381	114.971558	0	0	0
67.858063	115.043968	0	0	0
67.784554	115.116196	0	0	0
67.710869	115.188225	0	0	0
67.636993	115.260078	0	0	0
67.562943	115.331726	0	0	0
67.488716	115.403198	0	0	0
67.414291	115.474472	0	0	0
67.339691	115.545555	0	0	0
67.2649	115.616447	0	0	0
67.189941	115.687141	0	0	0
67.114807	115.757652	0	0	0
67.03949	115.827965	0	0	0
66.963989	115.898087	0	0	0
66.888313	115.968018	0	0	0
66.812454	116.03775	0	0	0
66.73642	116.107292	0	0	0
66.660217	116.176636	0	0	0
66.583824	116.245781	0	0	0
66.507263	116.314735	0	0	0
66.430527	116.383499	0	0	0
66.353615	116.452057	0	0	0
66.276535	116.520424	0	0	0
66.19928	116.588585	0	0	0
66.121841	116.656563	0	0	0
66.044243	116.724335	0	0	0
65.966469	116.791901	0	0	0
65.888519	116.859283	0	0	0
65.810402	116.926453	0	0	0
65.732117	116.993431	0	0	0
65.653656	117.060211	0	0	0
65.575035	117.126778	0	0	0
65.496239	117.193161	0	0	0
65.417274	117.259338	0	0	0
65.33815	117.325302	0	0	0
65.25885	117.391083	0	0	0
65.17939	117.45665	0	0	0
65.099762	117.522018	0	0	0
65.019966	117.587181	0	0	0
64.94001	117.652138	0	0	0
64.859886	117.716904	0	0	0
64.779602	117.781456	0	0	0
64.69915	117.845802	0	0	0
64.618538	117.90995	0	0	0
64.537766	117.973885	0	0	0
64.456841	118.037621	0	0	0
64.37574	118.101151	0	0	0
64.294487	118.164474	0	0	0
64.213074	118.227585	0	0	0
64.1315	118.290497	0	0	0
64.049767	118.353195	0	0	0
63.96788	118.415688	0	0	0
63.885834	118.477974	0	0	0
63.803631	118.540054	0	0	0
63.721272	118.601929	0	0	0
63.638752	118.663582	0	0	0
63.556087	118.725037	0	0	0
63.473263	118.786278	0	0	0
63.390282	118.847305	0	0	0
63.307152	118.908134	0	0	0
63.223866	118.96875	0	0	0
63.14043	119.029137	0	0	0
63.056839	119.089333	0	0	0
62.973103	119.149315	0	0	0
62.88921	119.209076	0	0	0
62.805176	119.268623	0	0	0
62.720985	119.327972	0	0	0
62.636646	119.387093	0	0	0
62.552162	119.446007	0	0	0
62.467529	119.504707	0	0	0
62.382751	119.563194	0	0	0
62.297821	119.621475	0	0	0
62.212749	119.679535	0	0	0
62.127529	119.737373	0	0	0
62.042171	119.795013	0	0	0
61.956665	119.852417	0	0	0
61.871014	119.909622	0	0	0
61.785221	119.966599	0	0	0
61.699287	120.023369	0	0	0
61.613205	120.07991	0	0	0
61.526989	120.136246	0	0	0
61.440628	120.19236	0	0	0
61.354134	120.248253	0	0	0
61.267494	120.303947	0	0	0
61.180717	120.359398	0	0	0
61.0938	120.414642	0	0	0
61.006744	120.469666	0	0	0
60.919556	120.524475	0	0	0
60.83223	120.579063	0	0	0
60.744766	120.63343	0	0	0
60.657169	120.687576	0	0	0
60.569439	120.741501	0	0	0
60.481567	120.795212	0	0	0
60.39357	120.848694	0	0	0
60.305435	120.901962	0	0	0
60.217163	120.955017	0	0	0
60.128769	121.007828	0	0	0
60.040237	121.060432	0	0	0
59.95158	121.112808	0	0	0
59.862789	121.164963	0	0	0
59.773872	121.216896	0	0	0
59.684818	121.268608	0	0	0
59.595642	121.320099	0	0	0
59.506344	121.371361	0	0	0
59.416908	121.422409	0	0	0
59.327347	121.473221	0	0	0
59.237667	121.523819	0	0	0
59.147854	121.574188	0	0	0
59.057919	121.624329	0	0	0
58.967865	121.674248	0	0	0
58.877682	121.723946	0	0	0
58.787373	121.773407	0	0	0
58.696949	121.822647	0	0	0
58.606403	121.871674	0	0	0
58.515728	121.920464	0	0	0
58.424938	121.96904	0	0	0
58.334026	122.017365	0	0	0
58.243	122.065483	0	0	0
58.151844	122.113358	0	0	0
58.060581	122.161018	0	0	0
57.969196	122.20845	0	0	0
57.877689	122.255653	0	0	0
57.786076	122.30262	0	0	0
57.694344	122.349365	0	0	0
57.602489	122.395882	0	0	0
57.510529	122.442177	0	0	0
57.418449	122.488235	0	0	0
57.326252	122.534065	0	0	0
57.233955	122.579666	0	0	0
57.141537	122.625038	0	0	0
57.049004	122.670174	0	0	0
56.956371	122.715088	0	0	0
56.863617	122.759773	0	0	0
56.77076	122.804222	0	0	0
56.677792	122.84845	0	0	0
56.584709	122.892433	0	0	0
56.491531	122.936188	0	0	0
56.398235	122.979721	0	0	0
56.304832	123.02301	0	0	0
56.21133	123.066078	0	0	0
56.117714	123.108902	0	0	0
56.023998	123.151505	0	0	0
55.930176	123.193878	0	0	0
55.836254	123.236015	0	0	0
55.742226	123.277908	0	0	0
55.64809	123.31958	0	0	0
55.55386	123.361015	0	0	0
55.459522	123.402222	0	0	0
55.365089	123.443192	0	0	0
55.270554	123.483925	0	0	0
55.175922	123.524422	0	0	0
55.081184	123.564697	0	0	0
54.986355	123.604721	0	0	0
54.891422	123.644524	0	0	0
54.796398	123.684097	0	0	0
54.701271	123.723419	0	0	0
54.606049	123.76252	0	0	0
54.510735	123.801376	0	0	0
54.415329	123.839996	0	0	0
54.319824	123.878395	0	0	0
54.224224	123.916542	0	0	0
54.128532	123.954468	0	0	0
54.032753	123.992142	0	0	0
53.936874	124.029602	0	0	0
53.840908	124.066803	0	0	0
53.744854	124.103775	0	0	0
53.648708	124.140511	0	0	0
53.552467	124.17701	0	0	0
53.456146	124.213272	0	0	0
53.359734	124.249298	0	0	0
53.263233	124.285095	0	0	0
53.166645	124.320641	0	0	0
53.069969	124.355965	0	0	0
52.973213	124.391037	0	0	0
52.876373	124.425873	0	0	0
52.779442	124.460472	0	0	0
52.682426	124.494835	0	0	0
52.585331	124.528954	0	0	0
52.488152	124.562851	0	0	0
52.390896	124.596489	0	0	0
52.293549	124.629906	0	0	0
52.196125	124.663071	0	0	0
52.098621	124.695999	0	0	0
52.001041	124.728699	0	0	0
51.903381	124.761139	0	0	0
51.805641	124.793358	0	0	0
51.707825	124.825325	0	0	0
51.609928	124.857063	0	0	0
51.511951	124.888557	0	0	0
51.413906	124.919815	0	0	0
51.315784	124.950829	0	0	0
51.217587	124.981606	0	0	0
51.119312	125.012131	0	0	0
51.020966	125.042435	0	0	0
50.922546	125.072487	0	0	0
50.824059	125.102295	0	0	0
50.725498	125.131866	0	0	0
50.626862	125.161201	0	0	0
50.528156	125.1903	0	0	0
50.429382	125.219139	0	0	0
50.33054	125.247757	0	0	0
50.231628	125.276123	0	0	0
50.132645	125.304253	0	0	0
50.033596	125.332138	0	0	0
49.934483	125.359779	0	0	0
49.835304	125.387177	0	0	0
49.736053	125.414337	0	0	0
49.636745	125.441254	0	0	0
49.537369	125.467934	0	0	0
49.437927	125.49437	0	0	0
49.338421	125.520561	0	0	0
49.238857	125.546509	0	0	0
49.139225	125.57222	0	0	0
49.039539	125.597687	0	0	0
48.939789	125.622902	0	0	0
48.839973	125.647888	0	0	0
48.740105	125.672623	0	0	0
48.640179	125.697113	0	0	0
48.540188	125.721375	0	0	0
48.440144	125.745392	0	0	0
48.340038	125.769142	0	0	0
48.23988	125.792671	0	0	0
48.139664	125.815956	0	0	0
48.039391	125.838989	0	0	0
47.939068	125.861778	0	0	0
47.838688	125.884338	0	0	0
47.738255	125.906654	0	0	0
47.637764	125.928719	0	0	0
47.537228	125.950531	0	0	0
47.436638	125.972115	0	0	0
47.335999	125.993446	0	0	0
47.235302	126.014534	0	0	0
47.134563	126.035385	0	0	0
47.033768	126.055984	0	0	0
46.932926	126.076347	0	0	0
46.832043	126.096466	0	0	0
46.731106	126.116341	0	0	0
46.630119	126.135963	0	0	0
46.529095	126.15535	0	0	0
46.428017	126.174484	0	0	0
46.326893	126.193382	0	0	0
46.225731	126.212029	0	0	0
46.124519	126.230438	0	0	0
46.02327	126.248611	0	0	0
45.921974	126.266525	0	0	0
45.820637	126.284195	0	0	0
45.719254	126.301628	0	0	0
45.61784	126.318817	0	0	0
45.51638	126.335754	0	0	0
45.414879	126.352463	0	0	0
45.313339	126.368904	0	0	0
45.211761	126.385117	0	0	0
45.110146	126.401077	0	0	0
45.008492	126.416801	0	0	0
44.906799	126.432274	0	0	0
44.80508	126.44751	0	0	0
44.703316	126.462494	0	0	0
44.601521	126.477234	0	0	0
44.499687	126.49173	0	0	0
44.39782	126.505974	0	0	0
44.295925	126.519989	0	0	0
44.193996	126.533752	0	0	0
44.092033	126.547272	0	0	0
43.990036	126.560539	0	0	0
43.888016	126.57357	0	0	0
43.785961	126.586357	0	0	0
43.683876	126.5989	0	0	0
43.581764	126.611198	0	0	0
43.479622	126.623245	0	0	0
43.377453	126.635048	0	0	0
43.275253	126.646606	0	0	0
43.173031	126.657921	0	0	0
43.070786	126.668999	0	0	0
42.968506	126.679825	0	0	0
42.866207	126.690399	0	0	0
42.763882	126.700737	0	0	0
42.661533	126.710831	0	0	0
42.559162	126.72068	0	0	0
42.456776	126.730286	0	0	0
42.354355	126.739639	0	0	0
42.251923	126.748749	0	0	0
42.149464	126.757614	0	0	0
42.046986	126.766251	0	0	0
41.944489	126.774628	0	0	0
41.841972	126.782761	0	0	0
41.739437	126.790649	0	0	0
41.63689	126.798294	0	0	0
41.534317	126.805702	0	0	0
41.431732	126.812851	0	0	0
41.329128	126.819771	0	0	0
41.226513	126.826431	0	0	0
41.123882	126.832855	0	0	0
41.021233	126.839043	0	0	0
40.918575	126.844971	0	0	0
40.815903	126.85067	0	0	0
40.713215	126.85611	0	0	0
40.610519	126.86132	0	0	0
40.507812	126.866272	0	0	0
40.40509	126.870987	0	0	0
40.302361	126.875458	0	0	0
40.199619	126.879677	0	0	0
40.096874	126.883667	0	0	0
39.994114	126.887398	0	0	0
39.89135	126.8909	0	0	0
39.788578	126.894142	0	0	0
39.685799	126.897148	0	0	0
39.583015	126.899918	0	0	0
39.480225	126.902435	0	0	0
39.37743	126.904709	0	0	0
39.274632	126.906746	0	0	0
39.171829	126.908531	0	0	0
39.069019	126.910072	0	0	0
38.966209	126.911369	0	0	0
38.863396	126.91243	0	0	0
38.76059	126.913246	0	0	0
38.657776	126.913818	0	0	0
38.554962	126.914146	0	0	0
38.452145	126.91423	0	0	0
38.349335	126.91407	0	0	0
38.246525	126.913666	0	0	0
38.143711	126.913025	0	0	0
38.040508	126.912155	0	0	0
37.937916	126.911049	0	0	0
37.835323	126.909698	0	0	0
37.732731	126.908134	0	0	0
37.630146	126.906342	0	0	0
37.527557	126.904327	0	0	0
37.424976	126.902092	0	0	0
37.322395	126.89962	0	0	0
37.219818	126.896927	0	0	0
37.117252	126.894012	0	0	0
37.014687	126.890877	0	0	0
36.912125	126.887512	0	0	0
36.809578	126.883911	0	0	0
36.707031	126.880096	0	0	0
36.604488	126.876053	0	0	0
36.501965	126.871796	0	0	0
36.399441	126.867294	0	0	0
36.296925	126.862564	0	0	0
36.19442	126.857635	0	0	0
36.091923	126.852455	0	0	0
35.989437	126.847054	0	0	0
35.886963	126.841431	0	0	0
35.7845	126.835587	0	0	0
35.682053	126.829506	0	0	0
35.579613	126.823196	0	0	0
35.477184	126.816673	0	0	0
35.374771	126.809906	0	0	0
35.272369	126.802925	0	0	0
35.169987	126.795715	0	0	0
35.067616	126.788277	0	0	0
34.965263	126.780602	0	0	0
34.862923	126.772705	0	0	0
34.760601	126.764595	0	0	0
34.658295	126.756248	0	0	0
34.556007	126.747665	0	0	0
34.453735	126.738861	0	0	0
34.351486	126.72982	0	0	0
34.249252	126.720566	0	0	0
34.147038	126.711082	0	0	0
34.044846	126.701363	0	0	0
33.942673	126.691414	0	0	0
33.840519	126.681244	0	0	0
33.738388	126.670845	0	0	0
33.636284	126.66021	0	0	0
33.534195	126.649361	0	0	0
33.432133	126.638275	0	0	0
33.330093	126.626953	0	0	0
33.228077	126.615417	0	0	0
33.126091	126.603645	0	0	0
33.02412	126.591644	0	0	0
32.922184	126.579407	0	0	0
32.820271	126.566956	0	0	0
32.718384	126.554268	0	0	0
32.616524	126.541351	0	0	0
32.514694	126.528198	0	0	0
32.412888	126.514832	0	0	0
32.311119	126.501221	0	0	0
32.209373	126.487389	0	0	0
32.107662	126.47332	0	0	0
32.005974	126.459038	0	0	0
31.904322	126.444511	0	0	0
31.8027	126.429764	0	0	0
31.701111	126.41478	0	0	0
31.59956	126.399559	0	0	0
31.498032	126.384125	0	0	0
31.396545	126.368454	0	0	0
31.29509	126.352554	0	0	0
31.19367	126.336426	0	0	0
31.092283	126.320068	0	0	0
30.990936	126.303467	0	0	0
30.889622	126.286652	0	0	0
30.788347	126.2696	0	0	0
30.687109	126.252319	0	0	0
30.585911	126.234818	0	0	0
30.484747	126.217072	0	0	0
30.383627	126.199097	0	0	0
30.282545	126.180908	0	0	0
30.181503	126.162476	0	0	0
30.080503	126.143806	0	0	0
29.979544	126.124908	0	0	0
29.878626	126.105797	0	0	0
29.77775	126.086449	0	0	0
29.676916	126.066856	0	0	0
29.576128	126.047043	0	0	0
29.475382	126.027	0	0	0
29.374683	126.006729	0	0	0
29.274027	125.986214	0	0	0
29.17342	125.965492	0	0	0
29.072855	125.944519	0	0	0
28.972342	125.923325	0	0	0
28.871872	125.901894	0	0	0
28.771452	125.880234	0	0	0
28.67108	125.858345	0	0	0
28.570757	125.836235	0	0	0
28.470484	125.813881	0	0	0
28.37026	125.791298	0	0	0
28.27009	125.768478	0	0	0
28.16997	125.745445	0	0	0
28.069899	125.722176	0	0	0
27.969885	125.698677	0	0	0
27.869921	125.674942	0	0	0
27.77001	125.65097	0	0	0
27.670155	125.626778	0	0	0
27.570354	125.602348	0	0	0
27.47061	125.57769	0	0	0
27.370918	125.552803	0	0	0
27.271286	125.527695	0	0	0
27.171709	125.502335	0	0	0
27.072187	125.476753	0	0	0
26.972731	125.450943	0	0	0
26.873325	125.424904	0	0	0
26.773983	125.398628	0	0	0
26.6747	125.372131	0	0	0
26.575476	125.345398	0	0	0
26.476313	125.318428	0	0	0
26.377216	125.291237	0	0	0
26.278175	125.263809	0	0	0
26.179199	125.23616	0	0	0
26.080286	125.208275	0	0	0
25.981438	125.180153	0	0	0
25.882654	125.15181	0	0	0
25.783934	125.12323	0	0	0
25.68528	125.094421	0	0	0
25.586691	125.065392	0	0	0
25.488171	125.03611	0	0	0
25.389715	125.006622	0	0	0
25.291328	124.976891	0	0	0
25.19301	124.94693	0	0	0
25.094763	124.916756	0	0	0
24.996582	124.886322	0	0	0
24.898472	124.855682	0	0	0
24.800434	124.824799	0	0	0
24.702467	124.793686	0	0	0
24.60457	124.762352	0	0	0
24.506746	124.730789	0	0	0
24.408995	124.698975	0	0	0
24.311317	124.666946	0	0	0
24.213715	124.634697	0	0	0
24.11619	124.602203	0	0	0
24.018734	124.569481	0	0	0
23.921358	124.536537	0	0	0
23.824059	124.503357	0	0	0
23.726833	124.469955	0	0	0
23.629688	124.436317	0	0	0
23.532621	124.402443	0	0	0
23.435631	124.368355	0	0	0
23.338722	124.334038	0	0	0
23.241894	124.299469	0	0	0
23.145145	124.264694	0	0	0
23.048475	124.229675	0	0	0
22.951891	124.194443	0	0	0
22.855385	124.158974	0	0	0
22.758965	124.123276	0	0	0
22.662626	124.087349	0	0	0
22.566374	124.051186	0	0	0
22.470203	124.014801	0	0	0
22.374121	123.978195	0	0	0
22.278124	123.941353	0	0	0
22.182209	123.904282	0	0	0
22.086386	123.866989	0	0	0
21.99065	123.82946	0	0	0
21.895	123.79171	0	0	0
21.79944	123.753716	0	0	0
21.703972	123.715508	0	0	0
21.608589	123.677071	0	0	0
21.513298	123.638412	0	0	0
21.418098	123.599518	0	0	0
21.32299	123.560402	0	0	0
21.227978	123.521049	0	0	0
21.133055	123.481468	0	0	0
21.038223	123.441666	0	0	0
20.943489	123.401642	0	0	0
20.84885	123.361382	0	0	0
20.754305	123.320908	0	0	0
20.659855	123.28019	0	0	0
20.565502	123.239258	0	0	0
20.471249	123.19809	0	0	0
20.37709	123.1567	0	0	0
20.283031	123.115089	0	0	0
20.18907	123.07325	0	0	0
20.095209	123.031181	0	0	0
20.001446	122.988884	0	0	0
19.907787	122.946365	0	0	0
19.814226	122.903618	0	0	0
19.720768	122.860649	0	0	0
19.627411	122.817459	0	0	0
19.534161	122.774017	0	0	0
19.44101	122.730377	0	0	0
19.347967	122.686516	0	0	0
19.255026	122.64241	0	0	0
19.162191	122.598099	0	0	0
19.069464	122.553543	0	0	0
18.976841	122.508774	0	0	0
18.884325	122.463776	0	0	0
18.79192	122.418556	0	0	0
18.699621	122.373116	0	0	0
18.60743	122.327454	0	0	0
18.51535	122.281563	0	0	0
18.42338	122.235443	0	0	0
18.331522	122.189117	0	0	0
18.239773	122.142548	0	0	0
18.148138	122.095757	0	0	0
18.056614	122.048759	0	0	0
17.965204	122.001526	0	0	0
17.873907	121.954071	0	0	0
17.782724	121.906403	0	0	0
17.691656	121.858505	0	0	0
17.600706	121.810379	0	0	0
17.509869	121.762039	0	0	0
17.419151	121.713478	0	0	0
17.32855	121.664688	0	0	0
17.238066	121.615685	0	0	0
17.147701	121.56646	0	0	0
17.057455	121.517014	0	0	0
16.967327	121.467339	0	0	0
16.877323	121.417442	0	0	0
16.787439	121.36734	0	0	0
16.697676	121.317001	0	0	0
16.608034	121.266449	0	0	0
16.518515	121.215683	0	0	0
16.429123	121.16468	0	0	0
16.339851	121.113472	0	0	0
16.250704	121.06205	0	0	0
16.161686	121.010391	0	0	0
16.072788	120.958527	0	0	0
15.984019	120.906441	0	0	0
15.895378	120.854134	0	0	0
15.806863	120.801605	0	0	0
15.718476	120.748863	0	0	0
15.630219	120.695908	0	0	0
15.542091	120.642723	0	0	0
15.454095	120.589333	0	0	0
15.366227	120.535721	0	0	0
15.27849	120.481888	0	0	0
15.190886	120.427841	0	0	0
15.103415	120.373573	0	0	0
15.016075	120.319092	0	0	0
14.92887	120.264389	0	0	0
14.8418	120.20948	0	0	0
14.754864	120.15435	0	0	0
14.668063	120.099007	0	0	0
14.581396	120.043442	0	0	0
14.494868	119.987663	0	0	0
14.408479	119.931671	0	0	0
14.322225	119.875473	0	0	0
14.236109	119.819054	0	0	0
14.150133	119.762413	0	0	0
14.064296	119.705574	0	0	0
13.978601	119.648506	0	0	0
13.893046	119.591232	0	0	0
13.807631	119.533745	0	0	0
13.722362	119.476044	0	0	0
13.637231	119.418129	0	0	0
13.552245	119.360001	0	0	0
13.467403	119.301651	0	0	0
13.382706	119.243103	0	0	0
13.298153	119.184349	0	0	0
13.213746	119.125374	0	0	0
13.129486	119.066185	0	0	0
13.045372	119.006783	0	0	0
12.961406	118.947182	0	0	0
12.877587	118.88736	0	0	0
12.793919	118.827332	0	0	0
12.710397	118.767097	0	0	0
12.627028	118.70665	0	0	0
12.543808	118.645996	0	0	0
12.460738	118.585129	0	0	0
12.377821	118.524048	0	0	0
12.295055	118.462769	0	0	0
12.212443	118.401268	0	0	0
12.129984	118.339569	0	0	0
12.04768	118.277664	0	0	0
11.965528	118.215546	0	0	0
11.883535	118.153229	0	0	0
11.801695	118.090691	0	0	0
11.720013	118.027962	0	0	0
11.638487	117.965019	0	0	0
11.557119	117.901871	0	0	0
11.475909	117.838516	0	0	0
11.394857	117.774956	0	0	0
11.313967	117.711197	0	0	0
11.233235	117.647209	0	0	0
11.152664	117.583038	0	0	0
11.072254	117.518669	0	0	0
10.992006	117.454086	0	0	0
10.911921	117.389305	0	0	0
10.831999	117.32431	0	0	0
10.75224	117.259117	0	0	0
10.672645	117.193726	0	0	0
10.593215	117.128128	0	0	0
10.51395	117.062332	0	0	0
10.434851	116.99633	0	0	0
10.35592	116.930122	0	0	0
10.277155	116.863724	0	0	0
10.198558	116.797119	0	0	0
10.120128	116.730324	0	0	0
10.041868	116.663315	0	0	0
9.963778	116.596115	0	0	0
9.885859	116.528709	0	0	0
9.808109	116.461113	0	0	0
9.730531	116.393303	0	0	0
9.653124	116.32531	0	0	0
9.575891	116.257103	0	0	0
9.498829	116.188713	0	0	0
9.421942	116.120125	0	0	0
9.345229	116.051338	0	0	0
9.268691	115.982346	0	0	0
9.192328	115.91317	0	0	0
9.116141	115.843788	0	0	0
9.040133	115.774216	0	0	0
8.964299	115.704453	0	0	0
8.888643	115.634491	0	0	0
8.813167	115.564323	0	0	0
8.737868	115.493973	0	0	0
8.662749	115.423431	0	0	0
8.587811	115.352692	0	0	0
8.513054	115.281754	0	0	0
8.438478	115.210632	0	0	0
8.364084	115.139313	0	0	0
8.289871	115.067802	0	0	0
8.215841	114.996109	0	0	0
8.141996	114.92421	0	0	0
8.068336	114.852127	0	0	0
7.99486	114.779861	0	0	0
7.921568	114.70739	0	0	0
7.848463	114.634743	0	0	0
7.775544	114.561905	0	0	0
7.702812	114.488876	0	0	0
7.630268	114.415657	0	0	0
7.557913	114.342247	0	0	0
7.485745	114.268646	0	0	0
7.413769	114.19487	0	0	0
7.34198	114.120895	0	0	0
7.270383	114.046745	0	0	0
7.198977	113.972404	0	0	0
7.127763	113.897881	0	0	0
7.056741	113.823166	0	0	0
6.985911	113.748268	0	0	0
6.915276	113.673187	0	0	0
6.844834	113.597916	0	0	0
6.774587	113.522476	0	0	0
6.704535	113.446846	0	0	0
6.634678	113.371025	0	0	0
6.565017	113.295029	0	0	0
6.495555	113.218857	0	0	0
6.426289	113.142487	0	0	0
6.35722	113.065948	0	0	0
6.28835	112.989235	0	0	0
6.21968	112.912323	0	0	0
6.151209	112.835251	0	0	0
6.082938	112.75798	0	0	0
6.014868	112.680542	0	0	0
5.947	112.602928	0	0	0
5.879333	112.525124	0	0	0
5.811869	112.447151	0	0	0
5.744607	112.369011	0	0	0
5.67755	112.290672	0	0	0
5.610696	112.212173	0	0	0
5.544048	112.133484	0	0	0
5.477604	112.054634	0	0	0
5.411366	111.975609	0	0	0
5.345335	111.8964	0	0	0
5.279511	111.817024	0	0	0
5.213893	111.737473	0	0	0
5.148485	111.657745	0	0	0
5.083284	111.57785	0	0	0
5.018293	111.49778	0	0	0
4.953511	111.417542	0	0	0
4.888941	111.337128	0	0	0
4.82458	111.256538	0	0	0
4.760431	111.175797	0	0	0
4.696493	111.094872	0	0	0
4.632769	111.013779	0	0	0
4.569257	110.932518	0	0	0
4.505959	110.851089	0	0	0
4.442874	110.769493	0	0	0
4.380005	110.687737	0	0	0
4.31735	110.605797	0	0	0
4.254911	110.523705	0	0	0
4.192689	110.441437	0	0	0
4.130683	110.359009	0	0	0
4.068894	110.276413	0	0	0
4.007324	110.193665	0	0	0
3.945972	110.110741	0	0	0
3.884839	110.027664	0	0	0
3.823925	109.944412	0	0	0
3.763231	109.861	0	0	0
3.702758	109.777428	0	0	0
3.642506	109.693695	0	0	0
3.582475	109.60981	0	0	0
3.522666	109.525749	0	0	0
3.46308	109.441536	0	0	0
3.403718	109.357162	0	0	0
3.344579	109.272636	0	0	0
3.285665	109.187943	0	0	0
3.226974	109.103096	0	0	0
3.16851	109.018089	0	0	0
3.110271	108.93293	0	0	0
3.052258	108.84761	0	0	0
2.994473	108.762138	0	0	0
2.936915	108.676514	0	0	0
2.879585	108.590736	0	0	0
2.822482	108.504791	0	0	0
2.76561	108.418709	0	0	0
2.708966	108.332458	0	0	0
2.652553	108.246071	0	0	0
2.59637	108.159523	0	0	0
2.540417	108.072823	0	0	0
2.484697	107.985977	0	0	0
2.429209	107.898972	0	0	0
2.373953	107.811829	0	0	0
2.31893	107.724533	0	0	0
2.26414	107.637085	0	0	0
2.209585	107.549492	0	0	0
2.155264	107.461754	0	0	0
2.101179	107.373863	0	0	0
2.047328	107.285835	0	0	0
1.993714	107.197647	0	0	0
1.940337	107.109329	0	0	0
1.887197	107.020866	0	0	0
1.834294	106.932243	0	0	0
1.781629	106.843491	0	0	0
1.729203	106.754593	0	0	0
1.677016	106.66555	0	0	0
1.625068	106.576363	0	0	0
1.573361	106.487038	0	0	0
1.521894	106.397575	0	0	0
1.470667	106.307968	0	0	0
1.419683	106.218224	0	0	0
1.368941	106.128334	0	0	0
1.318441	106.038322	0	0	0
1.268184	105.948158	0	0	0
1.21817	105.857872	0	0	0
1.168401	105.767441	0	0	0
1.118876	105.676872	0	0	0
1.069595	105.586159	0	0	0
1.02056	105.495323	0	0	0
0.971771	105.404366	0	0	0
0.923229	105.313255	0	0	0
0.874933	105.222023	0	0	0
0.826885	105.130653	0	0	0
0.779084	105.039154	0	0	0
0.731531	104.947517	0	0	0
0.684227	104.855759	0	0	0
0.637173	104.76387	0	0	0
0.590368	104.671844	0	0	0
0.543812	104.579697	0	0	0
0.497508	104.487419	0	0	0
0.451455	104.395012	0	0	0
0.405653	104.30249	0	0	0
0.360103	104.209831	0	0	0
0.314805	104.11705	0	0	0
0.269761	104.024147	0	0	0
0.224969	103.931122	0	0	0
0.180431	103.837959	0	0	0
0.136148	103.744682	0	0	0
0.092119	103.651291	0	0	0
0.048346	103.55777	0	0	0
0.004828	103.464127	0	0	0
-0.038434	103.370369	0	0	0
-0.08144	103.276489	0	0	0
-0.124188	103.182495	0	0	0
-0.16668	103.088371	0	0	0
-0.208913	102.994133	0	0	0
-0.250889	102.899788	0	0	0
-0.292605	102.805328	0	0	0
-0.334063	102.710739	0	0	0
-0.37526	102.616035	0	0	0
-0.416198	102.521225	0	0	0
-0.456876	102.4263	0	0	0
-0.497293	102.331261	0	0	0
-0.537448	102.236107	0	0	0
-0.577342	102.140846	0	0	0
-0.616974	102.045479	0	0	0
-0.656343	101.949997	0	0	0
-0.695449	101.854401	0	0	0
-0.734292	101.758698	0	0	0
-0.772871	101.662888	0	0	0
-0.811186	101.566963	0	0	0
-0.849236	101.470947	0	0	0
-0.887021	101.374809	0	0	0
-0.92454	101.278572	0	0	0
-0.961794	101.182228	0	0	0
-0.998782	101.085793	0	0	0
-1.035502	100.989243	0	0	0
-1.071956	100.892586	0	0	0
-1.108142	100.795837	0	0	0
-1.14406	100.698982	0	0	0
-1.17971	100.602028	0	0	0
-1.215091	100.504974	0	0	0
-1.250204	100.407822	0	0	0
-1.285046	100.310562	0	0	0
-1.319619	100.213211	0	0	0
-1.353921	100.115768	0	0	0
-1.387953	100.018227	0	0	0
-1.421714	99.920586	0	0	0
-1.455203	99.822853	0	0	0
-1.488421	99.725021	0	0	0
-1.521366	99.627098	0	0	0
-1.554038	99.529083	0	0	0
-1.586438	99.430969	0	0	0
-1.618564	99.332779	0	0	0
-1.650417	99.234489	0	0	0
-1.681995	99.136108	0	0	0
-1.713299	99.037643	0	0	0
-1.744328	98.939087	0	0	0
-1.775082	98.840431	0	0	0
-1.80556	98.741699	0	0	0
-1.835762	98.642883	0	0	0
-1.865688	98.543983	0	0	0
-1.895337	98.445	0	0	0
-1.924709	98.345917	0	0	0
-1.953804	98.246765	0	0	0
-1.982621	98.147522	0	0	0
-2.01116	98.04821	0	0	0
-2.039421	97.948807	0	0	0
-2.067402	97.849319	0	0	0
-2.095105	97.749763	0	0	0
-2.122528	97.650124	0	0	0
-2.149671	97.550407	0	0	0
-2.176534	97.450607	0	0	0
-2.203115	97.350739	0	0	0
-2.229417	97.250786	0	0	0
-2.255437	97.150772	0	0	0
-2.281176	97.050674	0	0	0
-2.306633	96.9505	0	0	0
-2.331807	96.850258	0	0	0
-2.356699	96.749947	0	0	0
-2.381308	96.649551	0	0	0
-2.405634	96.549095	0	0	0
-2.429676	96.44857	0	0	0
-2.453434	96.347969	0	0	0
-2.476909	96.247307	0	0	0
-2.500099	96.146576	0	0	0
-2.523004	96.045776	0	0	0
-2.545623	95.944916	0	0	0
-2.567958	95.843987	0	0	0
-2.590007	95.742989	0	0	0
-2.611769	95.64193	0	0	0
-2.633245	95.54081	0	0	0
-2.654435	95.439636	0	0	0
-2.675338	95.338387	0	0	0
-2.695953	95.237091	0	0	0
-2.716281	95.135719	0	0	0
-2.736321	95.034302	0	0	0
-2.756073	94.932831	0	0	0
-2.775536	94.831284	0	0	0
-2.794711	94.729691	0	0	0
-2.813597	94.628052	0	0	0
-2.832193	94.526337	0	0	0
-2.8505	94.424583	0	0	0
-2.868517	94.322769	0	0	0
-2.886244	94.220909	0	0	0
-2.903681	94.118996	0	0	0
-2.920826	94.017036	0	0	0
-2.937681	93.915016	0	0	0
-2.954244	93.81295	0	0	0
-2.970517	93.710831	0	0	0
-2.986497	93.608681	0	0	0
-3.002185	93.50647	0	0	0
-3.017581	93.404221	0	0	0
-3.032685	93.301918	0	0	0
-3.047495	93.19957	0	0	0
-3.062013	93.097191	0	0	0
-3.076237	92.994759	0	0	0
-3.090168	92.892296	0	0	0
-3.103806	92.78978	0	0	0
-3.117149	92.687233	0	0	0
-3.130198	92.584641	0	0	0
-3.142951	92.482018	0	0	0
-3.155411	92.379349	0	0	0
-3.167576	92.276649	0	0	0
-3.179445	92.173897	0	0	0
-3.191019	92.071129	0	0	0
-3.202297	91.968315	0	0	0
-3.213279	91.865479	0	0	0
-3.223965	91.762604	0	0	0
-3.234354	91.659691	0	0	0
-3.244448	91.556755	0	0	0
-3.254244	91.453781	0	0	0
-3.263743	91.350792	0	0	0
-3.272946	91.247765	0	0	0
-3.28185	91.144714	0	0	0
-3.290457	91.041634	0	0	0
-3.298766	90.93853	0	0	0
-3.306778	90.835396	0	0	0
-3.314491	90.732239	0	0	0
-3.321905	90.629059	0	0	0
-3.329021	90.525864	0	0	0
-3.335838	90.422638	0	0	0
-3.342356	90.319397	0	0	0
-3.348575	90.216141	0	0	0
-3.354495	90.112854	0	0	0
-3.360114	90.009552	0	0	0
-3.365434	89.906235	0	0	0
-3.370454	89.802902	0	0	0
-3.375174	89.699554	0	0	0
-3.379594	89.596191	0	0	0
-3.383713	89.492813	0	0	0
-3.387532	89.38942	0	0	0
-3.391049	89.286011	0	0	0
-3.394267	89.182602	0	0	0
-3.397182	89.079178	0	0	0
-3.399797	88.975739	0	0	0
-3.40211	88.872292	0	0	0
-3.404121	88.768852	0	0	0
-3.405831	88.66539	0	0	0
-3.407239	88.561928	0	0	0
-3.408345	88.458458	0	0	0
-3.409148	88.354988	0	0	0
-3.40965	88.251511	0	0	0
-3.409849	88.148033	0	0	0
-3.409745	88.044548	0	0	0
-3.409339	87.941063	0	0	0
-3.408629	87.837593	0	0	0
-3.407617	87.734108	0	0	0
-3.406831	87.666786	0	0	0
-3.405658	87.566788	0	0	0
-3.404484	87.466797	0	0	0
-3.40331	87.366806	0	0	0
-3.402137	87.266808	0	0	0
-3.400963	87.166817	0	0	0
-3.39979	87.066826	0	0	0
-3.398616	86.966835	0	0	0
-3.397442	86.866837	0	0	0
-3.396269	86.766846	0	0	0
-3.395095	86.666855	0	0	0
-3.393922	86.566856	0	0	0
-3.392748	86.466866	0	0	0
-3.391574	86.366875	0	0	0
-3.390401	86.266876	0	0	0
-3.389227	86.166885	0	0	0
-3.388054	86.066895	0	0	0
-3.38688	85.966904	0	0	0
-3.385706	85.866905	0	0	0
-3.384533	85.766914	0	0	0
-3.383359	85.666924	0	0	0
-3.382186	85.566925	0	0	0
-3.381012	85.466934	0	0	0
-3.379838	85.366943	0	0	0
-3.378665	85.266945	0	0	0
-3.377491	85.166954	0	0	0
-3.376318	85.066963	0	0	0
-3.375144	84.966972	0	0	0
-3.373971	84.866974	0	0	0
-3.372797	84.766983	0	0	0
-3.371624	84.666992	0	0	0
-3.37045	84.566994	0	0	0
-3.369276	84.467003	0	0	0
-3.368103	84.367012	0	0	0
-3.366929	84.267021	0	0	0
-3.365756	84.167023	0	0	0
-3.364582	84.067032	0	0	0
-3.363408	83.967041	0	0	0
-3.362235	83.867043	0	0	0
-3.361061	83.767052	0	0	0
-3.359888	83.667061	0	0	0
-3.358714	83.567062	0	0	0
-3.35754	83.467072	0	0	0
-3.356367	83.367081	0	0	0
-3.355193	83.26709	0	0	0
-3.35402	83.167091	0	0	0
-3.352846	83.067101	0	0	0
-3.351672	82.96711	0	0	0
-3.350499	82.867111	0	0	0
-3.349325	82.76712	0	0	0
-3.348152	82.66713	0	0	0
-3.346978	82.567131	0	0	0
-3.345804	82.46714	0	0	0
-3.344631	82.367149	0	0	0
-3.343457	82.267159	0	0	0
-3.342284	82.16716	0	0	0
-3.34111	82.067169	0	0	0
-3.339936	81.967178	0	0	0
-3.338763	81.86718	0	0	0
-3.337589	81.767189	0	0	0
-3.336416	81.667198	0	0	0
-3.335242	81.5672	0	0	0
-3.334069	81.467209	0	0	0
-3.332895	81.367218	0	0	0
-3.331721	81.267227	0	0	0
-3.330548	81.167229	0	0	0
-3.329374	81.067238	0	0	0
-3.328201	80.967247	0	0	0
-3.327027	80.867249	0	0	0
-3.325853	80.767258	0	0	0
-3.32468	80.667267	0	0	0
-3.323506	80.567276	0	0	0
-3.322333	80.467278	0	0	0
-3.321159	80.367287	0	0	0
-3.319985	80.267296	0	0	0
-3.318812	80.167297	0	0	0
-3.317638	80.067307	0	0	0
-3.316465	79.967316	0	0	0
-3.315291	79.867317	0	0	0
-3.314117	79.767326	0	0	0
-3.312944	79.667336	0	0	0
-3.31177	79.567345	0	0	0
-3.310597	79.467346	0	0	0
-3.309423	79.367355	0	0	0
-3.308249	79.267365	0	0	0
-3.307076	79.167366	0	0	0
-3.305902	79.067375	0	0	0
-3.304729	78.967384	0	0	0
-3.303555	78.867386	0	0	0
-3.302382	78.767395	0	0	0
-3.301208	78.667404	0	0	0
-3.300035	78.567413	0	0	0
-3.298861	78.467415	0	0	0
-3.297687	78.367424	0	0	0
-3.296514	78.267433	0	0	0
-3.29534	78.167435	0	0	0
-3.294167	78.067444	0	0	0
-3.292993	77.967453	0	0	0
-3.291819	77.867455	0	0	0
-3.290646	77.767464	0	0	0
-3.289472	77.667473	0	0	0
-3.288299	77.567482	0	0	0
-3.287125	77.467484	0	0	0
-3.285951	77.367493	0	0	0
-3.284778	77.267502	0	0	0
-3.283604	77.167503	0	0	0
-3.282431	77.067513	0	0	0
-3.281257	76.967522	0	0	0
-3.280083	76.867531	0	0	0
-3.27891	76.767532	0	0	0
-3.277736	76.667542	0	0	0
-3.276563	76.567551	0	0	0
-3.275389	76.467552	0	0	0
-3.274215	76.367561	0	0	0
-3.273042	76.26757	0	0	0
-3.271868	76.167572	0	0	0
-3.270695	76.067581	0	0	0
-3.269521	75.96759	0	0	0
-3.268348	75.867599	0	0	0
-3.267174	75.767601	0	0	0
-3.266	75.66761	0	0	0
-3.264827	75.567619	0	0	0
-3.263653	75.467621	0	0	0
-3.26248	75.36763	0	0	0
-3.261306	75.267639	0	0	0
-3.260132	75.167641	0	0	0
-3.258959	75.06765	0	0	0
-3.257785	74.967659	0	0	0
-3.256612	74.867668	0	0	0
-3.255438	74.76767	0	0	0
-3.254264	74.667679	0	0	0
-3.253091	74.567688	0	0	0
-3.251917	74.46769	0	0	0
-3.250744	74.367699	0	0	0
-3.24957	74.267708	0	0	0
-3.248396	74.167709	0	0	0
-3.247223	74.067719	0	0	0
-3.246049	73.967728	0	0	0
-3.244876	73.867737	0	0	0
-3.243702	73.767738	0	0	0
-3.242528	73.667747	0	0	0
-3.241355	73.567757	0	0	0
-3.240181	73.467758	0	0	0
-3.239008	73.367767	0	0	0
-3.237834	73.267776	0	0	0
-3.23666	73.167786	0	0	0
-3.235487	73.067787	0	0	0
-3.234313	72.967796	0	0	0
-3.23314	72.867805	0	0	0
-3.231966	72.767807	0	0	0
-3.230793	72.667816	0	0	0
-3.229619	72.567825	0	0	0
-3.228446	72.467827	0	0	0
-3.227272	72.367836	0	0	0
-3.226098	72.267845	0	0	0
-3.224925	72.167854	0	0	0
-3.223751	72.067856	0	0	0
-3.222578	71.967865	0	0	0
-3.221404	71.867874	0	0	0
-3.22023	71.767876	0	0	0
-3.219057	71.667885	0	0	0
-3.217883	71.567894	0	0	0
-3.21671	71.467896	0	0	0
-3.215536	71.367905	0	0	0
-3.214362	71.267914	0	0	0
-3.213189	71.167923	0	0	0
-3.212015	71.067924	0	0	0
-3.210842	70.967934	0	0	0
-3.209668	70.867943	0	0	0
-3.208494	70.767944	0	0	0
-3.207321	70.667953	0	0	0
-3.206147	70.567963	0	0	0
-3.204974	70.467964	0	0	0
-3.2038	70.367973	0	0	0
-3.202626	70.267982	0	0	0
-3.201453	70.167992	0	0	0
-3.200279	70.067993	0	0	0
-3.199106	69.968002	0	0	0
-3.197932	69.868011	0	0	0
-3.196759	69.768013	0	0	0
-3.195585	69.668022	0	0	0
-3.194411	69.568031	0	0	0
-3.193238	69.46804	0	0	0
-3.192064	69.368042	0	0	0
-3.190891	69.268051	0	0	0
-3.189717	69.16806	0	0	0
-3.188543	69.068062	0	0	0
-3.18737	68.968071	0	0	0
-3.186196	68.86808	0	0	0
-3.185023	68.768082	0	0	0
-3.183849	68.668091	0	0	0
-3.182675	68.5681	0	0	0
-3.181502	68.468109	0	0	0
-3.180328	68.368111	0	0	0
-3.179155	68.26812	0	0	0
-3.177981	68.168129	0	0	0
-3.176807	68.06813	0	0	0
-3.175634	67.96814	0	0	0
-3.17446	67.868149	0	0	0
-3.173287	67.76815	0	0	0
-3.172113	67.668159	0	0	0
-3.170939	67.568169	0	0	0
-3.169766	67.468178	0	0	0
-3.168592	67.368179	0	0	0
-3.167419	67.268188	0	0	0
-3.166245	67.168198	0	0	0
-3.165071	67.068199	0	0	0
-3.163898	66.968208	0	0	0
-3.162724	66.868217	0	0	0
-3.161551	66.768219	0	0	0
-3.160377	66.668228	0	0	0
-3.159204	66.568237	0	0	0
-3.15803	66.468246	0	0	0
-3.156856	66.368248	0	0	0
-3.155683	66.268257	0	0	0
-3.154509	66.168266	0	0	0
-3.153336	66.068268	0	0	0
-3.152162	65.968277	0	0	0
-3.150989	65.868286	0	0	0
-3.149815	65.768295	0	0	0
-3.148641	65.668297	0	0	0
-3.147468	65.568306	0	0	0
-3.146294	65.468315	0	0	0
-3.145121	65.368317	0	0	0
-3.143947	65.268326	0	0	0
-3.142773	65.168335	0	0	0
-3.1416	65.068336	0	0	0
-3.140426	64.968346	0	0	0
-3.139253	64.868355	0	0	0
-3.138079	64.768364	0	0	0
-3.136905	64.668365	0	0	0
-3.135732	64.568375	0	0	0
-3.134558	64.468384	0	0	0
-3.133385	64.368385	0	0	0
-3.132211	64.268394	0	0	0
-3.131037	64.168404	0	0	0
-3.129864	64.068405	0	0	0
-3.12869	63.968418	0	0	0
-3.127517	63.868427	0	0	0
-3.126343	63.768433	0	0	0
-3.12517	63.668442	0	0	0
-3.123996	63.568447	0	0	0
-3.122822	63.468452	0	0	0
-3.121649	63.368462	0	0	0
-3.120475	63.268467	0	0	0
-3.119302	63.168476	0	0	0
-3.118128	63.068481	0	0	0
-3.116954	62.968487	0	0	0
-3.115781	62.868496	0	0	0
-3.114607	62.768501	0	0	0
-3.113434	62.66851	0	0	0
-3.11226	62.568516	0	0	0
-3.111086	62.468521	0	0	0
-3.109913	62.36853	0	0	0
-3.108739	62.268536	0	0	0
-3.107566	62.168545	0	0	0
-3.106392	62.06855	0	0	0
-3.105218	61.968555	0	0	0
-3.104045	61.868565	0	0	0
-3.102871	61.76857	0	0	0
-3.101698	61.668579	0	0	0
-3.100524	61.568584	0	0	0
-3.09935	61.46859	0	0	0
-3.098177	61.368599	0	0	0
-3.097003	61.268604	0	0	0
-3.09583	61.168613	0	0	0
-3.094656	61.068619	0	0	0
-3.093482	60.968624	0	0	0
-3.092309	60.868633	0	0	0
-3.091135	60.768639	0	0	0
-3.089962	60.668648	0	0	0
-3.088788	60.568653	0	0	0
-3.087615	60.468658	0	0	0
-3.086441	60.368668	0	0	0
-3.085267	60.268673	0	0	0
-3.084094	60.168682	0	0	0
-3.08292	60.068687	0	0	0
-3.081747	59.968697	0	0	0
-3.080573	59.868702	0	0	0
-3.079399	59.768707	0	0	0
-3.078226	59.668716	0	0	0
-3.077052	59.568722	0	0	0
-3.075879	59.468731	0	0	0
-3.074705	59.368736	0	0	0
-3.073531	59.268742	0	0	0
-3.072358	59.168751	0	0	0
-3.071184	59.068756	0	0	0
-3.070011	58.968765	0	0	0
-3.068837	58.868771	0	0	0
-3.067663	58.768776	0	0	0
-3.06649	58.668785	0	0	0
-3.065316	58.56879	0	0	0
-3.064143	58.4688	0	0	0
-3.062969	58.368805	0	0	0
-3.061795	58.26881	0	0	0
-3.060622	58.168819	0	0	0
-3.059448	58.068825	0	0	0
-3.058275	57.968834	0	0	0
-3.057101	57.868839	0	0	0
-3.055928	57.768845	0	0	0
-3.054754	57.668854	0	0	0
-3.05358	57.568859	0	0	0
-3.052407	57.468868	0	0	0
-3.051233	57.368874	0	0	0
-3.05006	57.268879	0	0	0
-3.048886	57.168888	0	0	0
-3.047712	57.068893	0	0	0
-3.046539	56.968903	0	0	0
-3.045365	56.868908	0	0	0
-3.044192	56.768913	0	0	0
-3.043018	56.668922	0	0	0
-3.041844	56.568928	0	0	0
-3.040671	56.468937	0	0	0
-3.039497	56.368942	0	0	0
-3.038324	56.268951	0	0	0
-3.03715	56.168957	0	0	0
-3.035976	56.068962	0	0	0
-3.034803	55.968971	0	0	0
-3.033629	55.868977	0	0	0
-3.032456	55.768986	0	0	0
-3.031282	55.668991	0	0	0
-3.030108	55.568996	0	0	0
-3.028935	55.469006	0	0	0
-3.027761	55.369011	0	0	0
-3.026588	55.26902	0	0	0
-3.025414	55.169025	0	0	0
-3.02424	55.069031	0	0	0
-3.023067	54.96904	0	0	0
-3.021894	54.869045	0	0	0
-3.02072	54.769054	0	0	0
-3.019546	54.66906	0	0	0
-3.018373	54.569065	0	0	0
-3.017199	54.469074	0	0	0
-3.016026	54.36908	0	0	0
-3.014852	54.269089	0	0	0
-3.013678	54.169094	0	0	0
-3.012505	54.069099	0	0	0
-3.011331	53.969109	0	0	0
-3.010158	53.869114	0	0	0
-3.008984	53.769123	0	0	0
-3.00781	53.669128	0	0	0
-3.006637	53.569134	0	0	0
-3.005463	53.469143	0	0	0
-3.00429	53.369148	0	0	0
-3.003116	53.269157	0	0	0
-3.001942	53.169163	0	0	0
-3.000769	53.069168	0	0	0
-2.999595	52.969177	0	0	0
-2.998422	52.869183	0	0	0
-2.997248	52.769192	0	0	0
-2.996074	52.669197	0	0	0
-2.994901	52.569206	0	0	0
-2.993727	52.469212	0	0	0
-2.992554	52.369217	0	0	0
-2.99138	52.269226	0	0	0
-2.990206	52.169231	0	0	0
-2.989033	52.069241	0	0	0
-2.987859	51.969246	0	0	0
-2.986686	51.869251	0	0	0
-2.985512	51.76926	0	0	0
-2.984339	51.669266	0	0	0
-2.983165	51.569275	0	0	0
-2.981991	51.46928	0	0	0
-2.980818	51.369286	0	0	0
-2.979644	51.269295	0	0	0
-2.978471	51.1693	0	0	0
-2.977297	51.069309	0	0	0
-2.976123	50.969315	0	0	0
-2.97495	50.86932	0	0	0
-2.973776	50.769329	0	0	0
-2.972603	50.669334	0	0	0
-2.971429	50.569344	0	0	0
-2.970255	50.469349	0	0	0
-2.969082	50.369354	0	0	0
-2.967908	50.269363	0	0	0
-2.966735	50.169369	0	0	0
-2.965561	50.069378	0	0	0
-2.964387	49.969383	0	0	0
-2.963214	49.869389	0	0	0
-2.96204	49.769398	0	0	0
-2.960867	49.669403	0	0	0
-2.959693	49.569412	0	0	0
-2.958519	49.469418	0	0	0
-2.957346	49.369423	0	0	0
-2.956172	49.269432	0	0	0
-2.954999	49.169437	0	0	0
-2.953825	49.069447	0	0	0
-2.952652	48.969452	0	0	0
-2.951478	48.869461	0	0	0
-2.950305	48.769466	0	0	0
-2.949131	48.669472	0	0	0
-2.947957	48.569481	0	0	0
-2.946784	48.469486	0	0	0
-2.94561	48.369495	0	0	0
-2.944437	48.269501	0	0	0
-2.943263	48.169506	0	0	0
-2.942089	48.069515	0	0	0
-2.940916	47.969521	0	0	0
-2.939742	47.86953	0	0	0
-2.938569	47.769535	0	0	0
-2.937395	47.66954	0	0	0
-2.936221	47.56955	0	0	0
-2.935048	47.469555	0	0	0
-2.933874	47.369564	0	0	0
-2.932701	47.269569	0	0	0
-2.931527	47.169575	0	0	0
-2.930353	47.069584	0	0	0
-2.92918	46.969589	0	0	0
-2.928006	46.869598	0	0	0
-2.926833	46.769604	0	0	0
-2.925659	46.669609	0	0	0
-2.924485	46.569618	0	0	0
-2.923312	46.469624	0	0	0
-2.922138	46.369633	0	0	0
-2.920965	46.269638	0	0	0
-2.919791	46.169643	0	0	0
-2.918617	46.069653	0	0	0
-2.917444	45.969658	0	0	0
-2.91627	45.869667	0	0	0
-2.915097	45.769672	0	0	0
-2.913923	45.669678	0	0	0
-2.91275	45.569687	0	0	0
-2.911576	45.469692	0	0	0
-2.910402	45.369701	0	0	0
-2.909229	45.269707	0	0	0
-2.908055	45.169716	0	0	0
-2.906882	45.069721	0	0	0
-2.905708	44.969727	0	0	0
-2.904534	44.869736	0	0	0
-2.903361	44.769741	0	0	0
-2.902187	44.66975	0	0	0
-2.901014	44.569756	0	0	0
-2.89984	44.469761	0	0	0
-2.898666	44.36977	0	0	0
-2.897493	44.269775	0	0	0
-2.896319	44.169785	0	0	0
-2.895146	44.06979	0	0	0
-2.893972	43.969795	0	0	0
-2.892798	43.869804	0	0	0
-2.891625	43.76981	0	0	0
-2.890451	43.669819	0	0	0
-2.889278	43.569824	0	0	0
-2.888104	43.46983	0	0	0
-2.88693	43.369839	0	0	0
-2.885757	43.269844	0	0	0
-2.884583	43.169853	0	0	0
-2.88341	43.069859	0	0	0
-2.882236	42.969864	0	0	0
-2.881063	42.869873	0	0	0
-2.879889	42.769878	0	0	0
-2.878716	42.669888	0	0	0
-2.877542	42.569893	0	0	0
-2.876368	42.469898	0	0	0
-2.875195	42.369907	0	0	0
-2.874021	42.269913	0	0	0
-2.872848	42.169922	0	0	0
-2.871674	42.069927	0	0	0
-2.8705	41.969933	0	0	0
-2.869327	41.869942	0	0	0
-2.868153	41.769947	0	0	0
-2.86698	41.669956	0	0	0
-2.865806	41.569962	0	0	0
-2.864632	41.469971	0	0	0
-2.863459	41.369976	0	0	0
-2.862285	41.269981	0	0	0
-2.861112	41.169991	0	0	0
-2.859938	41.069996	0	0	0
-2.858764	40.970005	0	0	0
-2.857591	40.87001	0	0	0
-2.856417	40.770016	0	0	0
-2.855244	40.670025	0	0	0
-2.85407	40.57003	0	0	0
-2.852896	40.470039	0	0	0
-2.851723	40.370045	0	0	0
-2.850549	40.27005	0	0	0
-2.849376	40.170059	0	0	0
-2.848202	40.070065	0	0	0
-2.847028	39.970074	0	0	0
-2.845855	39.870079	0	0	0
-2.844681	39.770084	0	0	0
-2.843508	39.670094	0	0	0
-2.842334	39.570099	0	0	0
-2.841161	39.470108	0	0	0
-2.839987	39.370113	0	0	0
-2.838813	39.270119	0	0	0
-2.83764	39.170128	0	0	0
-2.836466	39.070133	0	0	0
-2.835293	38.970142	0	0	0
-2.834119	38.870148	0	0	0
-2.832945	38.770153	0	0	0
-2.831772	38.670162	0	0	0
-2.830598	38.570168	0	0	0
-2.829425	38.470177	0	0	0
-2.828251	38.370182	0	0	0
-2.827077	38.270187	0	0	0
-2.825904	38.170197	0	0	0
-2.82473	38.070202	0	0	0
-2.823557	37.970211	0	0	0
-2.822383	37.870216	0	0	0
-2.821209	37.770226	0	0	0
-2.820036	37.670231	0	0	0
-2.818862	37.570236	0	0	0
-2.817689	37.470245	0	0	0
-2.816515	37.370251	0	0	0
-2.815341	37.27026	0	0	0
-2.814168	37.170265	0	0	0
-2.812994	37.070271	0	0	0
-2.811821	36.97028	0	0	0
-2.810647	36.870285	0	0	0
-2.809474	36.770294	0	0	0
-2.8083	36.6703	0	0	0
-2.807127	36.570305	0	0	0
-2.805953	36.470314	0	0	0
-2.804779	36.370319	0	0	0
-2.803606	36.270329	0	0	0
-2.802432	36.170334	0	0	0
-2.801259	36.070339	0	0	0
-2.800085	35.970348	0	0	0
-2.798911	35.870354	0	0	0
-2.797738	35.770363	0	0	0
-2.796564	35.670368	0	0	0
-2.795391	35.570374	0	0	0
-2.794217	35.470383	0	0	0
-2.793043	35.370388	0	0	0
-2.79187	35.270397	0	0	0
-2.790696	35.170403	0	0	0
-2.789523	35.070408	0	0	0
-2.788349	34.970417	0	0	0
-2.787175	34.870422	0	0	0
-2.786002	34.770432	0	0	0
-2.784828	34.670437	0	0	0
-2.783655	34.570442	0	0	0
-2.782481	34.470451	0	0	0
-2.781307	34.370457	0	0	0
-2.780134	34.270466	0	0	0
-2.77896	34.170471	0	0	0
-2.777787	34.070477	0	0	0
-2.776613	33.970486	0	0	0
-2.775439	33.870491	0	0	0
-2.774266	33.7705	0	0	0
-2.773092	33.670506	0	0	0
-2.771919	33.570515	0	0	0
-2.770745	33.47052	0	0	0
-2.769571	33.370525	0	0	0
-2.768398	33.270535	0	0	0
-2.767224	33.17054	0	0	0
-2.766051	33.070549	0	0	0
-2.764877	32.970554	0	0	0
-2.763703	32.87056	0	0	0
-2.76253	32.770569	0	0	0
-2.761356	32.670574	0	0	0
-2.760183	32.570583	0	0	0
-2.759009	32.470589	0	0	0
-2.757836	32.370594	0	0	0
-2.756662	32.270603	0	0	0
-2.755488	32.170609	0	0	0
-2.754315	32.070618	0	0	0
-2.753141	31.970621	0	0	0
-2.751968	31.87063	0	0	0
-2.750794	31.770638	0	0	0
-2.74962	31.670643	0	0	0
-2.748447	31.57065	0	0	0
-2.747273	31.470657	0	0	0
-2.7461	31.370665	0	0	0
-2.744926	31.270672	0	0	0
-2.743752	31.170679	0	0	0
-2.742579	31.070684	0	0	0
-2.741405	30.970692	0	0	0
-2.740232	30.870699	0	0	0
-2.739058	30.770706	0	0	0
-2.737885	30.670713	0	0	0
-2.736711	30.570719	0	0	0
-2.735537	30.470726	0	0	0
-2.734364	30.370733	0	0	0
-2.73319	30.270741	0	0	0
-2.732017	30.170748	0	0	0
-2.730843	30.070753	0	0	0
-2.729669	29.97076	0	0	0
-2.728496	29.870768	0	0	0
-2.727322	29.770775	0	0	0
-2.726149	29.670782	0	0	0
-2.724975	29.570787	0	0	0
-2.723801	29.470795	0	0	0
-2.722628	29.370802	0	0	0
-2.721454	29.270809	0	0	0
-2.720281	29.170816	0	0	0
-2.719107	29.070824	0	0	0
-2.717933	28.970829	0	0	0
-2.71676	28.870836	0	0	0
-2.715586	28.770844	0	0	0
-2.714413	28.670851	0	0	0
-2.713239	28.570858	0	0	0
-2.712065	28.470863	0	0	0
-2.710892	28.370871	0	0	0
-2.709718	28.270878	0	0	0
-2.708545	28.170885	0	0	0
-2.707371	28.070892	0	0	0
-2.706198	27.970898	0	0	0
-2.705024	27.870905	0	0	0
-2.70385	27.770912	0	0	0
-2.702677	27.670919	0	0	0
-2.701503	27.570927	0	0	0
-2.70033	27.470934	0	0	0
-2.699156	27.370939	0	0	0
-2.697982	27.270947	0	0	0
-2.696809	27.170954	0	0	0
-2.695635	27.070961	0	0	0
-2.694462	26.970968	0	0	0
-2.693288	26.870974	0	0	0
-2.692114	26.770981	0	0	0
-2.690941	26.670988	0	0	0
-2.689767	26.570995	0	0	0
-2.688594	26.471003	0	0	0
-2.68742	26.371008	0	0	0
-2.686246	26.271015	0	0	0
-2.685073	26.171022	0	0	0
-2.683899	26.07103	0	0	0
-2.682726	25.971037	0	0	0
-2.681552	25.871042	0	0	0
-2.680378	25.771049	0	0	0
-2.679205	25.671057	0	0	0
-2.678031	25.571064	0	0	0
-2.676858	25.471071	0	0	0
-2.675684	25.371078	0	0	0
-2.67451	25.271084	0	0	0
-2.673337	25.171091	0	0	0
-2.672163	25.071098	0	0	0
-2.67099	24.971106	0	0	0
-2.669816	24.871113	0	0	0
-2.668643	24.771118	0	0	0
-2.667469	24.671125	0	0	0
-2.666296	24.571133	0	0	0
-2.665122	24.47114	0	0	0
-2.663948	24.371147	0	0	0
-2.662775	24.271152	0	0	0
-2.661601	24.17116	0	0	0
-2.660428	24.071167	0	0	0
-2.659254	23.971174	0	0	0
-2.65808	23.871181	0	0	0
-2.656907	23.771187	0	0	0
-2.655733	23.671194	0	0	0
-2.65456	23.571201	0	0	0
-2.653386	23.471209	0	0	0
-2.652212	23.371216	0	0	0
-2.651039	23.271223	0	0	0
-2.649865	23.171228	0	0	0
-2.648692	23.071236	0	0	0
-2.647518	22.971243	0	0	0
-2.646344	22.87125	0	0	0
-2.645171	22.771257	0	0	0
-2.643997	22.671263	0	0	0
-2.642824	22.57127	0	0	0
-2.64165	22.471277	0	0	0
-2.640476	22.371284	0	0	0
-2.639303	22.271292	0	0	0
-2.638129	22.171297	0	0	0
-2.636956	22.071304	0	0	0
-2.635782	21.971312	0	0	0
-2.634609	21.871319	0	0	0
-2.633435	21.771326	0	0	0
-2.632261	21.671333	0	0	0
-2.631088	21.571339	0	0	0
-2.629914	21.471346	0	0	0
-2.628741	21.371353	0	0	0
-2.627567	21.27136	0	0	0
-2.626393	21.171368	0	0	0
-2.62522	21.071373	0	0	0
-2.624046	20.97138	0	0	0
-2.622873	20.871387	0	0	0
-2.621699	20.771395	0	0	0
-2.620525	20.671402	0	0	0
-2.619352	20.571407	0	0	0
-2.618178	20.471415	0	0	0
-2.617005	20.371422	0	0	0
-2.615831	20.271429	0	0	0
-2.614657	20.171436	0	0	0
-2.613484	20.071442	0	0	0
-2.61231	19.971449	0	0	0
-2.611137	19.871456	0	0	0
-2.609963	19.771463	0	0	0
-2.608789	19.671471	0	0	0
-2.607616	19.571478	0	0	0
-2.606442	19.471483	0	0	0
-2.605269	19.37149	0	0	0
-2.604095	19.271498	0	0	0
-2.602921	19.171505	0	0	0
-2.601748	19.071512	0	0	0
-2.600574	18.971518	0	0	0
-2.599401	18.871525	0	0	0
-2.598227	18.771532	0	0	0
-2.597054	18.671539	0	0	0
-2.59588	18.571547	0	0	0
-2.594707	18.471552	0	0	0
-2.593533	18.371559	0	0	0
-2.592359	18.271566	0	0	0
-2.591186	18.171574	0	0	0
-2.590012	18.071581	0	0	0
-2.588839	17.971588	0	0	0
-2.587665	17.871593	0	0	0
-2.586491	17.771601	0	0	0
-2.585318	17.671608	0	0	0
-2.584144	17.571615	0	0	0
-2.582971	17.471622	0	0	0
-2.581797	17.371628	0	0	0
-2.580623	17.271635	0	0	0
-2.57945	17.171642	0	0	0
-2.578276	17.07165	0	0	0
-2.577103	16.971657	0	0	0
-2.575929	16.871662	0	0	0
-2.574755	16.771669	0	0	0
-2.573582	16.671677	0	0	0
-2.572408	16.571684	0	0	0
-2.571235	16.471691	0	0	0
-2.570061	16.371696	0	0	0
-2.568887	16.271704	0	0	0
-2.567714	16.171711	0	0	0
-2.56654	16.071718	0	0	0
-2.565367	15.971726	0	0	0
-2.564193	15.871733	0	0	0
-2.56302	15.77174	0	0	0
-2.561846	15.671746	0	0	0
-2.560672	15.571754	0	0	0
-2.559499	15.471761	0	0	0
-2.558325	15.371767	0	0	0
-2.557152	15.271774	0	0	0
-2.555978	15.171781	0	0	0
-2.554804	15.071788	0	0	0
-2.553631	14.971795	0	0	0
-2.552457	14.871801	0	0	0
-2.551284	14.771809	0	0	0
-2.55011	14.671816	0	0	0
-2.548936	14.571822	0	0	0
-2.547763	14.471829	0	0	0
-2.546589	14.371836	0	0	0
-2.545416	14.271843	0	0	0
-2.544242	14.17185	0	0	0
-2.543068	14.071856	0	0	0
-2.541895	13.971864	0	0	0
-2.540721	13.871871	0	0	0
-2.539548	13.771877	0	0	0
-2.538374	13.671885	0	0	0
-2.5372	13.571891	0	0	0
-2.536027	13.471898	0	0	0
-2.534853	13.371905	0	0	0
-2.53368	13.271912	0	0	0
-2.532506	13.171919	0	0	0
-2.531332	13.071925	0	0	0
-2.530159	12.971932	0	0	0
-2.528986	12.87194	0	0	0
-2.527812	12.771946	0	0	0
-2.526638	12.671953	0	0	0
-2.525465	12.57196	0	0	0
-2.524291	12.471967	0	0	0
-2.523118	12.371974	0	0	0
-2.521944	12.27198	0	0	0
-2.52077	12.171988	0	0	0
-2.519597	12.071995	0	0	0
-2.518423	11.972001	0	0	0
-2.51725	11.872008	0	0	0
-2.516076	11.772016	0	0	0
-2.514902	11.672022	0	0	0
-2.513729	11.572029	0	0	0
-2.512555	11.472035	0	0	0
-2.511382	11.372043	0	0	0
-2.510208	11.27205	0	0	0
-2.509034	11.172056	0	0	0
-2.507861	11.072063	0	0	0
-2.506687	10.972071	0	0	0
-2.505514	10.872077	0	0	0
-2.50434	10.772084	0	0	0
-2.503166	10.672091	0	0	0
-2.501993	10.572098	0	0	0
-2.500819	10.472105	0	0	0
-2.499646	10.372111	0	0	0
-2.498472	10.272119	0	0	0
-2.497298	10.172125	0	0	0
-2.496125	10.072132	0	0	0
-2.494951	9.972139	0	0	0
-2.493778	9.872146	0	0	0
-2.492604	9.772153	0	0	0
-2.491431	9.67216	0	0	0
-2.490257	9.572166	0	0	0
-2.489083	9.472174	0	0	0
-2.48791	9.37218	0	0	0
-2.486736	9.272187	0	0	0
-2.485563	9.172194	0	0	0
-2.484389	9.072201	0	0	0
-2.483215	8.972208	0	0	0
-2.482042	8.872215	0	0	0
-2.480868	8.772222	0	0	0
-2.479695	8.672229	0	0	0
-2.478521	8.572235	0	0	0
-2.477347	8.472242	0	0	0
-2.476174	8.37225	0	0	0
-2.475	8.272256	0	0	0
-2.473827	8.172263	0	0	0
-2.472653	8.07227	0	0	0
-2.471479	7.972276	0	0	0
-2.470306	7.872284	0	0	0
-2.469132	7.772291	0	0	0
-2.467959	7.672297	0	0	0
-2.466785	7.572304	0	0	0
-2.465611	7.472311	0	0	0
-2.464438	7.372318	0	0	0
-2.463264	7.272325	0	0	0
-2.462091	7.172332	0	0	0
-2.460917	7.072339	0	0	0
-2.459743	6.972346	0	0	0
-2.45857	6.872353	0	0	0
-2.457397	6.772359	0	0	0
-2.456223	6.672366	0	0	0
-2.455049	6.572373	0	0	0
-2.453876	6.47238	0	0	0
-2.452702	6.372387	0	0	0
-2.451529	6.272394	0	0	0
-2.450355	6.172401	0	0	0
-2.449181	6.072408	0	0	0
-2.448008	5.972414	0	0	0
-2.446834	5.872421	0	0	0
-2.445661	5.772429	0	0	0
-2.444487	5.672435	0	0	0
-2.443313	5.572442	0	0	0
-2.44214	5.472449	0	0	0
-2.440966	5.372456	0	0	0
-2.439793	5.272463	0	0	0
-2.438619	5.17247	0	0	0
-2.437445	5.072476	0	0	0
-2.436272	4.972484	0	0	0
-2.435098	4.87249	0	0	0
-2.433925	4.772497	0	0	0
-2.432751	4.672504	0	0	0
-2.431577	4.572511	0	0	0
-2.430404	4.472518	0	0	0
-2.42923	4.372525	0	0	0
-2.428057	4.272532	0	0	0
-2.426883	4.172539	0	0	0
-2.425709	4.072546	0	0	0
-2.424536	3.972552	0	0	0
-2.423362	3.872559	0	0	0
-2.422189	3.772566	0	0	0
-2.421015	3.672573	0	0	0
-2.419841	3.572579	0	0	0
-2.418668	3.472586	0	0	0
-2.417494	3.372593	0	0	0
-2.416321	3.2726	0	0	0
-2.415147	3.172607	0	0	0
-2.413973	3.072614	0	0	0
-2.4128	2.972621	0	0	0
-2.411626	2.872627	0	0	0
-2.410453	2.772635	0	0	0
-2.409279	2.672641	0	0	0
-2.408105	2.572648	0	0	0
-2.406932	2.472655	0	0	0
-2.405758	2.372662	0	0	0
-2.404585	2.272669	0	0	0
-2.403411	2.172676	0	0	0
-2.402237	2.072683	0	0	0
-2.401064	1.97269	0	0	0
-2.39989	1.872697	0	0	0
-2.398717	1.772704	0	0	0
-2.397543	1.67271	0	0	0
-2.396369	1.572717	0	0	0
-2.395196	1.472724	0	0	0
-2.394022	1.372731	0	0	0
-2.392849	1.272738	0	0	0
-2.391675	1.172745	0	0	0
-2.390501	1.072752	0	0	0
-2.389328	0.972759	0	0	0
-2.388155	0.872765	0	0	0
-2.386981	0.772772	0	0	0
-2.385807	0.672779	0	0	0
-2.384634	0.572786	0	0	0
-2.38346	0.472793	0	0	0
-2.382287	0.3728	0	0	0
-2.381113	0.272807	0	0	0
-2.379939	0.172814	0	0	0
-2.378766	0.072821	0	0	0
-2.377592	-0.027173	0	0	0
-2.376418	-0.127216	0	0	0
