-0.027000000000001	2.35250000000001	1	1	-1.57133279773193
-0.0270536634636827	2.25246949540118	1	1	-1.56877553875473
-0.0268515231248259	2.15243918064935	1	1	-1.56621827977744
-0.0263935803053315	2.05240970989979	1	1	-1.56366102080018
-0.0256798379999523	1.95238173730219	1	1	-1.56110376182281
-0.0247103008762437	1.85235591699648	1	1	-1.55854650284559
-0.0234849752745774	1.7523329031085	1	1	-1.5559892438683
-0.0220038692080493	1.65231334974575	1	1	-1.55343198489104
-0.0202669923624583	1.55229791099308	1	1	-1.55087472591373
-0.018274356096228	1.45228724090847	1	1	-1.54831746693643
-0.0160259734403425	1.35228199351866	1	1	-1.54576020795918
-0.0135218590982618	1.25228282281496	1	1	-1.54320294898189
-0.0107620294458144	1.15229038274896	1	1	-1.54064569000461
-0.00774650253109854	1.05230532722818	1	1	-1.53808843102736
-0.00447529807436808	0.95232831011192	1	1	-1.5355311720501
-0.000948437467890528	0.852359985206834	1	1	-1.53297391307277
0.00283405622418798	0.752401006262807	1	1	-1.53041665409545
0.00687215826598475	0.652452026968553	1	1	-1.5278593951182
0.011165842250044	0.552513700947394	1	1	-1.5253021361409
0.0157150800975216	0.452586681753034	1	1	-1.52274487716372
0.0205198420583486	0.352671622865165	1	1	-1.52018761818636
0.0255800967114652	0.252769177685337	1	1	-1.51763035920905
0.030895810964978	0.152879999532538	1	1	-1.51507310023181
0.0364669500563934	0.0530047416390684	1	1	-1.51251584125457
0.0422934775528603	-0.0468559428538757	1	1	-1.50995858227722
0.0483753553514035	-0.146701400900332	1	1	-1.50740132329994
0.0547125436791518	-0.246530979553964	1	1	-1.50484406432271
0.0613050010936149	-0.34634402597228	1	1	-1.50228680534536
0.0681526844829676	-0.44613988742085	1	1	-1.49972954636816
0.0752555490662914	-0.545917911277697	1	1	-1.49717228739079
0.0826135483939225	-0.645677445037421	1	1	-1.49461502841353
0.090226634347701	-0.745417836315614	1	1	-1.49205776943632
0.0980947571413111	-0.845138432852977	1	1	-1.48950051045897
0.10621786532063	-0.944838582519716	1	1	-1.48694325148173
0.114595905764013	-1.04451763331975	1	1	-1.48438599250446
0.12322882368268	-1.14417493339492	1	1	-1.48182873352711
0.132116562621071	-1.24380983102938	1	1	-1.47927147454988
0.141259064457181	-1.34342167465372	1	1	-1.47671421557261
0.150656269402987	-1.44300981284935	1	1	-1.47415695659529
0.160308116004813	-1.54257359435266	1	1	-1.47159969761797
0.170214541143736	-1.64211236805936	1	1	-1.46904243864081
0.180375480035977	-1.74162548302865	1	1	-1.46648517966347
0.190790866233385	-1.84111228848757	1	1	-1.46392792068613
0.201460631623817	-1.94057213383523	1	1	-1.46137066170891
0.212384706431578	-2.04000436864697	1	1	-1.45881340273165
0.223563019217927	-2.13940834267878	1	1	-1.45625614375431
0.23499549688151	-2.23878340587139	1	1	-1.45369888477704
0.246682064658835	-2.33812890835465	1	1	-1.4511416257998
0.25862264612477	-2.43744420045168	1	1	-1.44858436682248
0.270817163193058	-2.5367286326832	1	1	-1.44602710784525
0.283265536116794	-2.63598155577173	1	1	-1.44346984886795
0.295967683488975	-2.73520232064581	1	1	-1.44091258989064
0.308923522243028	-2.83439027844436	1	1	-1.43835533091334
0.322132967653332	-2.93354478052074	1	1	-1.43579807193609
0.335595933335796	-3.0326651784472	1	1	-1.43324081295881
0.349312331248413	-3.13175082401893	1	1	-1.43068355398155
0.363282071691842	-3.23080106925845	1	1	-1.42812629500424
0.377505063309989	-3.32981526641973	1	1	-1.42556903602699
0.391981213090602	-3.42879276799252	1	1	-1.42301177704967
0.406710426365898	-3.52773292670655	1	1	-1.42045451807241
0.421692606813146	-3.6266350955357	1	1	-1.4178972590951
0.436927656455339	-3.72549862770235	1	1	-1.4153400001179
0.452415475661788	-3.82432287668149	1	1	-1.41278274114055
0.468155963148838	-3.92310719620507	1	1	-1.41022548216321
0.484149015980464	-4.02185094026609	1	1	-1.40766822318604
0.500394529568965	-4.12055346312296	1	1	-1.40511096420871
0.516892397675683	-4.21921411930361	1	1	-1.40255370523144
0.533642512411653	-4.3178322636098	1	1	-1.39999644625417
0.550644764238328	-4.41640725112128	1	1	-1.39743918727683
0.567899041968296	-4.5149384372	1	1	-1.39488192829965
0.585405232765993	-4.61342517749442	1	1	-1.39232466932228
0.603163222148474	-4.71186682794359	1	1	-1.38976741034505
0.621172893986113	-4.81026274478146	1	1	-1.38721015136774
0.63943413050341	-4.90861228454105	1	1	-1.38465289239043
0.657946812279732	-5.00691480405867	1	1	-1.38209563341324
0.676710818250093	-5.10516966047814	1	1	-1.3795383744359
0.695726025705973	-5.20337621125492	1	1	-1.37698111545861
0.714992310296097	-5.30153381416045	1	1	-1.3744238564814
0.734509546027233	-5.39964182728618	1	1	-1.37186659750399
0.754277605265081	-5.49769960904793	1	1	-1.36930933852678
0.774296358735008	-5.59570651818995	1	1	-1.36675207954958
0.794565675522982	-5.69366191378924	1	1	-1.36419482057221
0.815085423076404	-5.79156515525963	1	1	-1.36163756159493
0.835855467204937	-5.88941560235601	1	1	-1.35908030261763
0.856875672081436	-5.98721261517858	1	1	-1.35652304364039
0.878145900242785	-6.08495555417689	1	1	-1.35396578466314
0.899666012590849	-6.18264378015419	1	1	-1.35140852568578
0.921435868393353	-6.28027665427147	1	1	-1.34885126670852
0.943455325284802	-6.37785353805176	1	1	-1.34629400773126
0.965724239267409	-6.47537379338417	1	1	-1.34373674875393
0.988242464712066	-6.57283678252819	1	1	-1.34117948977675
1.01100985435925	-6.6702418681178	1	1	-1.33862223079937
1.03402625932004	-6.76758841316561	1	1	-1.3360649718222
1.05729152907703	-6.8648757810671	1	1	-1.33350771284478
1.08080551148538	-6.9621033356047	1	1	-1.33095045386754
1.10456805277375	-7.05927044095206	1	1	-1.32839319489032
1.12857899754533	-7.15637646167807	1	1	-1.32583593591304
1.15283818877888	-7.25342076275114	1	1	-1.32327867693572
1.17734546782972	-7.35040270954325	1	1	-1.32072141795837
1.20210067443079	-7.44732166783419	1	1	-1.31816415898124
1.22710364669367	-7.54417700381568	1	1	-1.31560690000389
1.25235422110969	-7.64096808409545	1	1	-1.31304964102652
1.27785223255096	-7.73769427570148	1	1	-1.31049238204941
1.30359751427142	-7.83435494608606	1	1	-1.30793512307199
1.32958989790804	-7.93094946313001	1	1	-1.30537786409478
1.35582921348178	-8.0274771951467	1	1	-1.30282060511745
1.38231528939882	-8.1239375108863	1	1	-1.30026334614027
1.40904795245159	-8.2203297795398	1	1	-1.29770608716289
1.43602702782	-8.31665337074325	1	1	-1.29514882818554
1.4632523390725	-8.4129076545818	1	1	-1.29259156920841
1.49072370816723	-8.50909200159379	1	1	-1.29003431023101
1.51844095545329	-8.605205782775	1	1	-1.28747705125386
1.54640389967177	-8.70124836958261	1	1	-1.28491979227647
1.57461235795707	-8.79721913393942	1	1	-1.28236253329925
1.60306614583799	-8.89311744823792	1	1	-1.2798052743219
1.631765077239	-8.98894268534435	1	1	-1.27724801534465
1.66070896448143	-9.0846942186029	1	1	-1.27469075636738
1.6898976182847	-9.1803714218397	1	1	-1.27213349739018
1.71933084776757	-9.27597366936702	1	1	-1.26957623841276
1.74900846044939	-9.37150033598724	1	1	-1.26701897943552
1.77893026225133	-9.46695079699709	1	1	-1.26446172045831
1.80909605749766	-9.56232442819156	1	1	-1.26190446148091
1.83950564891708	-9.65762060586815	1	1	-1.25934720250374
1.87015883764392	-9.75283870683085	1	1	-1.25678994352645
1.90105542321951	-9.8479781083942	1	1	-1.25423268454909
1.93219520359349	-9.94303818838747	1	1	-1.25167542557193
1.96357797512506	-10.0380183251586	1	1	-1.24911816659437
1.99520353258442	-10.1329178975783	1	1	-1.24656090761742
2.027071669154	-10.2277362850443	1	1	-1.24400364863992
2.05918217642991	-10.322472867485	1	1	-1.24144638966276
2.09153484442324	-10.417127025364	1	1	-1.23888913068539
2.12412946156144	-10.5116981396837	1	1	-1.23633187170812
2.15696581468976	-10.6061855919898	1	1	-1.23377461273108
2.19004368907255	-10.700588764375	1	1	-1.23121735375382
2.22336286839474	-10.7949070394831	1	1	-1.22866009477621
2.25692313476325	-10.8891398005131	1	1	-1.2261028357989
2.29072426870835	-10.9832864312233	1	1	-1.22354557682185
2.32476604918516	-11.0773463159353	1	1	-1.22098831784455
2.3590482535751	-11.1713188395379	1	1	-1.21843105886722
2.39357065768726	-11.2652033874911	1	1	-1.21587379988979
2.42833303576	-11.3589993458304	1	1	-1.21331654091262
2.4633351604623	-11.4527061011706	1	1	-1.21075928193536
2.49857680289532	-11.5463230407098	1	1	-1.20820202295804
2.53405773259389	-11.6398495522335	1	1	-1.20564476398085
2.56977771752796	-11.7332850241185	1	1	-1.2030875050034
2.60573652410422	-11.826628845337	1	1	-1.2005302460263
2.64193391716752	-11.9198804054606	1	1	-1.19797298704898
2.6783696600025	-12.0130390946642	1	1	-1.19541572807173
2.71504351433505	-12.10610430373	1	1	-1.19285846909413
2.75195524033395	-12.1990754240515	1	1	-1.19030121011747
2.78910459661238	-12.2919518476378	1	1	-1.18774395113966
2.82649134022952	-12.3847329671167	1	1	-1.18518669216243
2.86411522669217	-12.4774181757398	1	1	-1.18262943318544
2.90197600995627	-12.5700068673857	1	1	-1.18007217420805
2.94007344242859	-12.6624984365641	1	1	-1.1775149152305
2.97840727496832	-12.7548922784199	1	1	-1.17495765625347
3.01697725688866	-12.8471877887372	1	1	-1.17240039727602
3.05578313595854	-12.939384363943	1	1	-1.16984313829912
3.09482465840416	-13.0314814011114	1	1	-1.16728587932148
3.1341015689108	-13.1234782979673	1	1	-1.16472862034415
3.17361361062434	-13.2153744528906	1	1	-1.16217136136742
3.21336052515301	-13.3071692649201	1	1	-1.15961410238932
3.2533420525691	-13.3988621337569	1	1	-1.15705684341268
3.2935579314106	-13.4904524597694	1	1	-1.15449958443519
3.33400789868298	-13.5819396439961	1	1	-1.15194232545797
3.37469168986084	-13.6733230881502	1	1	-1.14938506648044
3.41560903888968	-13.7646021946232	1	1	-1.14682780750328
3.45675967818764	-13.8557763664891	1	1	-1.14427054852599
3.49814333864724	-13.946845007508	1	1	-1.14171328954904
3.53975974963712	-14.0378075221302	1	1	-1.13915603057152
3.58160863900388	-14.1286633154999	1	1	-1.13659877159383
3.62368973307376	-14.2194117934592	1	1	-1.134041512617
3.66600275665451	-14.3100523625523	1	1	-1.13148425363993
3.70854743303715	-14.4005844300288	1	1	-1.12892699466215
3.75132348399782	-14.4910074038478	1	1	-1.12636973568536
3.79433062979951	-14.5813206926821	1	1	-1.12381247670749
3.83756858919399	-14.6715237059214	1	1	-1.12125521773072
3.88103707942363	-14.7616158536771	1	1	-1.11869795875309
3.92473581622315	-14.851596546785	1	1	-1.11614069977598
3.96866451382166	-14.9414651968103	1	1	-1.11358344079845
4.01282288494433	-15.0312212160505	1	1	-1.11102618182159
4.05721064081441	-15.12086401754	1	1	-1.10846892284438
4.10182749115509	-15.2103930150534	1	1	-1.10591166386662
4.14667314419134	-15.2998076231094	1	1	-1.10335440488963
4.19174730665188	-15.3891072569751	1	1	-1.10079714591214
4.23704968377108	-15.4782913326692	1	1	-1.09823988693523
4.28257997929086	-15.5673592669663	1	1	-1.09568262795762
4.32833789546269	-15.6563104774003	1	1	-1.09312536898035
4.37432313304947	-15.7451443822686	1	1	-1.09056811000325
4.42053539132752	-15.8338604006357	1	1	-1.08801085102578
4.46697436808854	-15.9224579523369	1	1	-1.08545359204845
4.51363975964162	-16.0109364579824	1	1	-1.0828963330712
4.56053126081515	-16.0992953389608	1	1	-1.08033907409438
4.60764856495887	-16.1875340174431	1	1	-1.07778181511646
4.6549913639459	-16.2756519163861	1	1	-1.07522455613943
4.70255934817468	-16.3636484595368	1	1	-1.07266729716254
4.75035220657106	-16.4515230714357	1	1	-1.07011003818455
4.7983696265903	-16.5392751774204	1	1	-1.06755277920782
4.84661129421911	-16.6269042036301	1	1	-1.06499552023015
4.89507689397775	-16.7144095770085	1	1	-1.06243826125304
4.94376610892204	-16.8017907253082	1	1	-1.05988100227619
4.99267862064544	-16.8890470770941	1	1	-1.05732374329823
5.04181410928118	-16.976178061747	1	1	-1.05476648432127
5.09117225350428	-17.0631831094679	1	1	-1.05220922534411
5.14075273053372	-17.1500616512812	1	1	-1.04965196636651
5.1905552161345	-17.2368131190385	1	1	-1.04709470738952
5.24057938461976	-17.3234369454226	1	1	-1.044537448412
5.290824908853	-17.4099325639509	1	1	-1.04198018943454
5.34129146025006	-17.4962994089792	1	1	-1.0394229304575
5.39197870878142	-17.5825369157056	1	1	-1.03686567148012
5.44288632297426	-17.6686445201738	1	1	-1.03430841250313
5.49401396991469	-17.7546216592772	1	1	-1.03175115352578
5.54536131524988	-17.8404677707622	1	1	-1.02919389454862
5.59692802319028	-17.9261822932322	1	1	-1.026636635571
5.6487137565118	-18.011764666151	1	1	-1.02407937659392
5.70071817655802	-18.0972143298468	1	1	-1.02152211761667
5.75294094324239	-18.1825307255155	1	1	-1.01896485863909
5.80538171505047	-18.2677132952245	1	1	-1.01640759966179
5.85804014904218	-18.3527614819165	1	1	-1.01385034068483
5.91091590085401	-18.437674729413	1	1	-1.01129308170738
5.96400862470129	-18.5224524824178	1	1	-1.00873582273031
6.01731797338042	-18.6070941865209	1	1	-1.00617856375285
6.0708435982712	-18.6915992882019	1	1	-1.00362130477552
6.12458514933906	-18.7759672348338	1	1	-1.00106404579811
6.17854227513737	-18.8601974746865	1	1	-0.99850678682141
6.23271462280974	-18.9442894569306	1	1	-0.995949527843729
6.2871018380923	-19.0282426316405	1	1	-0.993392268866334
6.34170356531606	-19.1120564497986	1	1	-0.990835009889369
6.39651944740923	-19.1957303632987	1	1	-0.988277750911606
6.45154912589949	-19.2792638249492	1	1	-0.985720491934532
6.5067922409164	-19.3626562884773	1	1	-0.983163232957447
6.56224843119378	-19.4459072085322	1	1	-0.980605973979986
6.61791733407198	-19.5290160406886	1	1	-0.978048715002734
6.67379858550031	-19.6119822414505	1	1	-0.975491456025583
6.72989182003945	-19.6948052682547	1	1	-0.972934197048068
6.78619667086373	-19.7774845794741	1	1	-0.970376938071213
6.84271276976366	-19.8600196344217	1	1	-0.967819679093438
6.89943974714827	-19.9424098933536	1	1	-0.965262420116722
6.95637723204751	-20.0246548174731	1	1	-0.962705161138925
7.01352485211473	-20.1067538689336	1	1	-0.960147902161749
7.07088223362906	-20.1887065108427	1	1	-0.957590643184611
7.12844900149791	-20.2705122072654	1	1	-0.955033384207514
7.18622477925935	-20.3521704232276	1	1	-0.952476125229588
7.24420918908468	-20.4336806247196	1	1	-0.949918866252951
7.30240185178076	-20.5150422786999	1	1	-0.947361607275115
7.36080238679262	-20.5962548530981	1	1	-0.944804348298447
7.41941041220589	-20.6773178168191	1	1	-0.942247089320836
7.47822554474927	-20.7582306397458	1	1	-0.939689830343431
7.53724739979711	-20.8389927927432	1	1	-0.937132571366511
7.59647559137184	-20.9196037476616	1	1	-0.934575312388744
7.65590973214657	-21.0000629773399	1	1	-0.932018053411831
7.71554943344759	-21.0803699556095	1	1	-0.929460794434389
7.7753943052569	-21.1605241572972	1	1	-0.926903535457083
7.83544395621476	-21.240525058229	1	1	-0.924346276480141
7.8956979936223	-21.3203721352335	1	1	-0.921789017502306
7.95615602344402	-21.400064866145	1	1	-0.919231758525572
8.01681765031041	-21.4796027298075	1	1	-0.916674499547681
8.07768247752053	-21.5589852060774	1	1	-0.914117240570938
8.13875010704456	-21.6382117758276	1	1	-0.911559981593428
8.20002013952648	-21.7172819209503	1	1	-0.909002722616019
8.26149217428665	-21.7961951243608	1	1	-0.906445463638826
8.32316580932438	-21.8749508700007	1	1	-0.903888204661771
8.38504064132061	-21.9535486428413	1	1	-0.901330945684656
8.44711626564058	-22.031987928887	1	1	-0.898773686707026
8.50939227633639	-22.1102682151785	1	1	-0.896216427729446
8.57186826614971	-22.1883889897964	1	1	-0.893659168752742
8.63454382651446	-22.2663497418646	1	1	-0.891101909774992
8.69741854755939	-22.3441499615531	1	1	-0.888544650798224
8.76049201811089	-22.4217891400821	1	1	-0.885987391820283
8.8237638256956	-22.4992667697246	1	1	-0.883430132843512
8.88723355654311	-22.5765823438104	1	1	-0.880872873866374
8.95090079558864	-22.6537353567288	1	1	-0.878315614888522
9.01476512647586	-22.7307253039322	1	1	-0.875758355911428
9.07882613155953	-22.8075516819396	1	1	-0.873201096934463
9.14308339190819	-22.8842139883395	1	1	-0.870643837957348
9.20753648730702	-22.9607117217934	1	1	-0.868086578979611
9.27218499626048	-23.0370443820389	1	1	-0.865529320002157
9.33702849599514	-23.1132114698933	1	1	-0.862972061025421
9.40206656246239	-23.1892124872567	1	1	-0.860414802047696
9.46729877034126	-23.265046937115	1	1	-0.857857543070722
9.53272469304115	-23.3407143235436	1	1	-0.855300284092744
9.59834390270467	-23.4162141517102	1	1	-0.852743025116083
9.66415597021042	-23.4915459278786	1	1	-0.850185766138945
9.73016046517577	-23.5667091594113	1	1	-0.847628507161074
9.79635695595973	-23.641703354773	1	1	-0.845071248184637
9.86274500966569	-23.7165280235341	1	1	-0.842513989206444
9.92932419214435	-23.7911826763732	1	1	-0.839956730229612
9.9960940679965	-23.8656668250812	1	1	-0.837399471252648
10.0630542005758	-23.9399799825637	1	1	-0.834842212275406
10.1302041519919	-24.0141216628447	1	1	-0.832284953297466
10.197543483113	-24.0880913810694	1	1	-0.829727694320155
10.2650717535687	-24.1618886535076	1	1	-0.827170435343341
10.3327885217532	-24.235512997557	1	1	-0.824613176366548
10.400693344828	-24.3089639317461	1	1	-0.822055917388239
10.4687857787248	-24.3822409757372	1	1	-0.819498658411464
10.5370653781483	-24.4553436503301	1	1	-0.816941399433574
10.6055316965793	-24.5282714774646	1	1	-0.814384140457407
10.6741842862775	-24.6010239802243	1	1	-0.811826881478873
10.7430226982846	-24.6736006828389	1	1	-0.80926962250261
10.8120464824268	-24.7460011106881	1	1	-0.806712363524881
10.8812551873184	-24.8182247903042	1	1	-0.804155104547415
10.9506483603642	-24.8902712493754	1	1	-0.801597845570323
11.0202255477627	-24.9621400167489	1	1	-0.799040586593533
11.0899862945089	-25.0338306224338	1	1	-0.796483327615672
11.1599301443977	-25.1053425976044	1	1	-0.793926068639019
11.2300566400263	-25.1766754746032	1	1	-0.791368809661009
11.3003653227976	-25.2478287869437	1	1	-0.78881155068382
11.3708557329231	-25.318802069314	1	1	-0.786254291706503
11.4415274094257	-25.3895948575792	1	1	-0.783697032729257
11.5123798901432	-25.4602066887851	1	1	-0.781139773752447
11.5834127117307	-25.5306371011606	1	1	-0.778582514774927
11.6546254096642	-25.6008856341211	1	1	-0.776025255797262
11.7260175182432	-25.6709518282713	1	1	-0.773467996820223
11.7975885705941	-25.7408352254086	1	1	-0.770910737842905
11.869338098673	-25.8105353685256	1	1	-0.768353478866301
11.9412656332687	-25.8800518018133	1	1	-0.765796219888552
12.0133707040062	-25.9493840706641	1	1	-0.763238960910586
12.0856528393494	-26.0185317216748	1	1	-0.760681701934845
12.158111566604	-26.0874943026496	1	1	-0.758124442955655
12.2307464119214	-26.1562713626027	1	1	-0.755567183979575
12.3035569003006	-26.2248624517618	1	1	-0.753009925002428
12.3765425555926	-26.2932671215708	1	1	-0.750452666023982
12.4497029005025	-26.3614849246923	1	1	-0.747895407048438
12.523037456593	-26.4295154150115	1	1	-0.745338148069266
12.5965457442879	-26.497358147638	1	1	-0.742780889092978
12.6702272828744	-26.5650126789097	1	1	-0.740223630116428
12.7440815905069	-26.632478566395	1	1	-0.737666371138346
12.8181081842102	-26.699755368896	1	1	-0.735109112160717
12.8923065798821	-26.7668426464513	1	1	-0.732551853183429
12.966676292297	-26.833739960339	1	1	-0.729994594207041
13.0412168351089	-26.9004468730795	1	1	-0.727437335229444
13.1159277208548	-26.9669629484382	1	1	-0.724880076251609
13.1908084609577	-27.0332877514286	1	1	-0.722322817274786
13.2658585657296	-27.099420848315	1	1	-0.71976555829735
13.3410775443752	-27.1653618066154	1	1	-0.717208299320123
13.4164649049947	-27.2311101951043	1	1	-0.714651040342691
13.4920201545872	-27.2966655838155	1	1	-0.712093781365379
13.5677427990539	-27.362027544045	1	1	-0.709536522388615
13.6436323432012	-27.4271956483537	1	1	-0.706979263411022
13.7196882907441	-27.4921694705701	1	1	-0.704422004433253
13.7959101443095	-27.5569485857934	1	1	-0.701864745456287
13.8722974054392	-27.6215325703961	1	1	-0.699307486479742
13.9488495745934	-27.6859210020268	1	1	-0.696750227501513
14.0255661511538	-27.7501134596126	1	1	-0.694192968524571
14.1024466334271	-27.8141095233627	1	1	-0.691635709547714
14.1794905186478	-27.8779087747702	1	1	-0.689078450569432
14.2566973029822	-27.9415107966154	1	1	-0.686521191592735
14.3340664815311	-28.0049151729686	1	1	-0.683963932615918
14.4115975483333	-28.0681214891924	1	1	-0.681406673638344
14.489289996369	-28.1311293319446	1	1	-0.678849414660727
14.567143317563	-28.193938289181	1	1	-0.676292155683435
14.6451570027881	-28.2565479501581	1	1	-0.673734896706053
14.7233305418683	-28.3189579054356	1	1	-0.671177637729703
14.8016634235822	-28.3811677468793	1	1	-0.668620378751016
14.8801551356667	-28.4431770676635	1	1	-0.666063119774663
14.9588051648195	-28.504985462274	1	1	-0.66350586079725
15.0376129967033	-28.5665925265104	1	1	-0.660948601819846
15.1165781159489	-28.6279978574891	1	1	-0.658391342843276
15.1957000061582	-28.6892010536456	1	1	-0.655834083864889
15.2749781499082	-28.7502017147372	1	1	-0.653276824888217
15.3544120287539	-28.810999441846	1	1	-0.650719565910643
15.4340011232319	-28.8715938373809	1	1	-0.648162306934056
15.5137449128637	-28.9319845050807	1	1	-0.645605047955314
15.5936428761593	-28.9921710500162	1	1	-0.643047788979618
15.6736944906203	-29.0521530785936	1	1	-0.640490530001848
15.7538992327436	-29.111930198556	1	1	-0.637933271024464
15.8342565780247	-29.1715020189868	1	1	-0.635376012047065
15.9147660009611	-29.2308681503119	1	1	-0.632818753069408
15.9954269750558	-29.2900282043023	1	1	-0.630261494092155
16.0762389728208	-29.3489817940768	1	1	-0.627704235115629
16.1572014657803	-29.4077285341043	1	1	-0.625146976137649
16.2383139244744	-29.4662680402062	1	1	-0.622589717161329
16.3195758184625	-29.5245999295595	1	1	-0.620032458183098
16.4009866163269	-29.5827238206986	1	1	-0.617475199206426
16.4825457856758	-29.6406393335183	1	1	-0.614917940229002
16.5642527931475	-29.6983460892761	1	1	-0.612360681251947
16.6461071044132	-29.7558437105946	1	1	-0.609803422273677
16.728108184181	-29.813131821464	1	1	-0.607246163296848
16.810255496199	-29.8702100472448	1	1	-0.604688904320506
16.8925485032591	-29.92707801467	1	1	-0.60213164534251
16.9749866672005	-29.9837353518474	1	1	-0.599574386364428
17.0575694489131	-30.0401816882624	1	1	-0.597017127387557
17.1402963083409	-30.0964166547803	1	1	-0.594459868411065
17.2231667044859	-30.1524398836487	1	1	-0.591902609433377
17.3061800954113	-30.2082510084996	1	1	-0.589345350456489
17.3893359382453	-30.2638496643524	1	1	-0.586788091478272
17.4726336891844	-30.3192354876156	1	1	-0.584230832501815
17.5560728034972	-30.37440811609	1	1	-0.581673573523892
17.6396527355277	-30.4293671889701	1	1	-0.579116314546678
17.7233729386991	-30.4841123468473	1	1	-0.576559055570105
17.8072328655173	-30.5386432317119	1	1	-0.574001796592347
17.8912319675744	-30.5929594869552	1	1	-0.571444537615353
17.9753696955525	-30.6470607573724	1	1	-0.56888727863724
18.059645499227	-30.7009466891643	1	1	-0.566330019660591
18.1440588274703	-30.7546169299402	1	1	-0.56377276068298
18.2286091282557	-30.8080711287198	1	1	-0.5612155017071
18.3132958486604	-30.8613089359357	1	1	-0.558658242727911
18.3981184348699	-30.9143300034353	1	1	-0.55610098375201
18.4830763321808	-30.9671339844839	1	1	-0.553543724773152
18.5681689850051	-31.0197205337659	1	1	-0.550986465796984
18.6533958368733	-31.0720893073881	1	1	-0.548429206819564
18.7387563304386	-31.1242399628812	1	1	-0.545871947842223
18.82424990748	-31.1761721592023	1	1	-0.543314688865548
18.9098760089062	-31.2278855567372	1	1	-0.540757429887775
18.9956340747595	-31.2793798173025	1	1	-0.538200170910276
19.081523544219	-31.3306546041479	1	1	-0.535642911933004
19.1675438556044	-31.3817095819583	1	1	-0.533085652956297
19.2536944463799	-31.4325444168562	1	1	-0.530528393978326
19.3399747531577	-31.4831587764035	1	1	-0.527971135001092
19.4263842117018	-31.5335523296042	1	1	-0.525413876024603
19.5129222569313	-31.5837247469061	1	1	-0.522856617046493
19.5995883229248	-31.6336757002031	1	1	-0.520299358069334
19.6863818429234	-31.6834048628375	1	1	-0.517742099092541
19.7733022493348	-31.732911909602	1	1	-0.515184840114465
19.860348973737	-31.7821965167417	1	1	-0.512627581138325
19.9475214468817	-31.8312583619566	1	1	-0.510070322159644
20.0348190986987	-31.8800971244032	1	1	-0.50751306318335
20.1222413582986	-31.9287124846971	1	1	-0.504955804205663
20.2097876539776	-31.9771041249147	1	1	-0.502398545228535
20.2974574132205	-32.0252717285955	1	1	-0.499841286251404
20.3852500627048	-32.0732149807441	1	1	-0.497284027273548
20.4731650283044	-32.1209335678322	1	1	-0.494726768296951
20.5612017350932	-32.1684271778009	1	1	-0.492169509319032
20.6493596073489	-32.2156955000622	1	1	-0.489612250341941
20.7376380685571	-32.2627382255018	1	1	-0.487054991365499
20.8260365414145	-32.3095550464805	1	1	-0.4844977323866
20.9145544478332	-32.3561456568362	1	1	-0.481940473410702
21.003191208944	-32.4025097518866	1	1	-0.479383214433375
21.0919462451008	-32.4486470284304	1	1	-0.476825955455298
21.1808189758837	-32.4945571847495	1	1	-0.474268696478092
21.2698088201034	-32.5402399206114	1	1	-0.471711437501424
21.3589151958044	-32.5856949372706	1	1	-0.469154178524363
21.4481375202695	-32.6309219374709	1	1	-0.466596919546153
21.537475210023	-32.675920625447	1	1	-0.464039660569624
21.6269276808348	-32.720690706927	1	1	-0.461482401591541
21.7164943477243	-32.7652318891337	1	1	-0.458925142614634
21.8061746249639	-32.809543880787	1	1	-0.456367883637864
21.8959679260833	-32.8536263921056	1	1	-0.453810624660248
21.9858736638728	-32.8974791348087	1	1	-0.451253365682759
22.0758912503877	-32.9411018221183	1	1	-0.448696106705314
22.1660200969515	-32.9844941687607	1	1	-0.446138847728288
22.2562596141604	-33.0276558909687	1	1	-0.44358158875145
22.3466092118869	-33.0705867064833	1	1	-0.441024329773924
22.4370682992832	-33.1132863345552	1	1	-0.438467070796316
22.527636284786	-33.1557544959473	1	1	-0.435909811818882
22.6183125761196	-33.1979909129361	1	1	-0.433352552841723
22.7090965803	-33.2399953093136	1	1	-0.430795293865161
22.7999877036389	-33.2817674103892	1	1	-0.428238034887192
22.8909853517473	-33.3233069429911	1	1	-0.425680775909582
22.98208892954	-33.3646136354688	1	1	-0.42312351693328
23.0732978412385	-33.4056872176943	1	1	-0.420566257955003
23.1646114903759	-33.4465274210639	1	1	-0.418008998978376
23.2560292798002	-33.4871339785004	1	1	-0.415451740001154
23.3475506116783	-33.5275066244543	1	1	-0.412894481024291
23.4391748875001	-33.5676450949059	1	1	-0.410337222045619
23.5309015080823	-33.6075491273667	1	1	-0.407779963069036
23.6227298735722	-33.6472184608817	1	1	-0.405222704092567
23.7146593834517	-33.6866528360305	1	1	-0.402665445114284
23.8066894365415	-33.7258519949291	1	1	-0.40010818613676
23.8988194310045	-33.7648156812319	1	1	-0.3975509271601
23.9910487643503	-33.8035436401333	1	1	-0.394993668182446
24.0833768334385	-33.8420356183689	1	1	-0.392436409205547
24.1758030344835	-33.8802913642179	1	1	-0.389879150228511
24.2683267630575	-33.9183106275041	1	1	-0.387321891250655
24.3609474140952	-33.9560931595978	1	1	-0.384764632273321
24.4536643818975	-33.9936387134176	1	1	-0.382207373296827
24.546477060135	-34.0309470434317	1	1	-0.379650114319025
24.6393848418529	-34.0680179056596	1	1	-0.377092855341362
24.7323871194742	-34.1048510576738	1	1	-0.374535596365033
24.8254832848041	-34.1414462586015	1	1	-0.371978337386651
24.9186727290337	-34.1778032691256	1	1	-0.369421078409742
25.011954842744	-34.213921851487	1	1	-0.366863819433271
25.1053290159102	-34.2498017694858	1	1	-0.364306560454591
25.1987946379053	-34.2854427884825	1	1	-0.361749301477892
25.2923510975044	-34.3208446754004	1	1	-0.359192042501253
25.3859977828885	-34.3560071987264	1	1	-0.356634783523072
25.4797340816484	-34.3909301285125	1	1	-0.354077524546539
25.5735593807892	-34.425613236378	1	1	-0.3515202655686
25.6674730667337	-34.4600562955101	1	1	-0.348963006592336
25.7614745253268	-34.4942590806662	1	1	-0.34640574761396
25.8555631418395	-34.5282213681746	1	1	-0.343848488636759
25.9497383009725	-34.5619429359366	1	1	-0.341291229660501
26.0439993868609	-34.5954235634278	1	1	-0.338733970682176
26.1383457830778	-34.6286630316991	1	1	-0.336176711704976
26.2327768726381	-34.6616611233787	1	1	-0.333619452727907
26.3272920380034	-34.6944176226734	1	1	-0.331062193750647
26.421890661085	-34.7269323153697	1	1	-0.328504934773347
26.5165721232486	-34.7592049888355	1	1	-0.325947675796053
26.6113358053182	-34.7912354320214	1	1	-0.323390416819395
26.7061810875799	-34.8230234354621	1	1	-0.320833157841799
26.8011073497866	-34.8545687912777	1	1	-0.318275898863983
26.8961139711613	-34.8858712931751	1	1	-0.315718639886653
26.9912003304014	-34.9169307364494	1	1	-0.313161380909343
27.0863658056833	-34.9477469179853	1	1	-0.310604121932828
27.1816097746654	-34.9783196362582	1	1	-0.308046862955033
27.2769316144933	-35.0086486913356	1	1	-0.30548960397813
27.3723307018031	-35.0387338848786	1	1	-0.302932345000506
27.4678064127258	-35.0685750201429	1	1	-0.300375086023505
27.5633581228914	-35.0981719019804	1	1	-0.297817827045656
27.6589852074327	-35.1275243368401	1	1	-0.295260568068543
27.7546870409898	-35.1566321327698	1	1	-0.292703309091461
27.8504629977137	-35.185495099417	1	1	-0.290146050114853
27.946312451271	-35.2141130480304	1	1	-0.287588791136362
28.0422347748474	-35.2424857914607	1	1	-0.285031532160001
28.1382293411522	-35.2706131441626	1	1	-0.282474273182592
28.2342955224222	-35.2984949221952	1	1	-0.279917014204473
28.330432690426	-35.3261309432236	1	1	-0.277359755227463
28.4266402164677	-35.3535210265202	1	1	-0.274802496250837
28.5229174713916	-35.3806649929657	1	1	-0.272245237273339
28.6192638255857	-35.4075626650501	1	1	-0.269687978295559
28.7156786489864	-35.4342138668742	1	1	-0.267130719318508
28.8121613110823	-35.4606184241507	1	1	-0.264573460341397
28.9087111809181	-35.4867761642051	1	1	-0.262016201365046
29.0053276270992	-35.5126869159771	1	1	-0.259458942385894
29.1020100177958	-35.5383505100213	1	1	-0.256901683409865
29.1987577207464	-35.5637667785091	1	1	-0.254344424432255
29.2955701032628	-35.5889355552289	1	1	-0.251787165454687
29.3924465322335	-35.6138566755877	1	1	-0.24922990647778
29.4893863741285	-35.6385299766122	1	1	-0.246672647500237
29.5863889950027	-35.6629552969495	1	1	-0.244115388523732
29.683453760501	-35.6871324768687	1	1	-0.241558129545576
29.7805800358613	-35.7110613582612	1	1	-0.239000870568188
29.8777671859196	-35.7347417846425	1	1	-0.236443611591536
29.9750145751138	-35.7581736011529	1	1	-0.233886352614104
30.0723215674878	-35.7813566545583	1	1	-0.231329093636838
30.1696875266956	-35.8042907932515	1	1	-0.228771834659081
30.2671118160059	-35.8269758672531	1	1	-0.226214575682135
30.3645937983056	-35.8494117282125	1	1	-0.22365731670492
30.4621328361044	-35.8715982294088	1	1	-0.22110005772803
30.5597282915392	-35.8935352257519	1	1	-0.218542798749999
30.6573795263774	-35.9152225737831	1	1	-0.215985539772823
30.7550859020221	-35.9366601316766	1	1	-0.21342828079587
30.8528467795156	-35.95784775924	1	1	-0.210871021818508
30.9506615195438	-35.9787853179153	1	1	-0.20831376284143
31.0485294824404	-35.9994726707799	1	1	-0.205756503863533
31.1464500281909	-36.0199096825473	1	1	-0.203199244886916
31.2444225164372	-36.0400962195684	1	1	-0.200641985909435
31.3424463064812	-36.0600321498318	1	1	-0.198084726931723
31.4405207572896	-36.0797173429651	1	1	-0.195527467955163
31.5386452274976	-36.0991516702357	1	1	-0.192970208976921
31.6368190754134	-36.1183350045513	1	1	-0.19041295000015
31.7350416590223	-36.1372672204613	1	1	-0.187855691023009
31.8333123359908	-36.1559481941571	1	1	-0.185298432046243
31.9316304636709	-36.1743778034732	1	1	-0.182741173067591
32.0299953991044	-36.1925559278877	1	1	-0.180183914090998
32.1284064990269	-36.2104824485237	1	1	-0.177626655114149
32.226863119872	-36.2281572481494	1	1	-0.175069396136476
32.3253646177761	-36.2455802111792	1	1	-0.172512137159273
32.4239103485814	-36.2627512236744	1	1	-0.169954878182342
32.5224996678413	-36.279670173344	1	1	-0.167397619204635
32.6211319308242	-36.2963369495453	1	1	-0.164840360226803
32.7198064925173	-36.3127514432847	1	1	-0.162283101250803
32.8185227076317	-36.3289135472187	1	1	-0.159725842272407
32.9172799306055	-36.3448231556538	1	1	-0.157168583295673
33.0160775156091	-36.3604801645482	1	1	-0.154611324317928
33.1149148165488	-36.3758844715117	1	1	-0.152054065341947
33.213791187071	-36.3910359758069	1	1	-0.149496806362785
33.312705980567	-36.4059345783492	1	1	-0.146939547387223
33.4116585501765	-36.4205801817085	1	1	-0.144382288408433
33.5106482487921	-36.4349726901085	1	1	-0.141825029432539
33.6096744290639	-36.4491120094287	1	1	-0.139267770454226
33.7087364434033	-36.4629980472038	1	1	-0.136710511477404
33.8078336439872	-36.4766307126252	1	1	-0.134153252499851
33.9069653827627	-36.4900099165411	1	1	-0.131595993523043
34.0061310114507	-36.5031355714573	1	1	-0.129038734545476
34.1053298815507	-36.5160075915376	1	1	-0.126481475567744
34.2045613443447	-36.5286258926045	1	1	-0.123924216591367
34.3038247509018	-36.5409903921399	1	1	-0.121366957613467
34.4031194520817	-36.5531010092851	1	1	-0.118809698636443
34.5024447985401	-36.564957664842	1	1	-0.116252439659084
34.6018001407317	-36.5765602812731	1	1	-0.113695180681535
34.7011848289155	-36.5879087827023	1	1	-0.111137921704578
34.8005982131581	-36.5990030949153	1	1	-0.108580662727709
34.900039643339	-36.6098431453601	1	1	-0.106023403749505
34.9995084691539	-36.6204288631473	1	1	-0.103466144772695
35.0990040401195	-36.630760179051	1	1	-0.100908885795608
35.1985257055775	-36.6408370255088	1	1	-0.0983516268179
35.298072814699	-36.6506593366224	1	1	-0.0957943678401205
35.3976447164888	-36.6602270481581	1	1	-0.0932371088635116
35.4972407597894	-36.6695400975473	1	1	-0.090679849886236
35.5968602932856	-36.6785984238866	1	1	-0.0881225909096338
35.6965026655084	-36.6874019679385	1	1	-0.0855653319319114
35.7961672248396	-36.6959506721315	1	1	-0.0830080729536681
35.8958533195158	-36.7042444805607	1	1	-0.0804508139777244
35.9955602976329	-36.7122833389884	1	1	-0.0778935549996091
36.0952875071502	-36.7200671948437	1	1	-0.0753362960223387
36.1950342958944	-36.7275959972236	1	1	-0.0727790370451606
36.2948000115646	-36.734869696893	1	1	-0.0702217780687373
36.3945840017359	-36.7418882462851	1	1	-0.0676645190903293
36.4943856138638	-36.7486515995014	1	1	-0.0651072601130101
36.5942041952888	-36.7551597123126	1	1	-0.0625500011364113
36.6940390932403	-36.7614125421585	1	1	-0.0599927421588741
36.7938896548409	-36.7674100481482	1	1	-0.0574354831814573
36.8937552271111	-36.7731521910606	1	1	-0.0548782242045536
36.9936351569727	-36.7786389333446	1	1	-0.0523209652269024
37.0935287912542	-36.7838702391192	1	1	-0.0497637062502359
37.193435476694	-36.788846074174	1	1	-0.047206447272737
37.2933545599454	-36.7935664059691	1	1	-0.0446491882946174
37.3932853875807	-36.7980312036355	1	1	-0.0420919293180591
37.4932273060951	-36.8022404379755	1	1	-0.0395346703404558
37.5931796619114	-36.8061940814624	1	1	-0.0369774113629618
37.6931418013844	-36.8098921082411	1	1	-0.0344201523865868
37.7931130708045	-36.8133344941282	1	1	-0.0318628934084289
37.8930928164027	-36.8165212166118	1	1	-0.0293056344323006
37.9930803843544	-36.8194522548523	1	1	-0.0267483754533413
38.0930751207839	-36.8221275896817	1	1	-0.0241911164778608
38.1930763717687	-36.8245472036048	1	1	-0.0216338574986405
38.2930834833436	-36.826711080798	1	1	-0.0190765985227239
38.3930958015052	-36.8286192071108	1	1	-0.0165193395451596
38.4931126722157	-36.8302715700647	1	1	-0.0139620805678536
38.593133441408	-36.831668158854	1	1	-0.0114048215905592
38.6931574549893	-36.8328089643456	1	1	-0.00884756261299112
38.7931840588453	-36.8336939790791	1	1	-0.0062903036365625
38.8932125988454	-36.834323197267	1	1	-0.00373304465837178
38.9932424208457	-36.8346966147943	1	1	-0.00117578568106539
39.0932728706943	-36.8348142292191	1	1	0.00138147329581985
39.193303294235	-36.8346760397723	1	1	0.00393873227265983
39.293333037312	-36.8342820473576	1	1	0.0064959912509221
39.3933614457736	-36.8336322545514	1	1	0.009053250227826
39.4933878654772	-36.8327266656032	1	1	0.0116105092043229
39.593411642293	-36.8315652864352	1	1	0.0141677681820989
39.6934321221085	-36.8301481246422	1	1	0.0167250271601552
39.7934486508327	-36.8284751894918	1	1	0.0192822861369051
39.8934605744007	-36.8265464919244	1	1	0.0218395451142095
39.9934672387773	-36.8243620445528	1	1	0.0243968040909643
40.0934679899621	-36.8219218616624	1	1	0.0269540630692917
40.1934621739932	-36.8192259592108	1	1	0.0295113220458735
40.2934491369515	-36.8162743548282	1	1	0.032068581022806
40.3934282249654	-36.8130670678168	1	1	0.0346258400005119
40.4933987842147	-36.8096041191508	1	1	0.0371830989781314
40.5933601609347	-36.8058855314764	1	1	0.0397403579544125
40.6933117014212	-36.8019113291117	1	1	0.0422976169323573
40.7932527520341	-36.7976815380461	1	1	0.0448548759095018
40.8931826592019	-36.7931961859407	1	1	0.0474121348874299
40.9931007694259	-36.7884553021277	1	1	0.0499693938637257
41.0930064292847	-36.7834589176106	1	1	0.0525266528421508
41.1928989854382	-36.7782070650634	1	1	0.0550839118190492
41.2927777846321	-36.7726997788311	1	1	0.0576411707957802
41.392642173702	-36.766937094929	1	1	0.060198429773256
41.4924914995778	-36.7609190510425	1	1	0.0627556887509635
41.5923251092878	-36.754645686527	1	1	0.0653129477277175
41.6921423499631	-36.7481170424077	1	1	0.0678702067047521
41.7919425688418	-36.7413331613791	1	1	0.0704274656823973
41.8917251132736	-36.7342940878048	1	1	0.0729847246600517
41.9914893307235	-36.7269998677173	1	1	0.0755419836366455
42.0912345687763	-36.7194505488178	1	1	0.0780992426148947
42.1909601751412	-36.7116461804754	1	1	0.0806565015914745
42.2906654976555	-36.7035868137275	1	1	0.0832137605688173
42.3903498842894	-36.6952725012788	1	1	0.0857710195455538
42.4900126831498	-36.6867032975014	1	1	0.0883282785234118
42.5896532424848	-36.6778792584341	1	1	0.090885537501386
42.6892709106881	-36.6688004417823	1	1	0.0934427964778266
42.7888650363031	-36.6594669069177	1	1	0.0960000554554781
42.8884349680268	-36.6498787148775	1	1	0.0985573144326431
42.9879800547148	-36.6400359283644	1	1	0.101114573409632
43.087499645385	-36.629938611746	1	1	0.10367183238676
43.1869930892221	-36.6195868310544	1	1	0.106229091364675
43.2864597355819	-36.6089806539857	1	1	0.108786350342123
43.3858989339951	-36.5981201498998	1	1	0.111343609318678
43.4853100341723	-36.5870053898198	1	1	0.113900868296019
43.5846923860074	-36.5756364464314	1	1	0.11645812727302
43.6840453395829	-36.5640133940826	1	1	0.11901538625086
43.783368245173	-36.5521363087831	1	1	0.121572645227987
43.8826604532486	-36.540005268204	1	1	0.12412990420595
43.9819213144814	-36.527620351677	1	1	0.126687163182208
44.0811501797481	-36.5149816401943	1	1	0.129244422160785
44.1803464001346	-36.5020892164074	1	1	0.131801681136405
44.2795093269403	-36.4889431646275	1	1	0.134358940114403
44.3786383116822	-36.4755435708239	1	1	0.136916199092209
44.4777327060994	-36.4618905226242	1	1	0.139473458069467
44.5767918621573	-36.4479841093135	1	1	0.14203071704558
44.6758151320515	-36.4338244218339	1	1	0.144587976024037
44.7748018682125	-36.4194115527834	1	1	0.147145235000515
44.8737514233095	-36.4047455964162	1	1	0.149702493978304
44.972663150255	-36.3898266486412	1	1	0.152259752955889
45.071536402209	-36.3746548070219	1	1	0.154817011931884
45.1703705325828	-36.3592301707758	1	1	0.157374270910989
45.2691648950436	-36.3435528407731	1	1	0.159931529886626
45.367918843519	-36.3276229195371	1	1	0.162488788864771
45.4666317322005	-36.3114405112424	1	1	0.165046047841707
45.5653029155484	-36.2950057217151	1	1	0.167603306819434
45.6639317482954	-36.2783186584316	1	1	0.170160565796345
45.7625175854514	-36.2613794305182	1	1	0.172717824773671
45.8610597823075	-36.2441881487501	1	1	0.175275083750747
45.9595576944402	-36.2267449255509	1	1	0.177832342728128
46.0580106777153	-36.2090498749918	1	1	0.180389601706236
46.1564180882928	-36.1911031127907	1	1	0.182946860682599
46.2547792826305	-36.1729047563119	1	1	0.185504119660355
46.3530936174884	-36.1544549245647	1	1	0.18806137863751
46.4513604499332	-36.1357537382031	1	1	0.190618637613671
46.5495791373421	-36.1168013195249	1	1	0.193175896592021
46.6477490374069	-36.0975977924706	1	1	0.195733155569165
46.7458695081388	-36.0781432826231	1	1	0.198290414547489
46.8439399078722	-36.0584379172064	1	1	0.200847673523008
46.9419595952688	-36.0384818250854	1	1	0.203404932501301
47.0399279293219	-36.0182751367641	1	1	0.205962191477936
47.1378442693609	-35.9978179843857	1	1	0.208519450456456
47.2357079750549	-35.977110501731	1	1	0.211076709433063
47.3335184064175	-35.9561528242182	1	1	0.213633968409773
47.4312749238105	-35.9349450889015	1	1	0.216191227387408
47.5289768879482	-35.9134874344703	1	1	0.218748486364786
47.626623659902	-35.8917800012484	1	1	0.221305745341736
47.7242146011037	-35.8698229311932	1	1	0.223863004319676
47.8217490733509	-35.8476163678943	1	1	0.226420263296271
47.9192264388097	-35.8251604565733	1	1	0.228977522274159
48.0166460600204	-35.802455344082	1	1	0.231534781251298
48.1140072999003	-35.7795011789022	1	1	0.234092040228684
48.211309521749	-35.7562981111442	1	1	0.236649299205321
48.3085520892516	-35.7328462925462	1	1	0.239206558182639
48.4057343664837	-35.7091458764729	1	1	0.241763817160295
48.502855717915	-35.6851970179148	1	1	0.244321076137607
48.5999155084135	-35.6609998734872	1	1	0.246878335114886
48.69691310325	-35.636554601429	1	1	0.249435594092872
48.7938478681019	-35.6118613616017	1	1	0.251992853069436
48.8907191690576	-35.5869203154886	1	1	0.254550112046259
48.9875263726204	-35.5617316261934	1	1	0.257107371023864
49.0842688457129	-35.5362954584392	1	1	0.259664630001693
49.1809459556808	-35.5106119785676	1	1	0.262221888978496
49.2775570702975	-35.4846813545376	1	1	0.264779147955632
49.3741015577678	-35.4585037559243	1	1	0.267336406933071
49.4705787867323	-35.4320793539179	1	1	0.269893665910826
49.5669881262714	-35.4054083213226	1	1	0.272450924887323
49.6633289459095	-35.3784908325556	1	1	0.275008183864788
49.7596006156191	-35.3513270636456	1	1	0.277565442842096
49.8558025058248	-35.323917192232	1	1	0.280122701819952
49.9519339874077	-35.2962613975635	1	1	0.282679960796902
50.0479944317092	-35.2683598604972	1	1	0.285237219773484
50.1439832105353	-35.2402127634972	1	1	0.287794478751688
50.2398996961608	-35.2118202906332	1	1	0.290351737728224
50.3357432613329	-35.18318262758	1	1	0.292908996706225
50.4315132792761	-35.1542999616154	1	1	0.295466255683264
50.5272091236957	-35.1251724816197	1	1	0.298023514660545
50.6228301687819	-35.0958003780741	1	1	0.300580773637232
50.7183757892142	-35.0661838430596	1	1	0.303138032615487
50.8138453601654	-35.0363230702554	1	1	0.305695291592253
50.9092382573055	-35.0062182549383	1	1	0.308252550569276
51.004553856806	-34.9758695939808	1	1	0.310809809546935
51.099791535344	-34.94527728585	1	1	0.313367068524567
51.1949506701058	-34.9144415306065	1	1	0.315924327501187
51.2900306387919	-34.8833625299029	1	1	0.318481586478494
51.3850308196199	-34.8520404869825	1	1	0.321038845456462
51.4799505913296	-34.8204756066779	1	1	0.323596104432881
51.5747893331865	-34.78866809541	1	1	0.326153363410812
51.669546424986	-34.7566181611861	1	1	0.328710622388086
51.7642212470576	-34.724326013599	1	1	0.331267881364599
51.8588131802685	-34.6917918638256	1	1	0.333825140342967
51.9533216060283	-34.659015924625	1	1	0.336382399319441
52.0477459062924	-34.625998410338	1	1	0.338939658296806
52.1420854635666	-34.5927395368848	1	1	0.341496917274737
52.2363396609107	-34.5592395217641	1	1	0.344054176251576
52.3305078819428	-34.5254985840517	1	1	0.346611435228311
52.4245895108433	-34.4915169443988	1	1	0.34916869420564
52.5185839323587	-34.4572948250307	1	1	0.351725953184255
52.6124905318059	-34.4228324497452	1	1	0.354283212160533
52.7063086950763	-34.3881300439116	1	1	0.35684047113749
52.8000378086393	-34.3531878344687	1	1	0.359397730115238
52.8936772595469	-34.3180060499234	1	1	0.361954989092588
52.9872264354373	-34.2825849203495	1	1	0.364512248069321
53.0806847245392	-34.246924677386	1	1	0.367069507047742
53.1740515156755	-34.2110255542354	1	1	0.369626766024701
53.2673261982675	-34.1748877856627	1	1	0.372184025000495
53.3605081623391	-34.1385116079934	1	1	0.374741283979624
53.4535967985201	-34.1018972591118	1	1	0.377298542956303
53.546591498051	-34.0650449784602	1	1	0.379855801932839
53.6394916527864	-34.0279550070367	1	1	0.38241306091073
53.7322966551993	-33.9906275873936	1	1	0.384970319888588
53.8250058983848	-33.9530629636362	1	1	0.387527578865218
53.9176187760644	-33.9152613814211	1	1	0.390084837842608
54.0101346825897	-33.8772230879543	1	1	0.392642096819745
54.1025530129465	-33.8389483319899	1	1	0.395199355796922
54.1948731627585	-33.8004373638284	1	1	0.397756614774669
54.2870945282919	-33.7616904353148	1	1	0.400313873751848
54.3792165064584	-33.7227077998375	1	1	0.402871132728744
54.4712384948199	-33.6834897123262	1	1	0.405428391706272
54.5631598915923	-33.6440364292502	1	1	0.407985650683835
54.6549800956492	-33.604348208617	1	1	0.41054290966096
54.7466985065258	-33.5644253099706	1	1	0.413100168637495
54.8383145244233	-33.5242679943896	1	1	0.415657427615991
54.9298275502122	-33.4838765244854	1	1	0.418214686592728
55.0212369854368	-33.443251164401	1	1	0.42077194557005
55.1125422323187	-33.4023921798087	1	1	0.423329204547062
55.2037426937607	-33.3612998379088	1	1	0.425886463524616
55.2948377733512	-33.3199744074274	1	1	0.42844372250132
55.3858268753674	-33.2784161586152	1	1	0.43100098147922
55.4767094047798	-33.2366253632451	1	1	0.433558240456262
55.5674847672558	-33.194602294611	1	1	0.436115499433939
55.6581523691634	-33.1523472275257	1	1	0.438672758410838
55.7487116175756	-33.1098604383192	1	1	0.441230017388744
55.8391619202739	-33.0671422048367	1	1	0.443787276365105
55.9295026857521	-33.0241928064373	1	1	0.446344535342924
56.0197333232205	-32.9810125239914	1	1	0.448901794319464
56.1098532426096	-32.9376016398796	1	1	0.451459053297391
56.1998618545738	-32.8939604379903	1	1	0.454016312275126
56.2897585704955	-32.8500892037182	1	1	0.456573571251721
56.3795428024889	-32.8059882239624	1	1	0.459130830228905
56.4692139634037	-32.7616577871243	1	1	0.461688089207243
56.558771466829	-32.7170981831058	1	1	0.464245348183464
56.6482147270974	-32.6723097033077	1	1	0.466802607160664
56.7375431592884	-32.6272926406273	1	1	0.469359866138178
56.8267561792323	-32.5820472894569	1	1	0.471917125115519
56.9158532035146	-32.5365739456815	1	1	0.47447438409297
57.0048336494789	-32.4908729066773	1	1	0.477031643070985
57.0936969352313	-32.4449444713094	1	1	0.479588902046934
57.1824424796444	-32.3987889399301	1	1	0.482146161024605
57.2710697023602	-32.3524066143767	1	1	0.484703420002144
57.3595780237949	-32.3057977979696	1	1	0.487260678978862
57.4479668651422	-32.2589627955105	1	1	0.48981793795644
57.536235648377	-32.2119019132801	1	1	0.492375196933598
57.6243837962596	-32.1646154590363	1	1	0.494932455911976
57.7124107323387	-32.1171037420122	1	1	0.497489714887978
57.8003158809563	-32.0693670729141	1	1	0.500046973866278
57.8880986672504	-32.0214057639191	1	1	0.502604232842772
57.9757585171594	-31.9732201286737	1	1	0.505161491819962
58.0632948574255	-31.9248104822912	1	1	0.50771875079763
58.1507071155987	-31.8761771413498	1	1	0.510276009774379
58.2379947200405	-31.8273204238907	1	1	0.512833268752664
58.3251570999274	-31.7782406494157	1	1	0.515390527729046
58.412193685255	-31.7289381388856	1	1	0.517947786706176
58.4991039068415	-31.6794132147175	1	1	0.520505045684003
58.5858871963313	-31.6296662007831	1	1	0.523062304661185
58.6725429861991	-31.5796974224065	1	1	0.52561956363941
58.7590707097533	-31.5295072063619	1	1	0.528176822615326
58.8454698011398	-31.479095880872	1	1	0.530734081592817
58.9317396953457	-31.428463775605	1	1	0.533291340570733
59.0178798282029	-31.3776112216731	1	1	0.535848599546938
59.1038896363922	-31.3265385516302	1	1	0.538405858525294
59.1897685574462	-31.2752460994695	1	1	0.540963117502275
59.2755160297539	-31.2237342006216	1	1	0.543520376479585
59.3611314925636	-31.1720031919522	1	1	0.546077635456926
59.4466143859869	-31.1200534117599	1	1	0.548634894433943
59.5319641510027	-31.0678851997738	1	1	0.551192153411121
59.61718022946	-31.0154988971517	1	1	0.553749412388526
59.7022620640824	-30.9628948464774	1	1	0.556306671366436
59.7872090984713	-30.9100733917587	1	1	0.558863930342332
59.8720207771097	-30.8570348784254	1	1	0.561421189320526
59.9566965453655	-30.8037796533264	1	1	0.563978448297545
60.0412358494958	-30.750308064728	1	1	0.566535707274935
60.1256381366498	-30.6966204623114	1	1	0.569092966252861
60.2099028548728	-30.6427171971704	1	1	0.57165022522906
60.2940294531099	-30.5885986218093	1	1	0.5742074842069
60.3780173812092	-30.5342650901402	1	1	0.576764743183681
60.461866089926	-30.479716957481	1	1	0.5793220021624
60.5455750309255	-30.424954580553	1	1	0.58187926113788
60.6291436567875	-30.3699783174788	1	1	0.584436520115874
60.712571421009	-30.3147885277793	1	1	0.586993779093548
60.7958577780082	-30.2593855723721	1	1	0.589551038071149
60.8790021831283	-30.2037698135686	1	1	0.59210829704719
60.9620040926407	-30.1479416150721	1	1	0.594665556024697
61.0448629637485	-30.0919013419749	1	1	0.597222815003075
61.1275782545903	-30.0356493607562	1	1	0.599780073979266
61.2101494242437	-29.97918603928	1	1	0.602337332957262
61.2925759327288	-29.9225117467919	1	1	0.604894591933526
61.3748572410117	-29.8656268539176	1	1	0.607451850911657
61.4569928110079	-29.8085317326597	1	1	0.610009109889443
61.5389821055862	-29.7512267563957	1	1	0.612566368865477
61.6208245885719	-29.6937122998757	1	1	0.615123627842964
61.7025197247504	-29.6359887392193	1	1	0.617680886821034
61.7840669798705	-29.5780564519138	1	1	0.620238145797935
61.8654658206482	-29.5199158168116	1	1	0.622795404775602
61.9467157147703	-29.4615672141272	1	1	0.625352663752203
62.0278161308973	-29.4030110254356	1	1	0.627909922730071
62.1087665386674	-29.3442476336689	1	1	0.630467181706171
62.1895664086998	-29.2852774231146	1	1	0.633024440684302
62.2702152125979	-29.2261007794124	1	1	0.635581699662083
62.3507124229534	-29.166718089552	1	1	0.638138958639094
62.4310575133491	-29.1071297418708	1	1	0.640696217615671
62.5112499583627	-29.047336126051	1	1	0.643253476593773
62.59128923357	-28.987337633117	1	1	0.645810735570674
62.6711748155487	-28.9271346554332	1	1	0.64836799454834
62.7509061818813	-28.8667275867012	1	1	0.650925253524633
62.8304828111591	-28.8061168219573	1	1	0.653482512502486
62.9099041829851	-28.7453027575697	1	1	0.656039771479858
62.9891697779778	-28.6842857912362	1	1	0.65859703045756
63.068279077774	-28.6230663219817	1	1	0.66115428943426
63.1472315650332	-28.5616447501551	1	1	0.663711548411234
63.22602672344	-28.5000214774271	1	1	0.666268807389296
63.3046640377079	-28.4381969067873	1	1	0.668826066365912
63.3831429935828	-28.3761714425419	1	1	0.671383325344093
63.4614630778459	-28.3139454903107	1	1	0.673940584320217
63.5396237783177	-28.2515194570248	1	1	0.676497843298103
63.6176245838608	-28.1888937509234	1	1	0.679055102275668
63.6954649843834	-28.1260687815518	1	1	0.681612361252143
63.7731444708429	-28.0630449597583	1	1	0.684169620230388
63.8506625352487	-27.9998226976915	1	1	0.686726879207236
63.9280186706661	-27.9364024087979	1	1	0.689284138183788
64.0052123712193	-27.8727845078189	1	1	0.69184139716246
64.0822431320945	-27.8089694107881	1	1	0.694398656139441
64.1591104495438	-27.7449575350289	1	1	0.696955915115245
64.2358138208881	-27.6807492991515	1	1	0.699513174093709
64.3123527445201	-27.61634512305	1	1	0.702070433071323
64.3887267199083	-27.5517454279	1	1	0.704627692048029
64.4649352475997	-27.4869506361559	1	1	0.707184951025315
64.5409778292234	-27.4219611715476	1	1	0.709742210002956
64.6168539674935	-27.3567774590783	1	1	0.712299468979485
64.6925631662128	-27.2913999250215	1	1	0.714856727957996
64.7681049302756	-27.225828996918	1	1	0.717413986934207
64.8434787656713	-27.1600651035737	1	1	0.719971245912218
64.9186841794874	-27.094108675056	1	1	0.722528504889472
64.9937206799129	-27.0279601426916	1	1	0.725085763866048
65.0685877762413	-26.9616199390636	1	1	0.727643022843377
65.1432849788741	-26.8950884980082	1	1	0.730200281820943
65.2178117993236	-26.8283662546125	1	1	0.732757540797797
65.2921677502165	-26.7614536452113	1	1	0.735314799775881
65.3663523452968	-26.6943511073842	1	1	0.737872058753114
65.4403650994292	-26.627059079953	1	1	0.740429317730558
65.5142055286021	-26.5595780029786	1	1	0.742986576707228
65.5878731499309	-26.4919083177583	1	1	0.745543835683611
65.6613674816611	-26.4240504668227	1	1	0.748101094662477
65.7346880431712	-26.3560048939328	1	1	0.750658353638763
65.8078343549764	-26.2877720440776	1	1	0.753215612616364
65.8808059387312	-26.2193523634705	1	1	0.755772871594678
65.9536023172328	-26.1507462995467	1	1	0.758330130571078
66.0262230144243	-26.0819543009605	1	1	0.760887389548135
66.0986675553976	-26.0129768175819	1	1	0.76344464852521
66.1709354663964	-25.9438143004941	1	1	0.766001907503553
66.2430262748197	-25.87446720199	1	1	0.768559166480532
66.3149395092247	-25.8049359755699	1	1	0.771116425457483
66.3866746993297	-25.7352210759382	1	1	0.773673684434278
66.4582313760175	-25.6653229590003	1	1	0.776230943411825
66.5296090713381	-25.5952420818598	1	1	0.778788202389347
66.6008073185121	-25.5249789028155	1	1	0.781345461367109
66.6718256519336	-25.4545338813583	1	1	0.783902720343515
66.7426636071733	-25.3839074781685	1	1	0.786459979321525
66.8133207209813	-25.3131001551123	1	1	0.789017238298102
66.8837965312906	-25.2421123752392	1	1	0.791574497275869
66.9540905772196	-25.1709446027787	1	1	0.794131756252914
67.0242023990756	-25.0995973031374	1	1	0.796689015229958
67.0941315383573	-25.0280709428961	1	1	0.799246274207931
67.1638775377583	-24.9563659898062	1	1	0.801803533184467
67.2334399411698	-24.8844829127874	1	1	0.804360792162727
67.3028182936834	-24.8124221819241	1	1	0.806918051138708
67.3720121415948	-24.7401842684625	1	1	0.809475310117314
67.4410210324057	-24.6677696448074	1	1	0.812032569093374
67.5098445148279	-24.5951787845194	1	1	0.814589828071808
67.5784821387852	-24.5224121623114	1	1	0.817147087047983
67.6469334554172	-24.449470254046	1	1	0.819704346026289
67.7151980170817	-24.3763535367316	1	1	0.822261605002865
67.7832753773578	-24.3030624885204	1	1	0.824818863979769
67.8511650910489	-24.2295975887042	1	1	0.827376122957564
67.9188667141854	-24.1559593177118	1	1	0.829933381935557
67.9863798040277	-24.0821481571059	1	1	0.832490640912648
68.0537039190695	-24.0081645895796	1	1	0.835047899889459
68.1208386190399	-23.9340090989538	1	1	0.837605158866626
68.1877834649068	-23.8596821701735	1	1	0.840162417844046
68.2545380188798	-23.7851842893047	1	1	0.842719676821085
68.3211018444127	-23.7105159435317	1	1	0.845276935799159
68.3874745062068	-23.6356776211531	1	1	0.847834194775899
68.4536555702134	-23.5606698115796	1	1	0.850391453752611
68.5196446036369	-23.4854930053299	1	1	0.852948712730807
68.5854411749372	-23.410147694028	1	1	0.855505971707825
68.6510448538332	-23.3346343703998	1	1	0.858063230684927
68.716455211305	-23.25895352827	1	1	0.860620489661859
68.781671819597	-23.1831056625588	1	1	0.863177748639587
68.8466942522206	-23.1070912692785	1	1	0.865735007617456
68.9115220839571	-23.0309108455305	1	1	0.868292266593718
68.9761548908603	-22.9545648895023	1	1	0.870849525571771
69.0405922502595	-22.8780539004633	1	1	0.873406784548561
69.1048337407621	-22.8013783787626	1	1	0.875964043525806
69.1688789422563	-22.7245388258252	1	1	0.878521302503802
69.2327274359141	-22.6475357441485	1	1	0.881078561480284
69.2963788041938	-22.5703696372998	1	1	0.883635820457789
69.3598326308428	-22.4930410099121	1	1	0.886193079434952
69.4230885009004	-22.4155503676814	1	1	0.888750338412845
69.4861460007003	-22.3378982173632	1	1	0.891307597389301
69.5490047178738	-22.2600850667691	1	1	0.893864856366459
69.6116642413517	-22.1821114247638	1	1	0.896422115344465
69.6741241613678	-22.1039778012611	1	1	0.898979374321754
69.736384069461	-22.0256847072215	1	1	0.901536633298648
69.7984435584783	-21.9472326546482	1	1	0.904093892276121
69.8603022225774	-21.8686221565837	1	1	0.906651151253912
69.9219596572291	-21.789853727107	1	1	0.909208410230267
69.9834154592205	-21.7109278813297	1	1	0.911765669208041
70.0446692266569	-21.6318451353929	1	1	0.914322928185264
70.1057205589651	-21.5526060064637	1	1	0.916880187161815
70.1665690568957	-21.473211012732	1	1	0.919437446140378
70.2272143225255	-21.3936606734068	1	1	0.921994705117157
70.2876559592607	-21.3139555087132	1	1	0.924551964094
70.347893571839	-21.2340960398887	1	1	0.927109223071327
70.4079267663323	-21.1540827891798	1	1	0.929666482049336
70.4677551501492	-21.0739162798388	1	1	0.932223741025893
70.527378332038	-20.9935970361202	1	1	0.934781000003631
70.5867959220885	-20.9131255832774	1	1	0.937338258980211
70.6460075317355	-20.8325024475589	1	1	0.939895517958466
70.7050127737603	-20.7517281562054	1	1	0.942452776935327
70.7638112622941	-20.6708032374461	1	1	0.945010035912924
70.8224026128201	-20.589728220495	1	1	0.94756729488956
70.880786442176	-20.5085036355481	1	1	0.950124553867434
70.9389623685567	-20.427130013779	1	1	0.952681812844593
70.9969300115166	-20.3456078873364	1	1	0.95523907182125
71.0546889919724	-20.2639377893398	1	1	0.957796330798909
71.1122389322051	-20.1821202538765	1	1	0.960353589776385
71.1695794558628	-20.1001558159981	1	1	0.962910848753659
71.2267101879632	-20.0180450117167	1	1	0.965468107730666
71.2836307548959	-19.9357883780017	1	1	0.968025366708072
71.3403407844248	-19.8533864527761	1	1	0.970582625685587
71.3968399056908	-19.7708397749129	1	1	0.973139884662962
71.4531277492138	-19.6881488842321	1	1	0.97569714363933
71.5092039468957	-19.6053143214965	1	1	0.978254402617294
71.5650681320222	-19.5223366284083	1	1	0.980811661594742
71.6207199392654	-19.4392163476063	1	1	0.983368920571854
71.6761590046867	-19.355954022661	1	1	0.985926179549312
71.7313849657382	-19.2725501980725	1	1	0.98848343852573
71.7863974612661	-19.1890054192658	1	1	0.991040697503439
71.8411961315122	-19.1053202325878	1	1	0.9935979564813
71.8957806181167	-19.0214951853037	1	1	0.996155215458838
71.9501505641206	-18.9375308255932	1	1	0.998712474434573
72.004305613968	-18.8534277025472	1	1	1.00126973341324
72.0582454135079	-18.7691863661638	1	1	1.00382699238994
72.1119696099974	-18.6848073673452	1	1	1.00638425136778
72.1654778521032	-18.6002912578938	1	1	1.00894151034444
72.2187697899046	-18.5156385905085	1	1	1.01149876932163
72.2718450748951	-18.4308499187815	1	1	1.01405602829979
72.3247033599852	-18.345925797194	1	1	1.01661328727596
72.3773442995045	-18.2608667811135	1	1	1.01917054625321
72.4297675492039	-18.1756734267892	1	1	1.02172780523208
72.4819727662577	-18.090346291349	1	1	1.02428506420787
72.5339596092665	-18.0048859327958	1	1	1.02684232318521
72.5857277382586	-17.9192929100035	1	1	1.02939958216353
72.6372768146926	-17.8335677827136	1	1	1.03195684113958
72.6886065014599	-17.7477111115317	1	1	1.03451410011819
72.7397164628862	-17.6617234579234	1	1	1.03707135909417
72.7906063647346	-17.575605384211	1	1	1.03962861807159
72.8412758742068	-17.4893574535698	1	1	1.04218587704944
72.8917246599461	-17.4029802300239	1	1	1.04474313602638
72.9419523920392	-17.3164742784433	1	1	1.04730039500425
72.9919587420181	-17.2298401645399	1	1	1.04985765398109
73.0417433828631	-17.1430784548632	1	1	1.05241491295863
73.0913059890038	-17.0561897167978	1	1	1.05497217193499
73.1406462363223	-16.9691745185585	1	1	1.05752943091331
73.1897638021543	-16.8820334291874	1	1	1.06008668989029
73.2386583652923	-16.7947670185496	1	1	1.06264394886691
73.2873296059869	-16.7073758573299	1	1	1.06520120784509
73.3357772059489	-16.619860517029	1	1	1.06775846682224
73.384000848352	-16.5322215699595	1	1	1.0703157257992
73.4320002178343	-16.4444595892425	1	1	1.07287298477677
73.4797750005005	-16.3565751488036	1	1	1.07543024375423
73.5273248839241	-16.2685688233692	1	1	1.07798750273051
73.5746495571494	-16.1804411884629	1	1	1.0805447617092
73.6217487106932	-16.0921928204014	1	1	1.08310202068579
73.6686220365475	-16.0038242962911	1	1	1.08565927966275
73.7152692281808	-15.9153361940243	1	1	1.08821653864012
73.7616899805406	-15.8267290922749	1	1	1.09077379761785
73.807883990055	-15.7380035704954	1	1	1.09333105659462
73.8538509546352	-15.6491602089125	1	1	1.09588831557236
73.8995905736769	-15.5601995885236	1	1	1.09844557454966
73.9451025480627	-15.4711222910929	1	1	1.10100283352639
73.990386580164	-15.3819288991475	1	1	1.10356009250398
74.0354423738425	-15.292619995974	1	1	1.10611735148159
74.0802696344528	-15.203196165614	1	1	1.10867461045836
74.1248680688439	-15.1136579928611	1	1	1.11123186943615
74.1692373853611	-15.0240060632564	1	1	1.11378912841353
74.2133772938483	-14.9342409630848	1	1	1.1163463873895
74.2572875056495	-14.8443632793717	1	1	1.11890364636821
74.3009677336106	-14.7543735998783	1	1	1.1214609053451
74.3444176920819	-14.6642725130984	1	1	1.12401816432185
74.3876370969193	-14.5740606082545	1	1	1.12657542329964
74.4306256654864	-14.4837384752936	1	1	1.12913268227732
74.4733831166565	-14.3933067048835	1	1	1.13168994125343
74.5159091708144	-14.3027658884092	1	1	1.13424720023109
74.5582035498578	-14.2121166179687	1	1	1.13680445920852
74.6002659771997	-14.1213594863692	1	1	1.13936171818616
74.6420961777699	-14.0304950871233	1	1	1.14191897716407
74.6836938780169	-13.939524014445	1	1	1.14447623613995
74.7250588059097	-13.8484468632463	1	1	1.14703349511768
74.7661906909394	-13.7572642291323	1	1	1.14959075409553
74.8070892641211	-13.6659767083983	1	1	1.152148013072
74.8477542579959	-13.5745848980254	1	1	1.15470527204926
74.8881854066321	-13.4830893956768	1	1	1.15726253102739
74.9283824456273	-13.3914907996937	1	1	1.15981979000438
74.9683451121103	-13.2997897090915	1	1	1.16237704898164
75.0080731447424	-13.2079867235559	1	1	1.16493430795819
75.0475662837194	-13.116082443439	1	1	1.16749156693605
75.0868242707731	-13.0240774697551	1	1	1.17004882591345
75.1258468491731	-12.9319724041774	1	1	1.1726060848904
75.1646337637286	-12.8397678490333	1	1	1.17516334386822
75.2031847607898	-12.7474644073009	1	1	1.17772060284464
75.2414995882499	-12.655062682605	1	1	1.18027786182267
75.2795779955462	-12.5625632792132	1	1	1.18283512079999
75.3174197336624	-12.4699668020318	1	1	1.18539237977653
75.3550245551299	-12.3772738566019	1	1	1.1879496387543
75.3923922140292	-12.2844850490955	1	1	1.19050689773159
75.4295224659919	-12.1916009863116	1	1	1.19306415670941
75.4664150682021	-12.0986222756719	1	1	1.19562141568577
75.5030697793982	-12.0055495252172	1	1	1.1981786746635
75.539486359874	-11.9123833436033	1	1	1.2007359336404
75.5756645714808	-11.819124340097	1	1	1.20329319261828
75.6116041776286	-11.7257731245719	1	1	1.20585045159499
75.6473049432879	-11.632330307505	1	1	1.20840771057265
75.682766634991	-11.538796499972	1	1	1.21096496954991
75.7179890208337	-11.4451723136438	1	1	1.21352222852739
75.7529718704767	-11.3514583607824	1	1	1.21607948750458
75.7877149551473	-11.2576552542366	1	1	1.21863674648084
75.8222180476407	-11.1637636074385	1	1	1.22119400545972
75.8564809223213	-11.069784034399	1	1	1.22375126443634
75.8905033551248	-10.9757171497042	1	1	1.22630852341313
75.9242851235592	-10.8815635685109	1	1	1.22886578239068
75.9578260067061	-10.7873239065432	1	1	1.23142304136804
75.9911257852226	-10.6929987800879	1	1	1.23398030034517
76.0241842413425	-10.5985888059907	1	1	1.23653755932232
76.0570011588777	-10.5040946016523	1	1	1.23909481830059
76.0895763232196	-10.409516785024	1	1	1.24165207727665
76.1219095213408	-10.3148559746043	1	1	1.24420933625495
76.1540005417959	-10.220112789434	1	1	1.24676659523155
76.1858491747236	-10.1252878490928	1	1	1.24932385420908
76.2174552118474	-10.0303817736952	1	1	1.25188111318644
76.2488184464775	-9.93539518388583	1	1	1.25443837216367
76.2799386735118	-9.84032870083636	1	1	1.25699563114084
76.3108156894374	-9.74518294624062	1	1	1.25955289011839
76.3414492923319	-9.64995854231089	1	1	1.26211014909463
76.3718392818648	-9.55465611177394	1	1	1.26466740807345
76.4019854592984	-9.45927627786652	1	1	1.26722466704993
76.4318876274899	-9.36381966433183	1	1	1.26978192602713
76.4615455908919	-9.26828689541504	1	1	1.27233918500434
76.4909591555541	-9.17267859585933	1	1	1.27489644398234
76.5201281291243	-9.07699539090196	1	1	1.27745370295869
76.5490523208502	-8.98123790626981	1	1	1.2800109619367
76.5777315415798	-8.88540676817574	1	1	1.2825682209132
76.6061656037635	-8.78950260331415	1	1	1.28512547989151
76.6343543214546	-8.693526038857	1	1	1.28768273886756
76.6622975103112	-8.5974777024498	1	1	1.29023999784553
76.6899949875967	-8.50135822220733	1	1	1.29279725682362
76.7174465721815	-8.40516822670962	1	1	1.29535451579987
76.7446520845442	-8.30890834499797	1	1	1.29791177477693
76.7716113467724	-8.21257920657048	1	1	1.30046903375499
76.798324182564	-8.11618144137837	1	1	1.30302629273157
76.8247904172287	-8.01971567982155	1	1	1.30558355170927
76.8510098776886	-7.92318255274456	1	1	1.30814081068667
76.8769823924797	-7.82658269143265	1	1	1.31069806966387
76.902707791753	-7.72991672760722	1	1	1.31325532864116
76.9281859072754	-7.63318529342221	1	1	1.31581258761858
76.953416572431	-7.53638902145955	1	1	1.31836984659484
76.9783996222222	-7.43952854472521	1	1	1.32092710557294
77.0031348932704	-7.34260449664514	1	1	1.32348436455099
77.0276222238176	-7.2456175110608	1	1	1.32604162352688
77.0518614537274	-7.14856822222545	1	1	1.32859888250517
77.0758524244854	-7.05145726479968	1	1	1.33115614148153
77.0995949792012	-6.95428527384735	1	1	1.33371340045948
77.1230889626085	-6.85705288483156	1	1	1.33627065943641
77.1463342210669	-6.75976073361026	1	1	1.338827918414
77.1693306025623	-6.6624094564323	1	1	1.34138517739129
77.1920779567083	-6.56499968993316	1	1	1.34394243636862
77.214576134747	-6.46753207113077	1	1	1.34649969534575
77.23682498955	-6.37000723742151	1	1	1.34905695432246
77.2588243756194	-6.27242582657582	1	1	1.35161421330001
77.2805741490886	-6.17478847673412	1	1	1.35417147227848
77.3020741677233	-6.0770958264028	1	1	1.35672873125397
77.323324290923	-5.97934851444962	1	1	1.35928599023214
77.3443243797207	-5.88154718010008	1	1	1.3618432492102
77.3650742967849	-5.78369246293279	1	1	1.36440050818672
77.3855739064202	-5.6857850028755	1	1	1.36695776716395
77.4058230745679	-5.58782544020099	1	1	1.36951502614092
77.4258216688072	-5.48981441552252	1	1	1.37207228511857
77.4455695583558	-5.39175256979015	1	1	1.37462954409617
77.465066614071	-5.29364054428614	1	1	1.37718680307246
77.4843127084506	-5.1954789806209	1	1	1.37974406205061
77.5033077156332	-5.09726852072895	1	1	1.38230132102727
77.5220515113998	-4.99900980686432	1	1	1.38485858000504
77.5405439731739	-4.90070348159684	1	1	1.38741583898239
77.5587849800228	-4.80235018780756	1	1	1.38997309795971
77.5767744126582	-4.70395056868469	1	1	1.39253035693607
77.594512153437	-4.60550526771949	1	1	1.39508761591461
77.6119980863618	-4.50701492870184	1	1	1.3976448748914
77.6292320970823	-4.40848019571618	1	1	1.40020213386876
77.6462140728954	-4.30990171313738	1	1	1.40275939284534
77.6629439027464	-4.21128012562619	1	1	1.40531665182383
77.6794214772292	-4.11261607812547	1	1	1.40787391079972
77.6956466885878	-4.01391021585562	1	1	1.41043116977772
77.7116194307161	-3.9151631843105	1	1	1.41298842875492
77.7273395991593	-3.81637562925333	1	1	1.41554568773278
77.7428070911142	-3.71754819671209	1	1	1.41810294670922
77.7580218054302	-3.61868153297579	1	1	1.42066020568679
77.7729836426095	-3.51977628458985	1	1	1.42321746466455
77.7876925048081	-3.42083309835203	1	1	1.42577472364192
77.8021482958364	-3.32185262130832	1	1	1.42833198261793
77.8163509211599	-3.22283550074833	1	1	1.43088924159595
77.8303002878993	-3.12378238420153	1	1	1.4334465005737
77.8439963048318	-3.02469391943269	1	1	1.43600375955079
77.8574388823914	-2.9255707544377	1	1	1.43856101852704
77.8706279326695	-2.82641353743951	1	1	1.44111827750525
77.8835633694152	-2.72722291688363	1	1	1.44367553648241
77.8962451080364	-2.62799954143406	1	1	1.44623279546038
77.9086730655999	-2.528744059969	1	1	1.44879005443657
77.9208471608324	-2.42945712157657	1	1	1.45134731341404
77.9327673141204	-2.33013937555073	1	1	1.45390457239187
77.9444334475112	-2.23079147138677	1	1	1.45646183136891
77.9558454847134	-2.13141405877724	1	1	1.45901909034538
77.9670033510972	-2.03200778760777	1	1	1.46157634932387
77.9779069736948	-1.93257330795248	1	1	1.46413360830007
77.9885562812014	-1.83311127007021	1	1	1.46669086727837
77.9989512039749	-1.73362232439987	1	1	1.46924812625552
78.0090916740371	-1.63410712155635	1	1	1.47180538523229
78.0189776250737	-1.53456631232638	1	1	1.47436264420978
78.0286089924348	-1.43500054766389	1	1	1.47691990318695
78.0379857131354	-1.33541047868628	1	1	1.47947716216407
78.0471077258558	-1.23579675666972	1	1	1.48203442114166
78.0559749709419	-1.13616003304508	1	1	1.48459168011866
78.0645873904058	-1.03650095939378	1	1	1.48714893909653
78.0729449279259	-0.936820187443173	1	1	1.48970619807323
78.0810475288476	-0.83711836906273	1	1	1.49226345705088
78.0888951401833	-0.737396156259429	1	1	1.49482071602823
78.096487710613	-0.63765420117362	1	1	1.49737797500539
78.1038251904846	-0.53789315607486	1	1	1.49993523398268
78.1109075318141	-0.438113673357444	1	1	1.50249249295952
78.1177346882861	-0.338316405536274	1	1	1.50504975193666
78.1243066152539	-0.238502005242561	1	1	1.50760701091494
78.1306232697398	-0.138671125219518	1	1	1.51016426989129
78.1366846104358	-0.038824418318236	1	1	1.51272152886981
78.1424905977031	0.0610374625068011	1	1	1.51527878784595
78.1480411935733	0.160913864201876	1	1	1.51783604682296
78.1533363617478	0.260804133618174	1	1	1.52039330580082
78.1583760675984	0.360707617516431	1	1	1.52295056477841
78.1631602781676	0.460623662570728	1	1	1.52550782375526
78.1676889621688	0.560551615373137	1	1	1.52806508273273
78.1719620899863	0.660490822437858	1	1	1.53062234170992
78.1759796336757	0.760440630205356	1	1	1.53317960068709
78.179741566964	0.860400385047015	1	1	1.535736859665
78.1832478652497	0.960369433268923	1	1	1.53829411864208
78.1864985056032	1.06034712111654	1	1	1.54085137761918
78.1894934667667	1.16033279477881	1	1	1.54340863659594
78.1922327291545	1.26032580039238	1	1	1.54596589557351
78.1947162748529	1.36032548404601	1	1	1.54852315455089
78.1969440876206	1.46033119178479	1	1	1.55108041352787
78.1989161528887	1.56034226961441	1	1	1.55363767250633
78.2006324577606	1.66035806350546	1	1	1.55619493148188
78.2020929910127	1.76037791939759	1	1	1.55875219046082
78.2032977430934	1.860401183204	1	1	1.56130944943715
78.2042467061244	1.9604272008156	1	1	1.56386670841418
78.2049398738998	2.06045531810515	1	1	1.56642396739237
78.2053772418865	2.16048488093191	1	1	1.57764533979151
78.2043497005988	2.31051017964072	0	1	1.58229764280343
78.2031994011976	2.41052035928144	0	1	1.58229764280328
78.2020491017964	2.51053053892216	0	1	1.58229764280343
78.2008988023952	2.61054071856287	0	1	1.58229764280343
78.199748502994	2.71055089820359	0	1	1.58229764280343
78.1985982035928	2.81056107784431	0	1	1.58229764280328
78.1974479041916	2.91057125748503	0	1	1.58229764280343
78.1962976047904	3.01058143712575	0	1	1.58229764280343
78.1951473053892	3.11059161676647	0	1	1.58229764280343
78.193997005988	3.21060179640719	0	1	1.58229764280328
78.1928467065868	3.3106119760479	0	1	1.58229764280343
78.1916964071856	3.41062215568862	0	1	1.58229764280343
78.1905461077844	3.51063233532934	0	1	1.58229764280343
78.1893958083832	3.61064251497006	0	1	1.58229764280328
78.188245508982	3.71065269461078	0	1	1.58229764280343
78.1870952095808	3.8106628742515	0	1	1.58229764280343
78.1859449101796	3.91067305389222	0	1	1.58229764280343
78.1847946107784	4.01068323353293	0	1	1.58229764280243
78.1836443113773	4.11069341317365	0	1	1.58229764280428
78.182494011976	4.21070359281437	0	1	1.58229764280343
78.1813437125748	4.31071377245509	0	1	1.58229764280243
78.1801934131737	4.41072395209581	0	1	1.58229764280343
78.1790431137725	4.51073413173653	0	1	1.58229764280328
78.1778928143713	4.61074431137725	0	1	1.58229764280343
78.1767425149701	4.71075449101796	0	1	1.58229764280343
78.1755922155689	4.81076467065868	0	1	1.58229764280343
78.1744419161677	4.9107748502994	0	1	1.58229764280328
78.1732916167665	5.01078502994012	0	1	1.58229764280343
78.1721413173653	5.11079520958084	0	1	1.58229764280343
78.1709910179641	5.21080538922156	0	1	1.58229764280343
78.1698407185629	5.31081556886228	0	1	1.58229764280328
78.1686904191617	5.41082574850299	0	1	1.58229764280343
78.1675401197605	5.51083592814371	0	1	1.58229764280343
78.1663898203593	5.61084610778443	0	1	1.58229764280343
78.1652395209581	5.71085628742515	0	1	1.58229764280328
78.1640892215569	5.81086646706587	0	1	1.58229764280343
78.1629389221557	5.91087664670659	0	1	1.58229764280343
78.1617886227545	6.01088682634731	0	1	1.58229764280343
78.1606383233533	6.11089700598802	0	1	1.58229764280343
78.1594880239521	6.21090718562874	0	1	1.58229764280328
78.1583377245509	6.31091736526946	0	1	1.58229764280343
78.1571874251497	6.41092754491018	0	1	1.58229764280343
78.1560371257485	6.5109377245509	0	1	1.58229764280343
78.1548868263473	6.61094790419162	0	1	1.58229764280328
78.1537365269461	6.71095808383234	0	1	1.58229764280343
78.1525862275449	6.81096826347305	0	1	1.58229764280343
78.1514359281437	6.91097844311377	0	1	1.58229764280343
78.1502856287425	7.01098862275449	0	1	1.58229764280328
78.1491353293413	7.11099880239521	0	1	1.58229764280343
78.1479850299401	7.21100898203593	0	1	1.58229764280343
78.1468347305389	7.31101916167665	0	1	1.58229764280343
78.1456844311377	7.41102934131736	0	1	1.58229764280328
78.1445341317365	7.51103952095808	0	1	1.58229764280343
78.1433838323353	7.6110497005988	0	1	1.58229764280343
78.1422335329341	7.71105988023952	0	1	1.58229764280343
78.1410832335329	7.81107005988024	0	1	1.58229764280328
78.1399329341317	7.91108023952096	0	1	1.58229764280343
78.1387826347305	8.01109041916168	0	1	1.58229764280343
78.1376323353293	8.11110059880239	0	1	1.58229764280243
78.1364820359282	8.21111077844311	0	1	1.58229764280343
78.135331736527	8.31112095808383	0	1	1.58229764280428
78.1341814371257	8.41113113772455	0	1	1.58229764280243
78.1330311377246	8.51114131736527	0	1	1.58229764280343
78.1318808383234	8.61115149700599	0	1	1.58229764280343
78.1307305389222	8.71116167664671	0	1	1.58229764280328
78.129580239521	8.81117185628742	0	1	1.58229764280343
78.1284299401198	8.91118203592814	0	1	1.58229764280343
78.1272796407186	9.01119221556886	0	1	1.58229764280343
78.1261293413174	9.11120239520958	0	1	1.58229764280328
78.1249790419162	9.2112125748503	0	1	1.58229764280343
78.123828742515	9.31122275449102	0	1	1.58229764280343
78.1226784431138	9.41123293413174	0	1	1.58229764280343
78.1215281437126	9.51124311377245	0	1	1.58229764280328
78.1203778443114	9.61125329341317	0	1	1.58229764280343
78.1192275449102	9.71126347305389	0	1	1.58229764280343
78.118077245509	9.81127365269461	0	1	1.58229764280343
78.1169269461078	9.91128383233533	0	1	1.58229764280329
78.1157766467066	10.011294011976	0	1	1.58229764280342
78.1146263473054	10.1113041916168	0	1	1.58229764280343
78.1134760479042	10.2113143712575	0	1	1.58229764280343
78.112325748503	10.3113245508982	0	1	1.58229764280343
78.1111754491018	10.4113347305389	0	1	1.58229764280329
78.1100251497006	10.5113449101796	0	1	1.58229764280342
78.1088748502994	10.6113550898204	0	1	1.58229764280343
78.1077245508982	10.7113652694611	0	1	1.58229764280343
78.106574251497	10.8113754491018	0	1	1.58229764280329
78.1054239520958	10.9113856287425	0	1	1.58229764280343
78.1042736526946	11.0113958083832	0	1	1.58229764280342
78.1031233532934	11.111405988024	0	1	1.58229764280343
78.1019730538922	11.2114161676647	0	1	1.58229764280329
78.100822754491	11.3114263473054	0	1	1.58229764280343
78.0996724550898	11.4114365269461	0	1	1.58229764280343
78.0985221556886	11.5114467065868	0	1	1.58229764280343
78.0973718562874	11.6114568862275	0	1	1.58229764280327
78.0962215568862	11.7114670658683	0	1	1.58229764280343
78.095071257485	11.811477245509	0	1	1.58229764280343
78.0939209580838	11.9114874251497	0	1	1.58229764280343
78.0927706586826	12.0114976047904	0	1	1.58229764280329
78.0916203592814	12.1115077844311	0	1	1.58229764280342
78.0904700598802	12.2115179640719	0	1	1.58229764280243
78.0893197604791	12.3115281437126	0	1	1.58229764280442
78.0881694610778	12.4115383233533	0	1	1.58229764280343
78.0870191616766	12.511548502994	0	1	1.58229764280229
78.0858688622755	12.6115586826347	0	1	1.58229764280343
78.0847185628743	12.7115688622754	0	1	1.58229764280342
78.0835682634731	12.8115790419162	0	1	1.58229764280343
78.0824179640719	12.9115892215569	0	1	1.58229764280329
78.0812676646707	13.0115994011976	0	1	1.58229764280343
78.0801173652695	13.1116095808383	0	1	1.58229764280343
78.0789670658683	13.211619760479	0	1	1.58229764280342
78.0778167664671	13.3116299401198	0	1	1.58229764280329
78.0766664670659	13.4116401197605	0	1	1.58229764280343
78.0755161676647	13.5116502994012	0	1	1.58229764280343
78.0743658682635	13.6116604790419	0	1	1.58229764280343
78.0732155688623	13.7116706586826	0	1	1.58229764280327
78.0720652694611	13.8116808383234	0	1	1.58229764280343
78.0709149700599	13.9116910179641	0	1	1.58229764280343
78.0697646706587	14.0117011976048	0	1	1.58229764280343
78.0686143712575	14.1117113772455	0	1	1.58229764280329
78.0674640718563	14.2117215568862	0	1	1.58229764280343
78.0663137724551	14.3117317365269	0	1	1.58229764280342
78.0651634730539	14.4117419161677	0	1	1.58229764280343
78.0640131736527	14.5117520958084	0	1	1.58229764280343
78.0628628742515	14.6117622754491	0	1	1.58229764280329
78.0617125748503	14.7117724550898	0	1	1.58229764280343
78.0605622754491	14.8117826347305	0	1	1.58229764280342
78.0594119760479	14.9117928143713	0	1	1.58229764280343
78.0582616766467	15.011802994012	0	1	1.58229764280329
78.0571113772455	15.1118131736527	0	1	1.58229764280343
78.0559610778443	15.2118233532934	0	1	1.58229764280343
78.0548107784431	15.3118335329341	0	1	1.58229764280343
78.0536604790419	15.4118437125748	0	1	1.58229764280327
78.0525101796407	15.5118538922156	0	1	1.58229764280343
78.0513598802395	15.6118640718563	0	1	1.58229764280343
78.0502095808383	15.711874251497	0	1	1.58229764280343
78.0490592814371	15.8118844311377	0	1	1.58229764280329
78.0479089820359	15.9118946107784	0	1	1.58229764280342
78.0467586826347	16.0119047904192	0	1	1.58229764280343
78.0456083832335	16.1119149700599	0	1	1.58229764280343
78.0444580838323	16.2119251497006	0	1	1.58229764280343
78.0433077844311	16.3119353293413	0	1	1.58229764280329
78.0421574850299	16.411945508982	0	1	1.58229764280342
78.0410071856287	16.5119556886228	0	1	1.58229764280343
78.0398568862275	16.6119658682635	0	1	1.58229764280243
78.0387065868264	16.7119760479042	0	1	1.58229764280329
78.0375562874252	16.8119862275449	0	1	1.58229764280442
78.0364059880239	16.9119964071856	0	1	1.58229764280243
78.0352556886228	17.0120065868263	0	1	1.58229764280342
78.0341053892216	17.1120167664671	0	1	1.58229764280329
78.0329550898204	17.2120269461078	0	1	1.58229764280343
78.0318047904192	17.3120371257485	0	1	1.58229764280343
78.030654491018	17.4120473053892	0	1	1.58229764280343
78.0295041916168	17.5120574850299	0	1	1.58229764280327
78.0283538922156	17.6120676646707	0	1	1.58229764280343
78.0272035928144	17.7120778443114	0	1	1.58229764280343
78.0260532934132	17.8120880239521	0	1	1.58229764280343
78.024902994012	17.9120982035928	0	1	1.58229764280329
78.0237526946108	18.0121083832335	0	1	1.58229764280342
78.0226023952096	18.1121185628743	0	1	1.58229764280343
78.0214520958084	18.212128742515	0	1	1.58229764280343
78.0203017964072	18.3121389221557	0	1	1.58229764280329
78.019151497006	18.4121491017964	0	1	1.58229764280343
78.0180011976048	18.5121592814371	0	1	1.58229764280343
78.0168508982036	18.6121694610778	0	1	1.58229764280342
78.0157005988024	18.7121796407186	0	1	1.58229764280343
78.0145502994012	18.8121898203593	0	1	1.58229764280329
78.0134	18.9122	0	1	1.58229764280343
78.0122497005988	19.0122101796407	0	1	1.58229764280343
78.0110994011976	19.1122203592814	0	1	1.58229764280342
78.0099491017964	19.2122305389222	0	1	1.58229764280329
78.0087988023952	19.3122407185629	0	1	1.58229764280343
78.007648502994	19.4122508982036	0	1	1.58229764280343
78.0064982035928	19.5122610778443	0	1	1.58229764280343
78.0053479041916	19.612271257485	0	1	1.58229764280329
78.0041976047904	19.7122814371257	0	1	1.58229764280342
78.0030473053892	19.8122916167665	0	1	1.58229764280343
78.001897005988	19.9123017964072	0	1	1.58229764280343
78.0007467065868	20.0123119760479	0	1	1.58229764280329
77.9995964071856	20.1123221556886	0	1	1.58229764280343
77.9984461077844	20.2123323353293	0	1	1.58229764280342
77.9972958083832	20.3123425149701	0	1	1.58229764280343
77.996145508982	20.4123526946108	0	1	1.58229764280343
77.9949952095808	20.5123628742515	0	1	1.58229764280329
77.9938449101796	20.6123730538922	0	1	1.58229764280343
77.9926946107784	20.7123832335329	0	1	1.58229764280242
77.9915443113773	20.8123934131737	0	1	1.58229764280442
77.990394011976	20.9124035928144	0	1	1.58229764280329
77.9892437125748	21.0124137724551	0	1	1.58229764280243
77.9880934131737	21.1124239520958	0	1	1.58229764280343
77.9869431137725	21.2124341317365	0	1	1.58229764280343
77.9857928143713	21.3124443113772	0	1	1.58229764280327
77.9846425149701	21.412454491018	0	1	1.58229764280343
77.9834922155689	21.5124646706587	0	1	1.58229764280343
77.9823419161677	21.6124748502994	0	1	1.58229764280343
77.9811916167665	21.7124850299401	0	1	1.58229764280329
77.9800413173653	21.8124952095808	0	1	1.58229764280342
77.9788910179641	21.9125053892216	0	1	1.58229764280343
77.9777407185629	22.0125155688623	0	1	1.58229764280343
77.9765904191617	22.112525748503	0	1	1.58229764280329
77.9754401197605	22.2125359281437	0	1	1.58229764280343
77.9742898203593	22.3125461077844	0	1	1.58229764280343
77.9731395209581	22.4125562874251	0	1	1.58229764280342
77.9719892215569	22.5125664670659	0	1	1.58229764280329
77.9708389221557	22.6125766467066	0	1	1.58229764280343
77.9696886227545	22.7125868263473	0	1	1.58229764280343
77.9685383233533	22.812597005988	0	1	1.58229764280343
77.9673880239521	22.9126071856287	0	1	1.58229764280342
77.9662377245509	23.0126173652695	0	1	1.58229764280329
77.9650874251497	23.1126275449102	0	1	1.58229764280343
77.9639371257485	23.2126377245509	0	1	1.58229764280343
77.9627868263473	23.3126479041916	0	1	1.58229764280343
77.9616365269461	23.4126580838323	0	1	1.58229764280327
77.9604862275449	23.5126682634731	0	1	1.58229764280343
77.9593359281437	23.6126784431138	0	1	1.58229764280343
77.9581856287425	23.7126886227545	0	1	1.58229764280343
77.9570353293413	23.8126988023952	0	1	1.58229764280329
77.9558850299401	23.9127089820359	0	1	1.58229764280343
77.9547347305389	24.0127191616766	0	1	1.58229764280342
77.9535844311377	24.1127293413174	0	1	1.58229764280343
77.9524341317365	24.2127395209581	0	1	1.58229764280329
77.9512838323353	24.3127497005988	0	1	1.58229764280343
77.9501335329341	24.4127598802395	0	1	1.58229764280343
77.9489832335329	24.5127700598802	0	1	1.58229764280342
77.9478329341317	24.612780239521	0	1	1.58229764280343
77.9466826347305	24.7127904191617	0	1	1.58229764280329
77.9455323353293	24.8128005988024	0	1	1.58229764280343
77.9443820359281	24.9128107784431	0	1	1.58229764280343
77.9432317365269	25.0128209580838	0	1	1.58229764280243
77.9420814371258	25.1128311377245	0	1	1.58229764280327
77.9409311377246	25.2128413173653	0	1	1.58229764280343
77.9397808383234	25.312851497006	0	1	1.58229764280343
77.9386305389222	25.4128616766467	0	1	1.58229764280343
77.937480239521	25.5128718562874	0	1	1.58229764280329
77.9363299401198	25.6128820359281	0	1	1.58229764280342
77.9351796407186	25.7128922155689	0	1	1.58229764280343
77.9340293413174	25.8129023952096	0	1	1.58229764280343
77.9328790419162	25.9129125748503	0	1	1.58229764280329
77.931728742515	26.012922754491	0	1	1.58229764280343
77.9305784431138	26.1129329341317	0	1	1.58229764280342
77.9294281437126	26.2129431137725	0	1	1.58229764280343
77.9282778443114	26.3129532934132	0	1	1.58229764280329
77.9271275449102	26.4129634730539	0	1	1.58229764280343
77.925977245509	26.5129736526946	0	1	1.58229764280343
77.9248269461078	26.6129838323353	0	1	1.58229764280343
77.9236766467066	26.712994011976	0	1	1.58229764280327
77.9225263473054	26.8130041916168	0	1	1.58229764280343
77.9213760479042	26.9130143712575	0	1	1.58229764280343
77.920225748503	27.0130245508982	0	1	1.58229764280343
77.9190754491018	27.1130347305389	0	1	1.58229764280343
77.9179251497006	27.2130449101796	0	1	1.58229764280327
77.9167748502994	27.3130550898204	0	1	1.58229764280343
77.9156245508982	27.4130652694611	0	1	1.58229764280343
77.914474251497	27.5130754491018	0	1	1.58229764280343
77.9133239520958	27.6130856287425	0	1	1.58229764280329
77.9121736526946	27.7130958083832	0	1	1.58229764280343
77.9110233532934	27.8131059880239	0	1	1.58229764280342
77.9098730538922	27.9131161676647	0	1	1.58229764280343
77.908722754491	28.0131263473054	0	1	1.58229764280329
77.9075724550898	28.1131365269461	0	1	1.58229764280343
77.9064221556886	28.2131467065868	0	1	1.58229764280343
77.9052718562874	28.3131568862275	0	1	1.58229764280342
77.9041215568862	28.4131670658683	0	1	1.58229764280329
77.902971257485	28.513177245509	0	1	1.58229764280343
77.9018209580838	28.6131874251497	0	1	1.58229764280343
77.9006706586826	28.7131976047904	0	1	1.58229764280343
77.8995203592814	28.8132077844311	0	1	1.58229764280342
77.8983700598802	28.9132179640719	0	1	1.58229764280329
77.897219760479	29.0132281437126	0	1	1.58229764280343
77.8960694610778	29.1132383233533	0	1	1.58229764280243
77.8949191616767	29.213248502994	0	1	1.58229764280343
77.8937688622755	29.3132586826347	0	1	1.58229764280329
77.8926185628743	29.4132688622754	0	1	1.58229764280342
77.8914682634731	29.5132790419162	0	1	1.58229764280343
77.8903179640719	29.6132892215569	0	1	1.58229764280343
77.8891676646707	29.7132994011976	0	1	1.58229764280329
77.8880173652695	29.8133095808383	0	1	1.58229764280343
77.8868670658683	29.913319760479	0	1	1.58229764280342
77.8857167664671	30.0133299401198	0	1	1.58229764280343
77.8845664670659	30.1133401197605	0	1	1.58229764280329
77.8834161676647	30.2133502994012	0	1	1.58229764280343
77.8822658682635	30.3133604790419	0	1	1.58229764280343
77.8811155688623	30.4133706586826	0	1	1.58229764280342
77.8799652694611	30.5133808383234	0	1	1.58229764280329
77.8788149700599	30.6133910179641	0	1	1.58229764280343
77.8776646706587	30.7134011976048	0	1	1.58229764280343
77.8765143712575	30.8134113772455	0	1	1.58229764280343
77.8753640718563	30.9134215568862	0	1	1.58229764280343
77.8742137724551	31.0134317365269	0	1	1.58229764280327
77.8730634730539	31.1134419161677	0	1	1.58229764280343
77.8719131736527	31.2134520958084	0	1	1.58229764280343
77.8707628742515	31.3134622754491	0	1	1.58229764280343
77.8696125748503	31.4134724550898	0	1	1.58229764280329
77.8684622754491	31.5134826347305	0	1	1.58229764280342
77.8673119760479	31.6134928143713	0	1	1.58229764280343
77.8661616766467	31.713502994012	0	1	1.58229764280343
77.8650113772455	31.8135131736527	0	1	1.58229764280329
77.8638610778443	31.9135233532934	0	1	1.58229764280343
77.8627107784431	32.0135335329341	0	1	1.58229764280342
77.8615604790419	32.1135437125749	0	1	1.58229764280343
77.8604101796407	32.2135538922156	0	1	1.58229764280329
77.8592598802395	32.3135640718563	0	1	1.58229764280343
77.8581095808383	32.413574251497	0	1	1.58229764280343
77.8569592814371	32.5135844311377	0	1	1.58229764280343
77.8558089820359	32.6135946107784	0	1	1.58229764280327
77.8546586826347	32.7136047904192	0	1	1.58229764280343
77.8535083832335	32.8136149700599	0	1	1.58229764280343
77.8523580838323	32.9136251497006	0	1	1.58229764280343
77.8512077844311	33.0136353293413	0	1	1.58229764280343
77.8500574850299	33.113645508982	0	1	1.58229764280327
77.8489071856287	33.2136556886228	0	1	1.58229764280343
77.8477568862275	33.3136658682635	0	1	1.58229764280243
77.8466065868264	33.4136760479042	0	1	1.58229764280343
77.8454562874252	33.5136862275449	0	1	1.58229764280329
77.844305988024	33.6136964071856	0	1	1.58229764280343
77.8431556886228	33.7137065868263	0	1	1.58229764280342
77.8420053892216	33.8137167664671	0	1	1.58229764280343
77.8408550898204	33.9137269461078	0	1	1.58229764280329
77.8397047904192	34.0137371257485	0	1	1.58229764280343
77.838554491018	34.1137473053892	0	1	1.58229764280343
77.8374041916168	34.2137574850299	0	1	1.58229764280342
77.8362538922156	34.3137676646707	0	1	1.58229764280329
77.8351035928144	34.4137778443114	0	1	1.58229764280343
77.8339532934132	34.5137880239521	0	1	1.58229764280343
77.832802994012	34.6137982035928	0	1	1.58229764280343
77.8316526946108	34.7138083832335	0	1	1.58229764280329
77.8305023952096	34.8138185628742	0	1	1.58229764280342
77.8293520958084	34.913828742515	0	1	1.58229764280343
77.8282017964072	35.0138389221557	0	1	1.58229764280343
77.827051497006	35.1138491017964	0	1	1.58229764280343
77.8259011976048	35.2138592814371	0	1	1.58229764280329
77.8247508982036	35.3138694610778	0	1	1.58229764280342
77.8236005988024	35.4138796407186	0	1	1.58229764280343
77.8224502994012	35.5138898203593	0	1	1.58229764280343
77.8213	35.6139	0	1	1.58229764280329
77.8201497005988	35.7139101796407	0	1	1.58229764280343
77.8189994011976	35.8139203592814	0	1	1.58229764280342
77.8178491017964	35.9139305389222	0	1	1.58229764280343
77.8166988023952	36.0139407185629	0	1	1.58229764280329
77.815548502994	36.1139508982036	0	1	1.58229764280343
77.8143982035928	36.2139610778443	0	1	1.58229764280343
77.8132479041916	36.313971257485	0	1	1.58229764280343
77.8120976047904	36.4139814371257	0	1	1.58229764280327
77.8109473053892	36.5139916167665	0	1	1.58229764280343
77.809797005988	36.6140017964072	0	1	1.58229764280343
77.8086467065868	36.7140119760479	0	1	1.58229764280343
77.8074964071856	36.8140221556886	0	1	1.58229764280329
77.8063461077844	36.9140323353293	0	1	1.58229764280342
77.8051958083832	37.0140425149701	0	1	1.58229764280343
77.804045508982	37.1140526946108	0	1	1.58229764280343
77.8028952095808	37.2140628742515	0	1	1.58229764280229
77.8017449101797	37.3140730538922	0	1	1.58229764280442
77.8005946107784	37.4140832335329	0	1	1.58229764280342
77.7994443113772	37.5140934131737	0	1	1.58229764280243
77.7982940119761	37.6141035928144	0	1	1.58229764280343
77.7971437125749	37.7141137724551	0	1	1.58229764280329
77.7959934131737	37.8141239520958	0	1	1.58229764280343
77.7948431137725	37.9141341317365	0	1	1.58229764280343
77.7936928143713	38.0141443113772	0	1	1.58229764280342
77.7925425149701	38.114154491018	0	1	1.58229764280329
77.7913922155689	38.2141646706587	0	1	1.58229764280343
77.7902419161677	38.3141748502994	0	1	1.58229764280343
77.7890916167665	38.4141850299401	0	1	1.58229764280343
77.7879413173653	38.5141952095808	0	1	1.58229764280327
77.7867910179641	38.6142053892216	0	1	1.58229764280343
77.7856407185629	38.7142155688623	0	1	1.58229764280343
77.7844904191617	38.814225748503	0	1	1.58229764280343
77.7833401197605	38.9142359281437	0	1	1.58229764280329
77.7821898203593	39.0142461077844	0	1	1.58229764280343
77.7810395209581	39.1142562874251	0	1	1.58229764280342
77.7798892215569	39.2142664670659	0	1	1.58229764280343
77.7787389221557	39.3142766467066	0	1	1.58229764280343
77.7775886227545	39.4142868263473	0	1	1.58229764280329
77.7764383233533	39.514297005988	0	1	1.58229764280343
77.7752880239521	39.6143071856287	0	1	1.58229764280342
77.7741377245509	39.7143173652695	0	1	1.58229764280343
77.7729874251497	39.8143275449102	0	1	1.58229764280329
77.7718371257485	39.9143377245509	0	1	1.58229764280343
77.7706868263473	40.0143479041916	0	1	1.58229764280343
77.7695365269461	40.1143580838323	0	1	1.58229764280343
77.7683862275449	40.214368263473	0	1	1.58229764280327
77.7672359281437	40.3143784431138	0	1	1.58229764280343
77.7660856287425	40.4143886227545	0	1	1.58229764280343
77.7649353293413	40.5143988023952	0	1	1.58229764280343
77.7637850299401	40.6144089820359	0	1	1.58229764280327
77.7626347305389	40.7144191616767	0	1	1.58229764280343
77.7614844311377	40.8144293413174	0	1	1.58229764280343
77.7603341317365	40.9144395209581	0	1	1.58229764280343
77.7591838323353	41.0144497005988	0	1	1.58229764280329
77.7580335329341	41.1144598802395	0	1	1.58229764280343
77.7568832335329	41.2144700598802	0	1	1.58229764280342
77.7557329341317	41.314480239521	0	1	1.58229764280243
77.7545826347306	41.4144904191617	0	1	1.58229764280442
77.7534323353293	41.5145005988024	0	1	1.58229764280329
77.7522820359281	41.6145107784431	0	1	1.58229764280343
77.7511317365269	41.7145209580838	0	1	1.58229764280343
77.7499814371257	41.8145311377245	0	1	1.58229764280242
77.7488311377246	41.9145413173653	0	1	1.58229764280329
77.7476808383234	42.014551497006	0	1	1.58229764280343
77.7465305389222	42.1145616766467	0	1	1.58229764280343
77.745380239521	42.2145718562874	0	1	1.58229764280343
77.7442299401198	42.3145820359281	0	1	1.58229764280427
77.7430796407185	42.4145922155689	0	1	1.58229764280243
77.7419293413174	42.5146023952096	0	1	1.58229764280343
77.7407790419162	42.6146125748503	0	1	1.58229764280343
77.739628742515	42.714622754491	0	1	1.58229764280329
77.7384784431138	42.8146329341317	0	1	1.58229764280343
77.7373281437126	42.9146431137724	0	1	1.58229764280342
77.7361778443114	43.0146532934132	0	1	1.58229764280343
77.7350275449102	43.1146634730539	0	1	1.58229764280329
77.733877245509	43.2146736526946	0	1	1.58229764280343
77.7327269461078	43.3146838323353	0	1	1.58229764280343
77.7315766467066	43.414694011976	0	1	1.58229764280342
77.7304263473054	43.5147041916168	0	1	1.58229764280343
77.7292760479042	43.6147143712575	0	1	1.58229764280329
77.728125748503	43.7147245508982	0	1	1.58229764280343
77.7269754491018	43.8147347305389	0	1	1.58229764280343
77.7258251497006	43.9147449101796	0	1	1.58229764280342
77.7246748502994	44.0147550898204	0	1	1.58229764280329
77.7235245508982	44.1147652694611	0	1	1.58229764280343
77.722374251497	44.2147754491018	0	1	1.58229764280343
77.7212239520958	44.3147856287425	0	1	1.58229764280343
77.7200736526946	44.4147958083832	0	1	1.58229764280329
77.7189233532934	44.5148059880239	0	1	1.58229764280342
77.7177730538922	44.6148161676647	0	1	1.58229764280343
77.716622754491	44.7148263473054	0	1	1.58229764280343
77.7154724550898	44.8148365269461	0	1	1.58229764280329
77.7143221556886	44.9148467065868	0	1	1.58229764280343
77.7131718562874	45.0148568862275	0	1	1.58229764280342
77.7120215568862	45.1148670658683	0	1	1.58229764280343
77.710871257485	45.214877245509	0	1	1.58229764280329
77.7097209580838	45.3148874251497	0	1	1.58229764280343
77.7085706586826	45.4148976047904	0	1	1.58229764280343
77.7074203592814	45.5149077844311	0	1	1.58229764280342
77.7062700598802	45.6149179640719	0	1	1.58229764280229
77.7051197604791	45.7149281437126	0	1	1.58229764280442
77.7039694610778	45.8149383233533	0	1	1.58229764280343
77.7028191616766	45.914948502994	0	1	1.58229764280243
77.7016688622755	46.0149586826347	0	1	1.58229764280343
77.7005185628743	46.1149688622754	0	1	1.58229764280427
77.699368263473	46.2149790419162	0	1	1.58229764280243
77.6982179640719	46.3149892215569	0	1	1.58229764280343
77.6970676646707	46.4149994011976	0	1	1.58229764280343
77.6959173652695	46.5150095808383	0	1	1.58229764280329
77.6947670658683	46.615019760479	0	1	1.58229764280342
77.6936167664671	46.7150299401198	0	1	1.58229764280343
77.6924664670659	46.8150401197605	0	1	1.58229764280343
77.6913161676647	46.9150502994012	0	1	1.58229764280329
77.6901658682635	47.0150604790419	0	1	1.58229764280343
77.6890155688623	47.1150706586826	0	1	1.58229764280342
77.6878652694611	47.2150808383234	0	1	1.58229764280343
77.6867149700599	47.3150910179641	0	1	1.58229764280329
77.6855646706587	47.4151011976048	0	1	1.58229764280343
77.6844143712575	47.5151113772455	0	1	1.58229764280343
77.6832640718563	47.6151215568862	0	1	1.58229764280343
77.6821137724551	47.7151317365269	0	1	1.58229764280342
77.6809634730539	47.8151419161677	0	1	1.58229764280329
77.6798131736527	47.9151520958084	0	1	1.58229764280343
77.6786628742515	48.0151622754491	0	1	1.58229764280343
77.6775125748503	48.1151724550898	0	1	1.58229764280343
77.6763622754491	48.2151826347305	0	1	1.58229764280327
77.6752119760479	48.3151928143713	0	1	1.58229764280343
77.6740616766467	48.415202994012	0	1	1.58229764280343
77.6729113772455	48.5152131736527	0	1	1.58229764280343
77.6717610778443	48.6152233532934	0	1	1.58229764280329
77.6706107784431	48.7152335329341	0	1	1.58229764280343
77.6694604790419	48.8152437125748	0	1	1.58229764280342
77.6683101796407	48.9152538922156	0	1	1.58229764280343
77.6671598802395	49.0152640718563	0	1	1.58229764280329
77.6660095808383	49.115274251497	0	1	1.58229764280343
77.6648592814371	49.2152844311377	0	1	1.58229764280343
77.6637089820359	49.3152946107784	0	1	1.58229764280343
77.6625586826347	49.4153047904191	0	1	1.58229764280327
77.6614083832335	49.5153149700599	0	1	1.58229764280343
77.6602580838323	49.6153251497006	0	1	1.58229764280343
77.6591077844311	49.7153353293413	0	1	1.58229764280243
77.65795748503	49.815345508982	0	1	1.58229764280342
77.6568071856288	49.9153556886228	0	1	1.58229764280428
77.6556568862275	50.0153658682635	0	1	1.58229764280243
77.6545065868264	50.1153760479042	0	1	1.58229764280343
77.6533562874252	50.2153862275449	0	1	1.58229764280343
77.652205988024	50.3153964071856	0	1	1.58229764280327
77.6510556886228	50.4154065868264	0	1	1.58229764280343
77.6499053892216	50.5154167664671	0	1	1.58229764280343
77.6487550898204	50.6154269461078	0	1	1.58229764280343
77.6476047904192	50.7154371257485	0	1	1.58229764280329
77.646454491018	50.8154473053892	0	1	1.58229764280343
77.6453041916168	50.9154574850299	0	1	1.58229764280342
77.6441538922156	51.0154676646707	0	1	1.58229764280343
77.6430035928144	51.1154778443114	0	1	1.58229764280329
77.6418532934132	51.2154880239521	0	1	1.58229764280343
77.640702994012	51.3154982035928	0	1	1.58229764280343
77.6395526946108	51.4155083832335	0	1	1.58229764280343
77.6384023952096	51.5155185628742	0	1	1.58229764280327
77.6372520958084	51.615528742515	0	1	1.58229764280343
77.6361017964072	51.7155389221557	0	1	1.58229764280343
77.634951497006	51.8155491017964	0	1	1.58229764280343
77.6338011976048	51.9155592814371	0	1	1.58229764280343
77.6326508982036	52.0155694610778	0	1	1.58229764280327
77.6315005988024	52.1155796407186	0	1	1.58229764280343
77.6303502994012	52.2155898203593	0	1	1.58229764280343
77.6292	52.3156	0	1	1.58229764280343
77.6280497005988	52.4156101796407	0	1	1.58229764280329
77.6268994011976	52.5156203592814	0	1	1.58229764280343
77.6257491017964	52.6156305389221	0	1	1.58229764280342
77.6245988023952	52.7156407185629	0	1	1.58229764280343
77.623448502994	52.8156508982036	0	1	1.58229764280329
77.6222982035928	52.9156610778443	0	1	1.58229764280343
77.6211479041916	53.015671257485	0	1	1.58229764280343
77.6199976047904	53.1156814371257	0	1	1.58229764280342
77.6188473053892	53.2156916167665	0	1	1.58229764280329
77.617697005988	53.3157017964072	0	1	1.58229764280343
77.6165467065868	53.4157119760479	0	1	1.58229764280343
77.6153964071856	53.5157221556886	0	1	1.58229764280343
77.6142461077844	53.6157323353293	0	1	1.58229764280327
77.6130958083832	53.7157425149701	0	1	1.58229764280343
77.611945508982	53.8157526946108	0	1	1.58229764280343
77.6107952095808	53.9157628742515	0	1	1.58229764280343
77.6096449101796	54.0157730538922	0	1	1.58229764280243
77.6084946107785	54.1157832335329	0	1	1.58229764280428
77.6073443113772	54.2157934131736	0	1	1.58229764280342
77.606194011976	54.3158035928144	0	1	1.58229764280243
77.6050437125749	54.4158137724551	0	1	1.58229764280343
77.6038934131737	54.5158239520958	0	1	1.58229764280428
77.6027431137724	54.6158341317365	0	1	1.58229764280243
77.6015928143713	54.7158443113772	0	1	1.58229764280342
77.6004425149701	54.815854491018	0	1	1.58229764280343
77.5992922155689	54.9158646706587	0	1	1.58229764280329
77.5981419161677	55.0158748502994	0	1	1.58229764280343
77.5969916167665	55.1158850299401	0	1	1.58229764280343
77.5958413173653	55.2158952095808	0	1	1.58229764280342
77.5946910179641	55.3159053892216	0	1	1.58229764280329
77.5935407185629	55.4159155688623	0	1	1.58229764280343
77.5923904191617	55.515925748503	0	1	1.58229764280343
77.5912401197605	55.6159359281437	0	1	1.58229764280343
77.5900898203593	55.7159461077844	0	1	1.58229764280329
77.5889395209581	55.8159562874251	0	1	1.58229764280342
77.5877892215569	55.9159664670659	0	1	1.58229764280343
77.5866389221557	56.0159766467066	0	1	1.58229764280343
77.5854886227545	56.1159868263473	0	1	1.58229764280343
77.5843383233533	56.215997005988	0	1	1.58229764280329
77.5831880239521	56.3160071856287	0	1	1.58229764280342
77.5820377245509	56.4160173652695	0	1	1.58229764280343
77.5808874251497	56.5160275449102	0	1	1.58229764280343
77.5797371257485	56.6160377245509	0	1	1.58229764280329
77.5785868263473	56.7160479041916	0	1	1.58229764280343
77.5774365269461	56.8160580838323	0	1	1.58229764280342
77.5762862275449	56.9160682634731	0	1	1.58229764280343
77.5751359281437	57.0160784431138	0	1	1.58229764280329
77.5739856287425	57.1160886227545	0	1	1.58229764280343
77.5728353293413	57.2160988023952	0	1	1.58229764280343
77.5716850299401	57.3161089820359	0	1	1.58229764280343
77.5705347305389	57.4161191616766	0	1	1.58229764280327
77.5693844311377	57.5161293413174	0	1	1.58229764280343
77.5682341317365	57.6161395209581	0	1	1.58229764280343
77.5670838323353	57.7161497005988	0	1	1.58229764280343
77.5659335329341	57.8161598802395	0	1	1.58229764280329
77.5647832335329	57.9161700598802	0	1	1.58229764280342
77.5636329341317	58.016180239521	0	1	1.58229764280343
77.5624826347305	58.1161904191617	0	1	1.58229764280343
77.5613323353293	58.2162005988024	0	1	1.58229764280243
77.5601820359282	58.3162107784431	0	1	1.58229764280428
77.5590317365269	58.4162209580838	0	1	1.58229764280242
77.5578814371258	58.5162311377246	0	1	1.58229764280343
77.5567311377246	58.6162413173653	0	1	1.58229764280343
77.5555808383234	58.716251497006	0	1	1.58229764280329
77.5544305389222	58.8162616766467	0	1	1.58229764280343
77.553280239521	58.9162718562874	0	1	1.58229764280343
77.5521299401198	59.0162820359281	0	1	1.58229764280342
77.5509796407186	59.1162922155689	0	1	1.58229764280329
77.5498293413174	59.2163023952096	0	1	1.58229764280343
77.5486790419162	59.3163125748503	0	1	1.58229764280343
77.547528742515	59.416322754491	0	1	1.58229764280343
77.5463784431138	59.5163329341317	0	1	1.58229764280327
77.5452281437126	59.6163431137725	0	1	1.58229764280343
77.5440778443114	59.7163532934132	0	1	1.58229764280343
77.5429275449102	59.8163634730539	0	1	1.58229764280343
77.541777245509	59.9163736526946	0	1	1.58229764280329
77.5406269461078	60.0163838323353	0	1	1.58229764280343
77.5394766467066	60.116394011976	0	1	1.58229764280342
77.5383263473054	60.2164041916168	0	1	1.58229764280343
77.5371760479042	60.3164143712575	0	1	1.58229764280343
77.536025748503	60.4164245508982	0	1	1.58229764280329
77.5348754491018	60.5164347305389	0	1	1.58229764280343
77.5337251497006	60.6164449101796	0	1	1.58229764280342
77.5325748502994	60.7164550898204	0	1	1.58229764280343
77.5314245508982	60.8164652694611	0	1	1.58229764280329
77.530274251497	60.9164754491018	0	1	1.58229764280343
77.5291239520958	61.0164856287425	0	1	1.58229764280343
77.5279736526946	61.1164958083832	0	1	1.58229764280342
77.5268233532934	61.216505988024	0	1	1.58229764280329
77.5256730538922	61.3165161676647	0	1	1.58229764280343
77.524522754491	61.4165263473054	0	1	1.58229764280343
77.5233724550898	61.5165365269461	0	1	1.58229764280343
77.5222221556886	61.6165467065868	0	1	1.58229764280329
77.5210718562874	61.7165568862275	0	1	1.58229764280342
77.5199215568862	61.8165670658683	0	1	1.58229764280343
77.518771257485	61.916577245509	0	1	1.58229764280343
77.5176209580838	62.0165874251497	0	1	1.58229764280343
77.5164706586826	62.1165976047904	0	1	1.58229764280329
77.5153203592814	62.2166077844311	0	1	1.58229764280342
77.5141700598802	62.3166179640719	0	1	1.58229764280343
77.513019760479	62.4166281437126	0	1	1.58229764280243
77.5118694610779	62.5166383233533	0	1	1.58229764280428
77.5107191616766	62.616648502994	0	1	1.58229764280243
77.5095688622755	62.7166586826347	0	1	1.58229764280343
77.5084185628743	62.8166688622754	0	1	1.58229764280342
77.5072682634731	62.9166790419162	0	1	1.58229764280329
77.5061179640719	63.0166892215569	0	1	1.58229764280343
77.5049676646707	63.1166994011976	0	1	1.58229764280343
77.5038173652695	63.2167095808383	0	1	1.58229764280343
77.5026670658683	63.316719760479	0	1	1.58229764280327
77.5015167664671	63.4167299401198	0	1	1.58229764280343
77.5003664670659	63.5167401197605	0	1	1.58229764280343
77.4992161676647	63.6167502994012	0	1	1.58229764280343
77.4980658682635	63.7167604790419	0	1	1.58229764280329
77.4969155688623	63.8167706586826	0	1	1.58229764280343
77.4957652694611	63.9167808383233	0	1	1.58229764280342
77.4946149700599	64.0167910179641	0	1	1.58229764280343
77.4934646706587	64.1168011976048	0	1	1.58229764280329
77.4923143712575	64.2168113772455	0	1	1.58229764280343
77.4911640718563	64.3168215568862	0	1	1.58229764280343
77.4900137724551	64.4168317365269	0	1	1.58229764280342
77.4888634730539	64.5168419161677	0	1	1.58229764280343
77.4877131736527	64.6168520958084	0	1	1.58229764280329
77.4865628742515	64.7168622754491	0	1	1.58229764280343
77.4854125748503	64.8168724550898	0	1	1.58229764280343
77.4842622754491	64.9168826347305	0	1	1.58229764280342
77.4831119760479	65.0168928143713	0	1	1.58229764280329
77.4819616766467	65.116902994012	0	1	1.58229764280343
77.4808113772455	65.2169131736527	0	1	1.58229764280343
77.4796610778443	65.3169233532934	0	1	1.58229764280343
77.4785107784431	65.4169335329341	0	1	1.58229764280329
77.4773604790419	65.5169437125748	0	1	1.58229764280342
77.4762101796407	65.6169538922156	0	1	1.58229764280343
77.4750598802395	65.7169640718563	0	1	1.58229764280343
77.4739095808383	65.816974251497	0	1	1.58229764280329
77.4727592814371	65.9169844311377	0	1	1.58229764280343
77.4716089820359	66.0169946107784	0	1	1.58229764280343
77.4704586826347	66.1170047904191	0	1	1.58229764280342
77.4693083832335	66.2170149700599	0	1	1.58229764280343
77.4681580838323	66.3170251497006	0	1	1.58229764280329
77.4670077844311	66.4170353293413	0	1	1.58229764280343
77.4658574850299	66.517045508982	0	1	1.58229764280243
77.4647071856288	66.6170556886227	0	1	1.58229764280342
77.4635568862276	66.7170658682635	0	1	1.58229764280428
77.4624065868263	66.8170760479042	0	1	1.58229764280243
77.4612562874252	66.9170862275449	0	1	1.58229764280343
77.460105988024	67.0170964071856	0	1	1.58229764280342
77.4589556886228	67.1171065868264	0	1	1.58229764280329
77.4578053892216	67.2171167664671	0	1	1.58229764280343
77.4566550898204	67.3171269461078	0	1	1.58229764280343
77.4555047904192	67.4171371257485	0	1	1.58229764280343
77.454354491018	67.5171473053892	0	1	1.58229764280329
77.4532041916168	67.6171574850299	0	1	1.58229764280342
77.4520538922156	67.7171676646707	0	1	1.58229764280343
77.4509035928144	67.8171778443114	0	1	1.58229764280343
77.4497532934132	67.9171880239521	0	1	1.58229764280329
77.448602994012	68.0171982035928	0	1	1.58229764280343
77.4474526946108	68.1172083832335	0	1	1.58229764280342
77.4463023952096	68.2172185628743	0	1	1.58229764280343
77.4451520958084	68.317228742515	0	1	1.58229764280329
77.4440017964072	68.4172389221557	0	1	1.58229764280343
77.442851497006	68.5172491017964	0	1	1.58229764280343
77.4417011976048	68.6172592814371	0	1	1.58229764280343
77.4405508982036	68.7172694610778	0	1	1.58229764280342
77.4394005988024	68.8172796407186	0	1	1.58229764280329
77.4382502994012	68.9172898203593	0	1	1.58229764280343
77.4371	69.0173	0	1	1.58229764280343
77.4359497005988	69.1173101796407	0	1	1.58229764280343
77.4347994011976	69.2173203592814	0	1	1.58229764280329
77.4336491017964	69.3173305389221	0	1	1.58229764280342
77.4324988023952	69.4173407185629	0	1	1.58229764280343
77.431348502994	69.5173508982036	0	1	1.58229764280343
77.4301982035928	69.6173610778443	0	1	1.58229764280329
77.4290479041916	69.717371257485	0	1	1.58229764280343
77.4278976047904	69.8173814371257	0	1	1.58229764280342
77.4267473053892	69.9173916167665	0	1	1.58229764280343
77.425597005988	70.0174017964072	0	1	1.58229764280329
77.4244467065868	70.1174119760479	0	1	1.58229764280343
77.4232964071856	70.2174221556886	0	1	1.58229764280343
77.4221461077844	70.3174323353293	0	1	1.58229764280343
77.4209958083832	70.41744251497	0	1	1.58229764280342
77.419845508982	70.5174526946108	0	1	1.58229764280329
77.4186952095808	70.6174628742515	0	1	1.58229764280343
77.4175449101796	70.7174730538922	0	1	1.58229764280343
77.4163946107784	70.8174832335329	0	1	1.58229764280243
77.4152443113773	70.9174934131736	0	1	1.58229764280427
77.414094011976	71.0175035928144	0	1	1.58229764280343
77.4129437125748	71.1175137724551	0	1	1.58229764280243
77.4117934131737	71.2175239520958	0	1	1.58229764280343
77.4106431137725	71.3175341317365	0	1	1.58229764280329
77.4094928143713	71.4175443113772	0	1	1.58229764280343
77.4083425149701	71.5175544910179	0	1	1.58229764280342
77.4071922155689	71.6175646706587	0	1	1.58229764280343
77.4060419161677	71.7175748502994	0	1	1.58229764280329
77.4048916167665	71.8175850299401	0	1	1.58229764280343
77.4037413173653	71.9175952095808	0	1	1.58229764280342
77.4025910179641	72.0176053892216	0	1	1.58229764280343
77.4014407185629	72.1176155688623	0	1	1.58229764280329
77.4002904191617	72.217625748503	0	1	1.58229764280343
77.3991401197605	72.3176359281437	0	1	1.58229764280343
77.3979898203593	72.4176461077844	0	1	1.58229764280343
77.3968395209581	72.5176562874251	0	1	1.58229764280327
77.3956892215569	72.6176664670659	0	1	1.58229764280343
77.3945389221557	72.7176766467066	0	1	1.58229764280343
77.3933886227545	72.8176868263473	0	1	1.58229764280343
77.3922383233533	72.917697005988	0	1	1.58229764280343
77.3910880239521	73.0177071856287	0	1	1.58229764280327
77.3899377245509	73.1177173652695	0	1	1.58229764280343
77.3887874251497	73.2177275449102	0	1	1.58229764280343
77.3876371257485	73.3177377245509	0	1	1.58229764280343
77.3864868263473	73.4177479041916	0	1	1.58229764280329
77.3853365269461	73.5177580838323	0	1	1.58229764280343
77.3841862275449	73.617768263473	0	1	1.58229764280342
77.3830359281437	73.7177784431138	0	1	1.58229764280343
77.3818856287425	73.8177886227545	0	1	1.58229764280329
77.3807353293413	73.9177988023952	0	1	1.58229764280343
77.3795850299401	74.0178089820359	0	1	1.58229764280343
77.3784347305389	74.1178191616766	0	1	1.58229764280342
77.3772844311377	74.2178293413174	0	1	1.58229764280329
77.3761341317365	74.3178395209581	0	1	1.58229764280343
77.3749838323353	74.4178497005988	0	1	1.58229764280343
77.3738335329341	74.5178598802395	0	1	1.58229764280343
77.3726832335329	74.6178700598802	0	1	1.58229764280342
77.3715329341317	74.717880239521	0	1	1.58229764280329
77.3703826347305	74.8178904191617	0	1	1.58229764280343
77.3692323353293	74.9179005988024	0	1	1.58229764280243
77.3680820359282	75.0179107784431	0	1	1.58229764280343
77.366931736527	75.1179209580838	0	1	1.58229764280428
77.3657814371257	75.2179311377245	0	1	1.58229764280242
77.3646311377246	75.3179413173653	0	1	1.58229764280343
77.3634808383234	75.417951497006	0	1	1.58229764280343
77.3623305389222	75.5179616766467	0	1	1.58229764280329
77.361180239521	75.6179718562874	0	1	1.58229764280343
77.3600299401198	75.7179820359281	0	1	1.58229764280342
77.3588796407186	75.8179922155689	0	1	1.58229764280343
77.3577293413174	75.9180023952096	0	1	1.58229764280329
77.3565790419162	76.0180125748503	0	1	1.58229764280343
77.355428742515	76.118022754491	0	1	1.58229764280343
77.3542784431138	76.2180329341317	0	1	1.58229764280342
77.3531281437126	76.3180431137725	0	1	1.58229764280329
77.3519778443114	76.4180532934132	0	1	1.58229764280343
77.3508275449102	76.5180634730539	0	1	1.58229764280343
77.349677245509	76.6180736526946	0	1	1.58229764280343
77.3485269461078	76.7180838323353	0	1	1.58229764280329
77.3473766467066	76.818094011976	0	1	1.58229764280342
77.3462263473054	76.9181041916168	0	1	1.58229764280343
77.3450760479042	77.0181143712575	0	1	1.58229764280343
77.343925748503	77.1181245508982	0	1	1.58229764280343
77.3427754491018	77.2181347305389	0	1	1.58229764280329
77.3416251497006	77.3181449101796	0	1	1.58229764280343
77.3404748502994	77.4181550898203	0	1	1.58229764280342
77.3393245508982	77.5181652694611	0	1	1.58229764280343
77.338174251497	77.6181754491018	0	1	1.58229764280329
77.3370239520958	77.7181856287425	0	1	1.58229764280343
77.3358736526946	77.8181958083832	0	1	1.58229764280343
77.3347233532934	77.9182059880239	0	1	1.58229764280342
77.3335730538922	78.0182161676647	0	1	1.58229764280329
77.332422754491	78.1182263473054	0	1	1.58229764280343
77.3312724550898	78.2182365269461	0	1	1.58229764280343
77.3301221556886	78.3182467065868	0	1	1.58229764280342
77.3289718562874	78.4182568862276	0	1	1.58229764280329
77.3278215568862	78.5182670658683	0	1	1.58229764280343
77.326671257485	78.618277245509	0	1	1.58229764280343
77.3255209580838	78.7182874251497	0	1	1.58229764280343
77.3243706586826	78.8182976047904	0	1	1.58229764280343
77.3232203592814	78.9183077844311	0	1	1.58229764280327
77.3220700598802	79.0183179640719	0	1	1.58229764280243
77.3209197604791	79.1183281437126	0	1	1.58229764280343
77.3197694610779	79.2183383233533	0	1	1.58229764280343
77.3186191616767	79.318348502994	0	1	1.58229764280428
77.3174688622754	79.4183586826347	0	1	1.58229764280242
77.3163185628743	79.5183688622755	0	1	1.58229764280343
77.3151682634731	79.6183790419162	0	1	1.58229764280343
77.3140179640719	79.7183892215569	0	1	1.58229764280329
77.3128676646707	79.8183994011976	0	1	1.58229764280343
77.3117173652695	79.9184095808383	0	1	1.58229764280343
77.3105670658683	80.018419760479	0	1	1.58229764280342
77.3094167664671	80.1184299401198	0	1	1.58229764280329
77.3082664670659	80.2184401197605	0	1	1.58229764280343
77.3071161676647	80.3184502994012	0	1	1.58229764280343
77.3059658682635	80.4184604790419	0	1	1.58229764280343
77.3048155688623	80.5184706586826	0	1	1.58229764280327
77.3036652694611	80.6184808383234	0	1	1.58229764280343
77.3025149700599	80.7184910179641	0	1	1.58229764280343
77.3013646706587	80.8185011976048	0	1	1.58229764280343
77.3002143712575	80.9185113772455	0	1	1.58229764280343
77.2990640718563	81.0185215568862	0	1	1.58229764280329
77.2979137724551	81.1185317365269	0	1	1.58229764280342
77.2967634730539	81.2185419161677	0	1	1.58229764280343
77.2956131736527	81.3185520958084	0	1	1.58229764280343
77.2944628742515	81.4185622754491	0	1	1.58229764280329
77.2933125748503	81.5185724550898	0	1	1.58229764280343
77.2921622754491	81.6185826347305	0	1	1.58229764280343
77.2910119760479	81.7185928143712	0	1	1.58229764280342
77.2898616766467	81.818602994012	0	1	1.58229764280329
77.2887113772455	81.9186131736527	0	1	1.58229764280343
77.2875610778443	82.0186233532934	0	1	1.58229764280343
77.2864107784431	82.1186335329341	0	1	1.58229764280343
77.2852604790419	82.2186437125748	0	1	1.58229764280328
77.2841101796407	82.3186538922156	0	1	1.58229764280343
77.2829598802395	82.4186640718563	0	1	1.58229764280343
77.2818095808383	82.518674251497	0	1	1.58229764280343
77.2806592814371	82.6186844311377	0	1	1.58229764280329
77.2795089820359	82.7186946107784	0	1	1.58229764280343
77.2783586826347	82.8187047904191	0	1	1.58229764280342
77.2772083832335	82.9187149700599	0	1	1.58229764280343
77.2760580838323	83.0187251497006	0	1	1.58229764280229
77.2749077844312	83.1187353293413	0	1	1.58229764280442
77.2737574850299	83.218745508982	0	1	1.58229764280342
77.2726071856287	83.3187556886228	0	1	1.58229764280343
77.2714568862275	83.4187658682635	0	1	1.58229764280243
77.2703065868264	83.5187760479042	0	1	1.58229764280329
77.2691562874252	83.6187862275449	0	1	1.58229764280343
77.268005988024	83.7187964071856	0	1	1.58229764280343
77.2668556886228	83.8188065868263	0	1	1.58229764280342
77.2657053892216	83.9188167664671	0	1	1.58229764280329
77.2645550898204	84.0188269461078	0	1	1.58229764280343
77.2634047904192	84.1188371257485	0	1	1.58229764280343
77.262254491018	84.2188473053892	0	1	1.58229764280343
77.2611041916168	84.3188574850299	0	1	1.58229764280327
77.2599538922156	84.4188676646707	0	1	1.58229764280343
77.2588035928144	84.5188778443114	0	1	1.58229764280343
77.2576532934132	84.6188880239521	0	1	1.58229764280343
77.256502994012	84.7188982035928	0	1	1.58229764280329
77.2553526946108	84.8189083832335	0	1	1.58229764280343
77.2542023952096	84.9189185628742	0	1	1.58229764280342
77.2530520958084	85.018928742515	0	1	1.58229764280343
77.2519017964072	85.1189389221557	0	1	1.58229764280343
77.250751497006	85.2189491017964	0	1	1.58229764280329
77.2496011976048	85.3189592814371	0	1	1.58229764280343
77.2484508982036	85.4189694610778	0	1	1.58229764280342
77.2473005988024	85.5189796407186	0	1	1.58229764280343
77.2461502994012	85.6189898203593	0	1	1.58229764280329
77.245	85.719	1	1	1.58028548145002
77.2440509951234	85.8190064206811	1	1	1.58284170004449
77.2428463553536	85.9190100887675	1	1	1.58539791864034
77.2413860885619	86.0190103508102	1	1	1.58795413723646
77.23967020429	86.1190065533825	1	1	1.59051035583067
77.2376987137501	86.2189980430842	1	1	1.5930665744263
77.2354716298243	86.3189841665459	1	1	1.59562279302104
77.232988967065	86.4189642704333	1	1	1.59817901161701
77.2302507416944	86.5189377014514	1	1	1.60073523021172
77.2272569716049	86.6189038063488	1	1	1.60329144880675
77.2240076763585	86.718861931922	1	1	1.60584766740269
77.2205028771868	86.8188114250197	1	1	1.60840388599826
77.2167425969911	86.9187516325468	1	1	1.61096010459266
77.2127268603421	87.0186819014691	1	1	1.61351632318863
77.2084556934795	87.1186015788171	1	1	1.61607254178299
77.2039291243123	87.2185100116909	1	1	1.61862876037984
77.199147182418	87.3184065472636	1	1	1.62118497897383
77.1941098990433	87.4182905327864	1	1	1.62374119756942
77.1888173071029	87.5181613155923	1	1	1.62629741616411
77.18326944118	87.6180182431006	1	1	1.6288536347603
77.1774663375256	87.7178606628214	1	1	1.63140985335586
77.1714080340587	87.8176879223591	1	1	1.63396607195007
77.1650945703659	87.9174993694176	1	1	1.63652229054567
77.1585259877008	88.0172943518039	1	1	1.63907850914102
77.1517023289842	88.1170722174326	1	1	1.64163472773625
77.1446236388036	88.2168323143303	1	1	1.64419094633164
77.1372899634129	88.3165739906396	1	1	1.64674716492685
77.1297013507322	88.4162965946233	1	1	1.64930338352211
77.1218578503474	88.5159994746691	1	1	1.651859602118
77.1137595135098	88.6156819792934	1	1	1.65441582071283
77.1054063931361	88.7153434571458	1	1	1.65697203930802
77.0967985438076	88.8149832570134	1	1	1.65952825790274
77.0879360217702	88.9146007278247	1	1	1.66208447649896
77.0788188849337	89.0141952186544	1	1	1.66464069509349
77.0694471928719	89.113766078727	1	1	1.6671969136889
77.0598210068217	89.2133126574218	1	1	1.66975313228441
77.049940389683	89.3128343042765	1	1	1.67230935088002
77.0398054060182	89.4123303689918	1	1	1.67486556947494
77.0294161220519	89.5118002014355	1	1	1.67742178806943
77.0187726056703	89.6112431516469	1	1	1.67997800666528
77.0078749264207	89.7106585698408	1	1	1.68253422526118
76.9967231555112	89.8100458064122	1	1	1.68509044385612
76.9853173658104	89.9094042119399	1	1	1.68764666245052
76.9736576318466	90.0087331371914	1	1	1.69020288104736
76.9617440298072	90.1080319331265	1	1	1.69275909964177
76.9495766375389	90.2072999509021	1	1	1.69531531823665
76.9371555345464	90.3065365418762	1	1	1.69787153683276
76.9244808019922	90.4057410576121	1	1	1.70042775542764
76.9115525226963	90.5049128498826	1	1	1.70298397402225
76.8983707811353	90.6040512706746	1	1	1.70554019261803
76.8849356634419	90.7031556721928	1	1	1.70809641121388
76.8712472574045	90.8022254068642	1	1	1.71065262980847
76.8573056524667	90.9012598273425	1	1	1.71320884840443
76.8431109397263	91.000258286512	1	1	1.71576506699838
76.8286632119353	91.099220137492	1	1	1.71832128559477
76.8139625634985	91.198144733641	1	1	1.72087750418963
76.7990090904738	91.297031428561	1	1	1.72343372278548
76.7838028905708	91.3958795761017	1	1	1.72598994138047
76.7683440631507	91.4946885303645	1	1	1.72854615997519
76.7526327092254	91.593457645707	1	1	1.73110237857151
76.7366689314566	91.6921862767472	1	1	1.7336585971655
76.7204528341559	91.7908737783674	1	1	1.73621481576168
76.7039845232831	91.8895195057189	1	1	1.73877103435624
76.6872641064464	91.9881228142258	1	1	1.74132725295268
76.670291692901	92.0866830595896	1	1	1.74388347154639
76.6530673935492	92.1851995977928	1	1	1.74643969014341
76.6355913209385	92.2836717851038	1	1	1.74899590873693
76.6178635892623	92.3820989780808	1	1	1.75155212733379
76.5998843143577	92.4804805335758	1	1	1.75410834592826
76.581653613706	92.5788158087392	1	1	1.75666456452331
76.5631716064311	92.6771041610237	1	1	1.75922078311902
76.544438413299	92.7753449481886	1	1	1.76177700171421
76.5254541567171	92.8735375283042	1	1	1.76433322030947
76.5062189607333	92.9716812597554	1	1	1.76688943890443
76.4867329510352	93.0697755012467	1	1	1.76944565749965
76.4669962549492	93.1678196118058	1	1	1.7720018760952
76.4470090014398	93.2658129507879	1	1	1.77455809469069
76.4267713211087	93.3637548778801	1	1	1.77711431328604
76.406283346194	93.4616447531053	1	1	1.77967053188079
76.3855452105693	93.5594819368266	1	1	1.78222675047619
76.3645570497427	93.6572657897514	1	1	1.78478296907231
76.343319000856	93.7549956729356	1	1	1.78733918766655
76.3218312026841	93.8526709477878	1	1	1.78989540626157
76.3000937956336	93.9502909760731	1	1	1.79245162485797
76.278106921742	94.047855119918	1	1	1.7950078434527
76.2558707246772	94.1453627418139	1	1	1.79756406204779
76.233385349736	94.2428132046218	1	1	1.8001202806427
76.2106509438435	94.3402058715759	1	1	1.80267649923882
76.1876676555519	94.4375401062881	1	1	1.80523271783419
76.1644356350398	94.5348152727523	1	1	1.80778893642871
76.1409550341111	94.6320307353482	1	1	1.81034515502449
76.1172260061938	94.7291858588457	1	1	1.81290137361944
76.0932487063394	94.8262800084089	1	1	1.81545759221479
76.0690232912215	94.9233125496004	1	1	1.81801381081076
76.044549919135	95.0202828483852	1	1	1.82057002940521
76.0198287499951	95.1171902711354	1	1	1.82312624800047
75.9948599453361	95.2140341846334	1	1	1.82568246659559
75.9696436683104	95.310813956077	1	1	1.82823868519124
75.9441800836874	95.4075289530829	1	1	1.83079490378712
75.9184693578525	95.5041785436912	1	1	1.8333511223812
75.8925116588062	95.6007620963693	1	1	1.8359073409778
75.8663071561623	95.6972789800162	1	1	1.83846355957164
75.8398560211479	95.7937285639664	1	1	1.84101977816755
75.8131584266011	95.8901102179941	1	1	1.8435759967632
75.7862145469707	95.9864233123176	1	1	1.84613221535778
75.7590245583148	96.0826672176031	1	1	1.84868843395372
75.7315886382995	96.1788413049688	1	1	1.85124465254885
75.703906966198	96.2749449459892	1	1	1.85380087114396
75.6759797228893	96.3709775126991	1	1	1.85635708973862
75.647807090857	96.4669383775977	1	1	1.85891330833477
75.619389254188	96.5628269136527	1	1	1.86146952692928
75.5907263985717	96.6586424943044	1	1	1.86402574552551
75.5618187112982	96.7543844934699	1	1	1.86658196412007
75.5326663812577	96.8500522855471	1	1	1.86913818271596
75.5032695989387	96.9456452454186	1	1	1.87169440131101
75.4736285564272	97.0411627484562	1	1	1.87425061990572
75.4437434474052	97.1366041705247	1	1	1.87680683850133
75.4136144671494	97.2319688879859	1	1	1.87936305709657
75.3832418125301	97.327256277703	1	1	1.88191927569251
75.3526256820098	97.4224657170442	1	1	1.88447549428742
75.321766275642	97.5175965838874	1	1	1.88703171288223
75.2906637950698	97.6126482566237	1	1	1.88958793147783
75.2593184435245	97.7076201141617	1	1	1.89214415007231
75.2277304258246	97.8025115359315	1	1	1.89470036866841
75.1958999483739	97.8973219018889	1	1	1.89725658726393
75.1638272191608	97.9920505925192	1	1	1.89981280585928
75.1315124477565	98.0866969888415	1	1	1.90236902445393
75.0989558453139	98.1812604724126	1	1	1.90492524304891
75.0661576245659	98.2757404253311	1	1	1.907481461645
75.0331179998242	98.3701362302413	1	1	1.9100376802398
74.9998371869781	98.4644472703374	1	1	1.91259389883503
74.9663154034927	98.5586729293675	1	1	1.91515011743105
74.9325528684076	98.6528125916377	1	1	1.91770633602588
74.8985498023358	98.7468656420158	1	1	1.92026255462091
74.8643064274618	98.8408314659357	1	1	1.92281877321636
74.8298229675403	98.9347094494013	1	1	1.92537499181092
74.795099647895	99.0284989789902	1	1	1.92793121040747
74.7601366954165	99.1221994418583	1	1	1.93048742900186
74.7249343385617	99.2158102257434	1	1	1.93304364759698
74.6894928073515	99.3093307189692	1	1	1.93559986619302
74.6538123333697	99.4027603104493	1	1	1.93815608478797
74.6178931497615	99.4960983896915	1	1	1.94071230338305
74.5817354912318	99.5893443468015	1	1	1.94326852197884
74.5453395940437	99.6824975724869	1	1	1.94582474057369
74.5087056960172	99.7755574580612	1	1	1.94838095916843
74.4718340365274	99.8685233954478	1	1	1.95093717776493
74.4347248565027	99.9613947771841	1	1	1.95349339636029
74.397378398424	100.054170996425	1	1	1.95604961495448
74.3597949063223	100.146851446948	1	1	1.95860583354878
74.3219746257775	100.239435523156	1	1	1.96116205214448
74.2839178039168	100.331922620081	1	1	1.96371827074155
74.2456246894129	100.424312133389	1	1	1.9662744893372
74.2070955324827	100.516603459384	1	1	1.96883070792981
74.1683305848854	100.608795995012	1	1	1.97138692652755
74.1293300999207	100.700889137863	1	1	1.97394314512297
74.0900943324275	100.792882286178	1	1	1.97649936371579
74.0506235387823	100.884774838851	1	1	1.97905558231029
74.010917976897	100.976566195433	1	1	1.98161180091063
73.9709779062176	101.068255756135	1	1	1.98416801950306
73.9308035877227	101.159842921836	1	1	1.98672423809623
73.8903952839211	101.251327094083	1	1	1.98928045669304
73.849753258851	101.342707675094	1	1	1.99183667528914
73.8088777780774	101.433984067766	1	1	1.99439289388641
73.7677691086909	101.525155675676	1	1	1.99694911247753
73.726427519306	101.616221903087	1	1	1.99950533107319
73.6848532800587	101.707182154949	1	1	2.00206154967096
73.6430466626057	101.798035836904	1	1	2.00461776826338
73.6010079401217	101.888782355293	1	1	2.00717398686093
73.5587373872984	101.979421117154	1	1	2.00973020545739
73.5162352803421	102.069951530231	1	1	2.01228642404914
73.4735018969721	102.160373002977	1	1	2.01484264264543
73.4305375164192	102.250684944554	1	1	2.01739886124088
73.3873424194231	102.340886764842	1	1	2.01995507983687
73.3439168882317	102.430977874439	1	1	2.02251129843158
73.300261206598	102.520957684668	1	1	2.02506751703106
73.2563756597793	102.610825607577	1	1	2.02762373561984
73.2122605345347	102.700581055949	1	1	2.0301799542203
73.1679161191234	102.790223443297	1	1	2.03273617281182
73.123342703303	102.879752183877	1	1	2.03529239140818
73.0785405783272	102.969166692685	1	1	2.03784861000476
73.0335100369444	103.058466385464	1	1	2.04040482859559
72.9882513733953	103.147650678709	1	1	2.04296104719617
72.9427648834115	103.236718989665	1	1	2.04551726578658
72.8970508642129	103.32567073634	1	1	2.04807348438591
72.8511096145064	103.414505337499	1	1	2.05062970298296
72.8049414344836	103.503222212675	1	1	2.05318592157369
72.758546625819	103.591820782171	1	1	2.05574214016872
72.7119254916678	103.680300467061	1	1	2.05829835876637
72.6650783366642	103.768660689196	1	1	2.06085457736027
72.6180054669192	103.856900871209	1	1	2.06341079595816
72.5707071900186	103.945020436516	1	1	2.06596701454863
72.5231838150213	104.033018809323	1	1	2.06852323314792
72.4754356524568	104.120895414625	1	1	2.07107945174223
72.4274630143237	104.208649678215	1	1	2.07363567033727
72.379266214087	104.296281026685	1	1	2.07619188893558
72.3308455666767	104.383788887429	1	1	2.07874810752742
72.2822013884855	104.47117268865	1	1	2.08130432612132
72.2333339973666	104.55843185936	1	1	2.08386054471929
72.1842437126317	104.645565829385	1	1	2.08641676331166
72.134930855049	104.732574029371	1	1	2.08897298191261
72.085395746841	104.819455890783	1	1	2.09152920050456
72.0356387116825	104.906210845915	1	1	2.09408541909762
71.9856600746985	104.992838327888	1	1	2.09664163769371
71.9354601624618	105.079337770656	1	1	2.09919785629033
71.8850393029911	105.16570860901	1	1	2.10175407488628
71.8343978257492	105.251950278581	1	1	2.10431029348248
71.7835360616398	105.338062215845	1	1	2.1068665120717
71.7324543430066	105.424043858126	1	1	2.10942273067372
71.6811530036303	105.509894643596	1	1	2.11197894926887
71.6296323787266	105.595614011286	1	1	2.11453516785943
71.5778928049442	105.681201401085	1	1	2.11709138645834
71.5259346203624	105.766656253742	1	1	2.11964760504996
71.473758164489	105.851978010875	1	1	2.12220382364917
71.4213637782579	105.937166114969	1	1	2.12476004224062
71.3687518040272	106.022220009385	1	1	2.12731626084027
71.3159225855767	106.107139138358	1	1	2.12987247943136
71.2628764681056	106.191922947007	1	1	2.13242869802898
71.2096137982306	106.276570881332	1	1	2.13498491662269
71.1561349239833	106.361082388223	1	1	2.13754113522015
71.102440194808	106.44545691546	1	1	2.1400973538162
71.0485299615595	106.529693911719	1	1	2.14265357241015
70.9944045765006	106.613792826575	1	1	2.14520979100522
70.9400643933004	106.697753110504	1	1	2.14776600960058
70.8855097670309	106.781574214889	1	1	2.15032222819368
70.8307410541659	106.865255592022	1	1	2.1528784467924
70.7757586125778	106.948796695107	1	1	2.15543466538357
70.7205628015356	107.032196978267	1	1	2.15799088398502
70.6651539817024	107.115455896542	1	1	2.16054710257599
70.6095325151335	107.198572905899	1	1	2.16310332117112
70.5536987652734	107.28154746323	1	1	2.16565953976415
70.4976530969537	107.364379026359	1	1	2.16821575836214
70.4413958763908	107.447067054043	1	1	2.17077197695829
70.3849274711835	107.529611005978	1	1	2.1733281955553
70.3282482503105	107.612010342801	1	1	2.17588441414812
70.2713585841279	107.694264526095	1	1	2.17844063274357
70.2142588443671	107.77637301839	1	1	2.18099685133642
70.1569494041321	107.858335283169	1	1	2.18355306993725
70.0994306378969	107.940150784869	1	1	2.18610928852525
70.0417029215037	108.021818988889	1	1	2.18866550712802
69.9837666321598	108.103339361586	1	1	2.19122172571722
69.9256221484353	108.184711370288	1	1	2.19377794431763
69.8672698502608	108.265934483288	1	1	2.19633416291078
69.8087101189249	108.347008169855	1	1	2.19889038150574
69.7499433370715	108.427931900233	1	1	2.20144660010246
69.6909698886973	108.508705145646	1	1	2.20400281869452
69.6317901591497	108.589327378302	1	1	2.2065590372933
69.5724045351239	108.669798071394	1	1	2.20911525588381
69.5128134046602	108.750116699108	1	1	2.21167147448545
69.4530171571421	108.83028273662	1	1	2.2142276930756
69.3930161832932	108.910295660107	1	1	2.21678391166946
69.3328108751748	108.990154946744	1	1	2.21934013027177
69.2724016261835	109.069860074709	1	1	2.22189634886076
69.2117888310484	109.149410523191	1	1	2.22445256745838
69.1509728858287	109.228805772386	1	1	2.22700878605413
69.0899541879109	109.308045303506	1	1	2.22956500465032
69.0287331360065	109.38712859878	1	1	2.2321212232463
68.9673101301491	109.466055141458	1	1	2.23467744183771
68.905685571692	109.544824415815	1	1	2.23723366043426
68.8438598633055	109.623435907152	1	1	2.23978987903015
68.7818334089742	109.701889101802	1	1	2.24234609762767
68.7196066139944	109.780183487132	1	1	2.2449023162183
68.6571798849716	109.858318551548	1	1	2.24745853481414
68.5945536298177	109.936293784495	1	1	2.2500147534132
68.5317282577482	110.014108676463	1	1	2.25257097200594
68.4687041792798	110.091762718991	1	1	2.25512719059845
68.4054818062277	110.169255404668	1	1	2.25768340920112
68.3420615517025	110.246586227136	1	1	2.26023962779112
68.2784438301081	110.323754681098	1	1	2.26279584638744
68.2146290571386	110.400760262315	1	1	2.26535206498548
68.1506176497757	110.477602467613	1	1	2.26790828357609
68.0864100262859	110.554280794887	1	1	2.27046450217157
68.0220066062178	110.630794743101	1	1	2.27302072077126
67.9574078103995	110.707143812293	1	1	2.27557693936494
67.8926140609357	110.78332750358	1	1	2.27813315795637
67.827625781205	110.859345319159	1	1	2.28068937655302
67.7624433958569	110.93519676231	1	1	2.28324559515281
67.6970673308096	111.0108813374	1	1	2.28580181374097
67.6314980132465	111.086398549889	1	1	2.28835803234018
67.5657358716139	111.161747906327	1	1	2.29091425093478
67.4997813356182	111.236928914363	1	1	2.29347046953391
67.4336348362227	111.311941082745	1	1	2.29602668812412
67.3672968056452	111.386783921326	1	1	2.29858290672139
67.3007676773551	111.461456941063	1	1	2.30113912531945
67.2340478860701	111.535959654024	1	1	2.3036953439135
67.1671378677542	111.61029157339	1	1	2.30625156250601
67.1000380596141	111.684452213458	1	1	2.30880778110428
67.0327489000967	111.758441089643	1	1	2.31136399969697
66.9652708288862	111.832257718484	1	1	2.31392021829351
66.8976042869013	111.905901617644	1	1	2.31647643688715
66.8297497162919	111.979372305916	1	1	2.31903265548058
66.7617075604369	112.052669303224	1	1	2.32158887408255
66.6934782639406	112.125792130626	1	1	2.32414509267121
66.6250622726304	112.198740310321	1	1	2.32670131126902
66.5564600335535	112.271513365646	1	1	2.32925752986601
66.4876719949739	112.344110821084	1	1	2.33181374846211
66.41869860637	112.416532202265	1	1	2.33436996705536
66.3495403184312	112.48877703597	1	1	2.33692618564389
66.2801975830549	112.560844850134	1	1	2.33948240425231
66.2106708533439	112.632735173845	1	1	2.34203862283701
66.1409605836033	112.704447537357	1	1	2.34459484143989
66.0710672293373	112.775981472081	1	1	2.34715106003051
66.0009912472467	112.847336510598	1	1	2.349707278624
65.9307330952254	112.918512186656	1	1	2.35226349722019
65.8602932323577	112.989508035175	1	1	2.35481971581889
65.7896721189153	113.06032359225	1	1	2.35737593441362
65.7188702163542	113.130958395155	1	1	2.35993215300479
65.6478879873118	113.201411982345	1	1	2.36248837160768
65.5767258956037	113.271683893457	1	1	2.36504459019543
65.5053844062207	113.341773669319	1	1	2.3676008087968
65.4338639853259	113.411680851945	1	1	2.3701570273896
65.3621651002518	113.481404984545	1	1	2.37271324598399
65.2902882194967	113.550945611524	1	1	2.37526946457967
65.2182338127221	113.620302278486	1	1	2.37782568317606
65.1460023507496	113.689474532237	1	1	2.3803819017675
65.0735943055575	113.758461920789	1	1	2.38293812036658
65.0010101502782	113.82726399336	1	1	2.38549433895963
64.9282503591946	113.895880300381	1	1	2.38805055755152
64.8553154077374	113.964310393496	1	1	2.39060677615569
64.7822057724818	114.032553825564	1	1	2.39316299474802
64.7089219311444	114.100610150667	1	1	2.39571921333967
64.6354643625802	114.168478924108	1	1	2.39827543193485
64.5618335467793	114.236159702415	1	1	2.40083165053678
64.4880299648638	114.303652043344	1	1	2.40338786912449
64.4140540990849	114.370955505885	1	1	2.40594408772316
64.3399064328192	114.438069650259	1	1	2.40850030631764
64.2655874505661	114.504994037926	1	1	2.41105652491313
64.1910976379446	114.571728231585	1	1	2.41361274351027
64.1164374816896	114.638271795178	1	1	2.41616896210566
64.0416074696492	114.704624293893	1	1	2.41872518069425
63.9666080907815	114.770785294167	1	1	2.42128139929386
63.8914398351512	114.836754363686	1	1	2.42383761789171
63.8161031939263	114.902531071392	1	1	2.42639383648526
63.7405986593754	114.968114987484	1	1	2.42895005508091
63.664926724864	115.03350568342	1	1	2.43150627367583
63.5890878848514	115.098702731921	1	1	2.43406249227215
63.5130826348875	115.163705706973	1	1	2.4366187108636
63.4369114716096	115.228514183831	1	1	2.43917492946343
63.3605748927392	115.293127739019	1	1	2.44173114805549
63.2840733970785	115.357545950337	1	1	2.44428736664911
63.2074074845075	115.42176839686	1	1	2.4468435852474
63.1305776559803	115.485794658942	1	1	2.44939980384031
63.0535844135223	115.54962431822	1	1	2.45195602244203
62.9764282602265	115.613256957614	1	1	2.45451224103084
62.8991097002506	115.676692161334	1	1	2.45706845963146
62.8216292388134	115.739929514877	1	1	2.45962467822046
62.7439873821914	115.802968605036	1	1	2.46218089682157
62.6661846377162	115.865809019896	1	1	2.46473711540863
62.5882215137702	115.928450348844	1	1	2.46729333401052
62.5100985197839	115.990892182564	1	1	2.46984955260743
62.4318161662326	116.053134113046	1	1	2.47240577120278
62.3533749646326	116.115175733586	1	1	2.47496198979341
62.2747754275385	116.177016638789	1	1	2.47751820839318
62.1960180685392	116.23865642457	1	1	2.48007442697885
62.117103402255	116.300094688161	1	1	2.48263064558012
62.0380319443341	116.361331028107	1	1	2.48518686417771
61.9588042114491	116.422365044275	1	1	2.48774308277048
61.8794207212939	116.483196337854	1	1	2.49029930137264
61.79988199258	116.543824511356	1	1	2.49285551996184
61.7201885450333	116.604249168623	1	1	2.49541173855269
61.6403408993907	116.664469914825	1	1	2.49796795715549
61.5603395773968	116.724486356463	1	1	2.5005241757477
61.4801851018001	116.784298101376	1	1	2.50308039434047
61.39987799635	116.843904758739	1	1	2.5056366129424
61.3194187857933	116.903305939066	1	1	2.50819283153566
61.2388079958705	116.962501254216	1	1	2.51074905012856
61.1580461533127	117.021490317392	1	1	2.51330526871899
61.077133785838	117.080272743145	1	1	2.51586148731849
60.9960714221478	117.138848147375	1	1	2.51841770592129
60.9148595919242	117.197216147335	1	1	2.52097392450873
60.8334988258253	117.255376361636	1	1	2.52353014310054
60.7519896554828	117.313328410244	1	1	2.52608636170664
60.6703326134981	117.371071914484	1	1	2.52864258029382
60.5885282334385	117.428606497048	1	1	2.53119879889363
60.5065770498344	117.485931781989	1	1	2.5337550174792
60.4244795981753	117.543047394731	1	1	2.53631123608387
60.3422364149065	117.599952962064	1	1	2.53886745467845
60.2598480374255	117.656648112154	1	1	2.5414236732712
60.1773150040785	117.713132474541	1	1	2.5439798918647
60.0946378541569	117.769405680142	1	1	2.5465361104636
60.0118171278941	117.825467361253	1	1	2.54909232906347
59.9288533664612	117.881317151553	1	1	2.55164854765021
59.8457471119643	117.936954686107	1	1	2.55420476624913
59.7624989074404	117.992379601364	1	1	2.5567609848457
59.6791092968541	118.047591535164	1	1	2.55931720343853
59.5955788250938	118.102590126739	1	1	2.56187342203394
59.5119080379687	118.157375016714	1	1	2.56442964062922
59.4280974822044	118.211945847111	1	1	2.56698585922751
59.3441477054403	118.26630226135	1	1	2.56954207781549
59.260059256225	118.320443904254	1	1	2.57209829641917
59.1758326840136	118.374370422046	1	1	2.57465451501241
59.0914685391634	118.428081462358	1	1	2.57721073360146
59.006967372931	118.481576674229	1	1	2.57976695219921
58.922329737468	118.534855708107	1	1	2.58232317080071
58.8375561858179	118.587918215853	1	1	2.58487938938712
58.7526472719124	118.640763850745	1	1	2.58743560798709
58.6676035505673	118.693392267475	1	1	2.58999182658364
58.5824255774798	118.745803122156	1	1	2.59254804517582
58.4971139092239	118.797996072323	1	1	2.59510426377754
58.4116691032475	118.849970776933	1	1	2.59766048236593
58.3260917178681	118.901726896372	1	1	2.60021670096633
58.24038231227	118.953264092451	1	1	2.60277291955962
58.1545414464997	119.004582028414	1	1	2.60532913815117
58.0685696814629	119.055680368937	1	1	2.60788535674833
57.9824675789206	119.10655878013	1	1	2.61044157534313
57.8962357014855	119.157216929541	1	1	2.61299779394652
57.8098746126182	119.207654486156	1	1	2.61555401253604
57.7233848766237	119.257871120405	1	1	2.61811023112524
57.6367670586475	119.30786650416	1	1	2.62066644972894
57.5500217246721	119.357640310737	1	1	2.62322266831991
57.4631494415131	119.407192214903	1	1	2.62577888691437
57.3761507768159	119.456521892873	1	1	2.62833510551449
57.2890262990513	119.505629022314	1	1	2.63089132410275
57.2017765775126	119.554513282349	1	1	2.6334475427005
57.1144021823112	119.603174353555	1	1	2.63600376130148
57.0269036843733	119.651611917968	1	1	2.63855997989294
56.9392816554358	119.699825659086	1	1	2.64111619848695
56.8515366680431	119.747815261868	1	1	2.64367241708073
56.7636692955428	119.795580412738	1	1	2.64622863567944
56.6756801120823	119.843120799586	1	1	2.6487848542709
56.587569692605	119.890436111772	1	1	2.65134107287163
56.4993386128462	119.937526040125	1	1	2.65389729146804
56.41098744933	119.984390276948	1	1	2.65645351005951
56.3225167793649	120.031028516019	1	1	2.65900972865115
56.2339271810405	120.077440452592	1	1	2.66156594725054
56.1452192332232	120.123625783399	1	1	2.66412216584542
56.056393515553	120.169584206654	1	1	2.66667838444169
55.9674506084393	120.215315422053	1	1	2.66923460303593
55.8783910930574	120.260819130777	1	1	2.67179082162533
55.7892155513443	120.306095035494	1	1	2.67434704023178
55.6999245659953	120.351142840358	1	1	2.67690325882388
55.61051872046	120.395962251017	1	1	2.67945947741318
55.5209985989387	120.44055297461	1	1	2.68201569601277
55.4313647863781	120.484914719769	1	1	2.68457191460573
55.3416178684679	120.529047196624	1	1	2.68712813320179
55.251758431637	120.572950116802	1	1	2.68968435180095
55.1617870630494	120.61662319343	1	1	2.69224057039293
55.0717043506005	120.660066141138	1	1	2.6947967889845
54.9815108829132	120.703278676059	1	1	2.69735300758888
54.8912072493343	120.74626051583	1	1	2.699909226175
54.8007940399302	120.789011379599	1	1	2.70246544478087
54.7102718454834	120.831530988019	1	1	2.70502166337048
54.6196412574886	120.873819063258	1	1	2.70757788196158
54.5289028681487	120.915875328995	1	1	2.71013410056045
54.438057270371	120.957699510423	1	1	2.71269031915345
54.3471050577633	120.999291334253	1	1	2.71524653775184
54.2560468246302	121.040650528713	1	1	2.71780275634746
54.1648831659689	121.081776823552	1	1	2.72035897493851
54.0736146774656	121.122669950041	1	1	2.72291519353981
53.9822419554913	121.163329640973	1	1	2.72547141212682
53.8907655970982	121.203755630669	1	1	2.72802763072676
53.7991862000158	121.243947654974	1	1	2.73058384932944
53.7075043626467	121.283905451263	1	1	2.73314006791191
53.6157206840629	121.323628758444	1	1	2.73569628651226
53.523835764002	121.363117316953	1	1	2.73825250511148
53.431850202863	121.402370868762	1	1	2.74080872370634
53.3397646017025	121.441389157379	1	1	2.74336494229865
53.2475795622309	121.480171927849	1	1	2.74592116088825
53.1552956868082	121.518718926756	1	1	2.74847737948891
53.0629135784405	121.557029902223	1	1	2.75103359808614
52.9704338407753	121.595104603917	1	1	2.75358981668587
52.8778570780986	121.632942783048	1	1	2.75614603526675
52.7851838953299	121.670544192374	1	1	2.75870225387506
52.692414898019	121.707908586195	1	1	2.76125847246207
52.5995506923418	121.745035720365	1	1	2.76381469106805
52.5065918850961	121.781925352284	1	1	2.76637090965464
52.4135390836981	121.818577240908	1	1	2.76892712824491
52.320392896178	121.854991146744	1	1	2.77148334684855
52.2271539311763	121.891166831853	1	1	2.77403956544317
52.1338227979397	121.927104059855	1	1	2.77659578403952
52.0404001063171	121.962802595927	1	1	2.77915200263453
51.9468864667557	121.998262206806	1	1	2.78170822121991
51.8532824902972	122.033482660791	1	1	2.7842644398318
51.7595887885731	122.06846372774	1	1	2.78682065841486
51.6658059738016	122.103205179081	1	1	2.78937687701355
51.5719346587831	122.137706787803	1	1	2.79193309561093
51.4779754568962	122.171968328464	1	1	2.79448931420444
51.3839289820937	122.205989577191	1	1	2.79704553279393
51.289795848899	122.239770311681	1	1	2.79960175139567
51.1955766724013	122.273310311201	1	1	2.8021579699904
51.1012720682523	122.306609356593	1	1	2.80471418858196
51.006882652662	122.339667230273	1	1	2.80727040718911
50.9124090423942	122.372483716231	1	1	2.80982662577575
50.8178518547633	122.405058600038	1	1	2.81238284436797
50.7232117076295	122.437391668841	1	1	2.81493906296666
50.6284892193951	122.469482711367	1	1	2.81749528155599
50.5336850090007	122.501331517926	1	1	2.8200515001647
50.4387996959205	122.532937880408	1	1	2.82260771874553
50.343833900159	122.564301592292	1	1	2.82516393735152
50.2487882422465	122.595422448637	1	1	2.82772015594425
50.1536633432349	122.626300246093	1	1	2.83027637453459
50.0584598246941	122.656934782897	1	1	2.83283259313663
49.9631783087078	122.687325858874	1	1	2.83538881173057
49.8678194178692	122.717473275442	1	1	2.83794503031722
49.7723837752771	122.747376835611	1	1	2.84050124891997
49.6768720045318	122.777036343982	1	1	2.84305746751622
49.5812847297312	122.806451606753	1	1	2.84561368610643
49.4856225754663	122.835622431718	1	1	2.84816990471105
49.3898861668176	122.864548628266	1	1	2.8507261232963
49.2940761293508	122.893230007388	1	1	2.85328234189802
49.1981930891126	122.921666381671	1	1	2.85583856048696
49.1022376726266	122.949857565306	1	1	2.85839477909224
49.0062105068897	122.977803374083	1	1	2.86095099767962
48.9101122193672	123.005503625399	1	1	2.86350721627314
48.8139434379894	123.032958138253	1	1	2.8660634348694
48.7177047911473	123.06016673325	1	1	2.86861965346864
48.6213969076881	123.087129232602	1	1	2.87117587206089
48.5250204169116	123.11384546013	1	1	2.87373209065781
48.4285759485659	123.140315241263	1	1	2.87628830925303
48.3320641328433	123.166538403041	1	1	2.87884452785142
48.2354856003761	123.192514774115	1	1	2.88140074643912
48.1388409822325	123.21824418475	1	1	2.88395696504231
48.0421309099127	123.243726466822	1	1	2.88651318363931
47.9453560153445	123.268961453824	1	1	2.88906940222012
47.8485169308792	123.293948980866	1	1	2.89162562083263
47.7516142892875	123.31868888467	1	1	2.89418183941806
47.6546487237557	123.343181003582	1	1	2.89673805801757
47.5576208678808	123.367425177563	1	1	2.89929427660229
47.4605313556672	123.391421248197	1	1	2.90185049521336
47.3633808215219	123.415169058685	1	1	2.9044067137933
47.266169900251	123.438668453856	1	1	2.90696293240365
47.1688992270548	123.461919280156	1	1	2.90951915098762
47.0715694375242	123.484921385661	1	1	2.91207536958597
46.9741811676364	123.507674620068	1	1	2.91463158818114
46.8767350537508	123.530178834702	1	1	2.91718780677491
46.7792317326045	123.552433882515	1	1	2.91974402537806
46.6816718413086	123.574439618086	1	1	2.9223002439619
46.5840560173438	123.596195897626	1	1	2.92485646256536
46.4863848985564	123.617702578972	1	1	2.92741268115874
46.3886591231539	123.638959521595	1	1	2.92996889975071
46.2908793297008	123.659966586597	1	1	2.93252511835796
46.1930461571148	123.680723636711	1	1	2.93508133693821
46.0951602446623	123.701230536308	1	1	2.93763755553607
45.9972222319544	123.721487151389	1	1	2.94019377413611
45.8992327589424	123.741493349592	1	1	2.94274999273132
45.8011924659141	123.761249000192	1	1	2.94530621132284
45.7031019934892	123.780753974101	1	1	2.94786242992052
45.6049619826155	123.800008143868	1	1	2.95041864852247
45.5067730745643	123.819011383681	1	1	2.95297486710585
45.4085359109264	123.83776356937	1	1	2.95553108571398
45.310251133608	123.856264578401	1	1	2.95808730430014
45.2119193848265	123.874514289886	1	1	2.96064352289442
45.1135413071061	123.892512584576	1	1	2.96319974149535
45.0151175432736	123.910259344865	1	1	2.96575596008834
44.9166487364547	123.927754454792	1	1	2.96831217867742
44.818135530069	123.94499780004	1	1	2.97086839728298
44.7195785678265	123.961989267935	1	1	2.97342461587371
44.620978493723	123.978728747452	1	1	2.97598083446484
44.5223359520361	123.995216129211	1	1	2.97853705305939
44.4236515873208	124.011451305479	1	1	2.98109327166684
44.3249260444053	124.02743417017	1	1	2.98364949025399
44.2261599683871	124.04316461885	1	1	2.98620570884457
44.1273540046283	124.058642548732	1	1	2.98876192744801
44.0285087987519	124.073867858678	1	1	2.99131814604194
43.9296249966371	124.088840449203	1	1	2.99387436462948
43.8307032444154	124.103560222473	1	1	2.99643058323012
43.7317441884663	124.118027082304	1	1	2.9989868018298
43.6327484754129	124.132240934166	1	1	3.00154302042109
43.5337167521181	124.146201685183	1	1	3.00409923901221
43.4346496656797	124.159909244132	1	1	3.00665545761669
43.335547863427	124.173363521443	1	1	3.00921167620529
43.2364119929159	124.186564429204	1	1	3.01176789480363
43.1372427019249	124.199511881156	1	1	3.01432411339319
43.0380406384509	124.212205792698	1	1	3.01688033200052
42.9388064507051	124.224646080883	1	1	3.01943655058864
42.8395407871085	124.236832664425	1	1	3.02199276917483
42.7402442962876	124.248765463694	1	1	3.02454898778203
42.6409176270706	124.260444400716	1	1	3.02710520637826
42.5415614284828	124.271869399179	1	1	3.02966142496666
42.4421763497424	124.28304038443	1	1	3.03221764356486
42.3427630402563	124.293957283474	1	1	3.03477386215576
42.243322149616	124.304620024978	1	1	3.03733008075617
42.1438543275931	124.315028539268	1	1	3.0398862993485
42.0443602241352	124.325182758333	1	1	3.04244251794869
41.9448404893616	124.335082615822	1	1	3.04499873653759
41.8452957735592	124.344728047048	1	1	3.04755495513962
41.745726727178	124.354118988984	1	1	3.05011117373417
41.6461340008271	124.363255380268	1	1	3.0526673923242
41.5465182452702	124.372137161201	1	1	3.05522361092634
41.4468801114215	124.380764273746	1	1	3.05777982951125
41.3472202503417	124.389136661533	1	1	3.06033604811382
41.2475393132329	124.397254269853	1	1	3.06289226671104
41.1478379514356	124.405117045664	1	1	3.06544848529533
41.0481168164231	124.41272493759	1	1	3.06800470390056
40.9483765597985	124.420077895917	1	1	3.07056092249537
40.8486178332894	124.4271758726	1	1	3.07311714109056
40.7488412887443	124.434018821259	1	1	3.07567335968042
40.6490475781281	124.440606697181	1	1	3.07822957828191
40.5492373535178	124.446939457318	1	1	3.08078579687498
40.4494112670984	124.453017060291	1	1	3.08334201547242
40.3495699711585	124.458839466387	1	1	3.08589823405923
40.2497141180861	124.464406637562	1	1	3.08845445266325
40.1498443603642	124.469718537437	1	1	3.09101067125441
40.0499613505668	124.474775131304	1	1	3.09356688985498
39.9500657413546	124.479576386121	1	1	3.09612310844964
39.8501581854703	124.484122270516	1	1	3.09867932703484
39.7502393357349	124.488412754786	1	1	3.10123554563902
39.6503098450431	124.492447810894	1	1	3.10379176423278
39.5503703663593	124.496227412475	1	1	3.10634798282758
39.4504215527129	124.499751534832	1	1	3.1089042014177
39.3504640571944	124.503020154938	1	1	3.11146042001782
39.2504985329512	124.506033251434	1	1	3.11401663861486
39.150525633183	124.508790804632	1	1	3.11657285720636
39.0505460111376	124.511292796514	1	1	3.11912907581142
38.950560320107	124.51353921073	1	1	3.12168529440035
38.8505692134225	124.515530032603	1	1	3.12424151299381
38.7505733444512	124.517265249124	1	1	3.12679773158395
38.6505733665909	124.518744848955	1	1	3.12935395018326
38.5505699332666	124.519968822427	1	1	3.13191016878534
38.4505636979257	124.520937161542	1	1	3.13446638737336
38.3505553140338	124.521649859974	1	1	3.1370226059722
38.2505454350709	124.522106913065	1	1	3.1395788245659
38.1505347145264	124.522308317829	1	1	-3.14105026402031
38.0505238058953	124.52225407295	1	1	-3.13849404542221
37.9505133626741	124.521944178782	1	1	-3.13593782682519
37.8505040383558	124.52137863735	1	1	-3.13338160823415
37.7504964864264	124.52055745235	1	1	-3.13082538963464
37.6504913603603	124.519480629147	1	1	-3.12826917104313
37.5504893136159	124.518148174778	1	1	-3.12571295244539
37.4504909996316	124.516560097949	1	1	-3.12315673385902
37.3504970718215	124.514716409038	1	1	-3.12060051525124
37.2505081835707	124.51261712009	1	1	-3.11804429666081
37.1505249882317	124.510262244824	1	1	-3.11548807806669
37.0505481391197	124.507651798627	1	1	-3.11293185946982
36.9505782895084	124.504785798556	1	1	-3.11037564087113
36.8506160926258	124.501664263338	1	1	-3.10781942228357
36.7506622016499	124.498287213371	1	1	-3.10526320368112
36.6507172697043	124.49465467072	1	1	-3.10270698508935
36.5507819498543	124.490766659122	1	1	-3.10015076649508
36.4508568951022	124.486623203982	1	1	-3.09759454789703
36.3509427583833	124.482224332374	1	1	-3.09503832930585
36.2510401925615	124.477570073042	1	1	-3.09248211071371
36.1511498504251	124.472660456398	1	1	-3.08992589210492
36.0512723846827	124.467495514521	1	1	-3.08736967352575
35.9514084479586	124.462075281163	1	1	-3.0848134549153
35.8515586927886	124.456399791738	1	1	-3.08225723633411
35.751723771616	124.450469083334	1	1	-3.07970101772549
35.6519043367872	124.444283194701	1	1	-3.07714479913546
35.5521010405474	124.437842166261	1	1	-3.07458858054254
35.452314535036	124.431146040101	1	1	-3.07203236194805
35.3525454722833	124.424194859975	1	1	-3.06947614335597
35.2527945042051	124.416988671304	1	1	-3.06691992475368
35.1530622825992	124.409527521174	1	1	-3.06436370616112
35.0533494591408	124.401811458339	1	1	-3.06180748756177
34.9536566853785	124.393840533217	1	1	-3.05925126897206
34.8539846127298	124.385614797893	1	1	-3.05669505037234
34.754333892477	124.377134306115	1	1	-3.05413883177631
34.6547051757626	124.368399113297	1	1	-3.05158261318065
34.5550991135857	124.359409276517	1	1	-3.04902639459665
34.4555163567972	124.350164854518	1	1	-3.0464701759891
34.3559575560957	124.340665907703	1	1	-3.04391395739656
34.2564233620233	124.330912498142	1	1	-3.04135773880204
34.1569144249612	124.320904689566	1	1	-3.03880152021191
34.0574313951258	124.310642547369	1	1	-3.03624530160799
33.9579749225641	124.300126138605	1	1	-3.03368908301581
33.8585456571494	124.289355531992	1	1	-3.03113286442492
33.7591442485775	124.278330797908	1	1	-3.02857664583063
33.659771346362	124.267052008391	1	1	-3.02602042723191
33.5604275998302	124.255519237139	1	1	-3.023464208633
33.4611136581192	124.24373255951	1	1	-3.02090799004346
33.3618301701709	124.231692052522	1	1	-3.01835177143676
33.2625777847285	124.219397794849	1	1	-3.01579555285247
33.163357150332	124.206849866827	1	1	-3.01323933425551
33.0641689153136	124.194048350446	1	1	-3.01068311565533
32.9650137277942	124.180993329354	1	1	-3.00812689706742
32.8658922356785	124.167684888857	1	1	-3.00557067847267
32.7668050866512	124.154123115915	1	1	-3.00301445986813
32.6677529281723	124.140308099143	1	1	-3.00045824128534
32.5687364074736	124.126239928814	1	1	-2.99790202268361
32.4697561715536	124.111918696851	1	1	-2.99534580408649
32.370812867174	124.097344496833	1	1	-2.99278958548491
32.2719071408551	124.082517423991	1	1	-2.99023336690496
32.1730396388716	124.067437575211	1	1	-2.98767714830032
32.0742110072485	124.052105049026	1	1	-2.98512092970026
31.9754218917567	124.036519945623	1	1	-2.98256471112022
31.876672937909	124.020682366841	1	1	-2.98000849251343
31.7779647909558	124.004592416164	1	1	-2.97745227391895
31.6792980958808	123.988250198729	1	1	-2.97489605532292
31.5806734973969	123.97165582132	1	1	-2.97233983672926
31.4820916399417	123.954809392369	1	1	-2.96978361813747
31.3835531676738	123.937711021955	1	1	-2.96722739954558
31.2850587244682	123.920360821803	1	1	-2.96467118093817
31.1866089539123	123.902758905282	1	1	-2.96211496234782
31.0882044993013	123.884905387409	1	1	-2.95955874376326
30.9898460036347	123.866800384844	1	1	-2.95700252515343
30.8915341096114	123.848444015887	1	1	-2.95444630656192
30.793269459626	123.829836400485	1	1	-2.95189008797283
30.6950526957641	123.810977660225	1	1	-2.94933386936622
30.5968844597987	123.791867918333	1	1	-2.94677765078129
30.4987653931856	123.772507299679	1	1	-2.94422143218523
30.4006961370592	123.752895930769	1	1	-2.94166521358327
30.3026773322287	123.733033939748	1	1	-2.93910899498935
30.2047096191733	123.7129214564	1	1	-2.93655277640497
30.1067936380387	123.692558612146	1	1	-2.93399655779238
30.0089300286322	123.671945540039	1	1	-2.93144033920918
29.9111194304192	123.651082374773	1	1	-2.92888412061501
29.8133624825186	123.629969252672	1	1	-2.92632790201681
29.7156598236987	123.608606311694	1	1	-2.92377168342041
29.6180120923731	123.58699369143	1	1	-2.92121546482171
29.5204199265965	123.565131533102	1	1	-2.91865924622461
29.4228839640605	123.543019979563	1	1	-2.91610302763332
29.3254048420895	123.520659175296	1	1	-2.91354680904133
29.2279831976363	123.498049266412	1	1	-2.9109905904415
29.1306196672784	123.475190400649	1	1	-2.9084343718557
29.0333148872135	123.452082727374	1	1	-2.90587815324781
28.9360694932551	123.428726397576	1	1	-2.90332193465789
28.8388841208292	123.405121563873	1	1	-2.90076571606948
28.7417594049692	123.381268380505	1	1	-2.89820949746486
28.6446959803122	123.357167003333	1	1	-2.89565327887537
28.547694481095	123.332817589843	1	1	-2.89309706027471
28.4507555411496	123.308220299139	1	1	-2.89054084167592
28.3538797938992	123.283375291946	1	1	-2.88798462309141
28.2570678723542	123.258282730609	1	1	-2.88542840448701
28.1603204091079	123.232942779087	1	1	-2.88287218589636
28.0636380363324	123.207355602959	1	1	-2.88031596730557
27.9670213857745	123.181521369418	1	1	-2.87775974870207
27.8704710887515	123.15544024727	1	1	-2.87520353011227
27.7739877761472	123.129112406937	1	1	-2.87264731151568
27.6775720784077	123.102538020451	1	1	-2.87009109291282
27.5812246255372	123.075717261455	1	1	-2.86753487432381
27.4849460470941	123.048650305204	1	1	-2.86497865573205
27.3887369721867	123.02133732856	1	1	-2.86242243713263
27.2925980294692	122.993778509992	1	1	-2.85986621854115
27.1965298471373	122.965974029577	1	1	-2.85730999994508
27.1005330529247	122.937924068996	1	1	-2.85475378134519
27.0046082740983	122.909628811534	1	1	-2.85219756275158
26.9087561374547	122.88108844208	1	1	-2.84964134415945
26.8129772693156	122.852303147124	1	1	-2.8470851255638
26.7172722955242	122.823273114756	1	1	-2.84452890696344
26.6216418414407	122.793998534665	1	1	-2.84197268836922
26.5260865319383	122.764479598139	1	1	-2.839416469783
26.4306069913993	122.734716498063	1	1	-2.8368602511729
26.3352038437109	122.704709428914	1	1	-2.83430403259394
26.2398777122612	122.674458586769	1	1	-2.83174781399099
26.1446292199348	122.643964169292	1	1	-2.82919159538619
26.0494589891093	122.613226375741	1	1	-2.82663537680645
25.9543676416507	122.582245406967	1	1	-2.82407915820365
25.8593557989096	122.551021465405	1	1	-2.82152293960969
25.7644240817173	122.519554755081	1	1	-2.81896672101281
25.6695731103812	122.487845481606	1	1	-2.81641050242261
25.5748035046812	122.455893852177	1	1	-2.81385428382289
25.4801158838658	122.423700075573	1	1	-2.81129806522174
25.3855108666475	122.391264362156	1	1	-2.80874184663944
25.290989071199	122.358586923871	1	1	-2.80618562803234
25.1965511151495	122.325667974238	1	1	-2.80362940944751
25.1021976155802	122.29250772836	1	1	-2.80107319084133
25.0079291890203	122.259106402912	1	1	-2.79851697225719
24.9137464514434	122.225464216149	1	1	-2.79596075364984
24.819650018263	122.191581387895	1	1	-2.79340453506246
24.7256405043288	122.157458139551	1	1	-2.79084831646787
24.6317185239223	122.123094694086	1	1	-2.78829209786936
24.5378846907533	122.088491276039	1	1	-2.78573587927714
24.4441396179555	122.053648111518	1	1	-2.78317966067554
24.3504839180827	122.018565428196	1	1	-2.78062344209308
24.2569182031045	121.983243455314	1	1	-2.77806722348597
24.1634430844028	121.947682423672	1	1	-2.77551100489104
24.0700591727674	121.911882565636	1	1	-2.77295478630384
23.976767078392	121.875844115132	1	1	-2.77039856770467
23.8835674108706	121.839567307643	1	1	-2.76784234910851
23.790460779193	121.803052380211	1	1	-2.76528613051542
23.6974477917412	121.766299571434	1	1	-2.76272991191194
23.6045290562855	121.729309121463	1	1	-2.76017369332935
23.5117051799799	121.692081272005	1	1	-2.75761747472724
23.4189767693589	121.654616266314	1	1	-2.75506125612751
23.3263444303332	121.616914349196	1	1	-2.75250503753959
23.2338087681856	121.578975767006	1	1	-2.74994881894088
23.1413703875672	121.540800767643	1	1	-2.74739260034204
23.0490298924935	121.502389600552	1	1	-2.74483638175111
22.9567878863404	121.463742516722	1	1	-2.74228016316297
22.8646449718402	121.424859768683	1	1	-2.73972394455961
22.7726017510778	121.385741610503	1	1	-2.73716772595848
22.6806588254865	121.34638829779	1	1	-2.73461150737202
22.5888167958444	121.30680008769	1	1	-2.73205528877365
22.4970762622704	121.266977238881	1	1	-2.72949907018091
22.4054378242199	121.226920011576	1	1	-2.72694285158862
22.3139020804814	121.186628667519	1	1	-2.72438663298951
22.2224696291724	121.146103469983	1	1	-2.72183041439244
22.1311410677354	121.10534468377	1	1	-2.71927419579521
22.0399169929339	121.064352575208	1	1	-2.71671797720035
21.9487980008489	121.02312741215	1	1	-2.71416175860932
21.8577846868748	120.981669463972	1	1	-2.71160554001399
21.7668776457151	120.93997900157	1	1	-2.70904932141923
21.6760774713792	120.89805629736	1	1	-2.7064931028198
21.5853847571783	120.855901625275	1	1	-2.70393688422878
21.4948000957211	120.813515260765	1	1	-2.70138066562776
21.4043240789104	120.770897480792	1	1	-2.69882444704239
21.3139572979392	120.728048563833	1	1	-2.69626822843386
21.2237003432867	120.684968789871	1	1	-2.69371200985338
21.1335538047142	120.641658440403	1	1	-2.69115579124827
21.0435182712618	120.598117798427	1	1	-2.68859957265706
20.9535943312443	120.55434714845	1	1	-2.68604335405413
20.863782572247	120.510346776479	1	1	-2.68348713546505
20.7740835811225	120.466116970025	1	1	-2.68093091687004
20.6844979439865	120.421658018096	1	1	-2.6783746982766
20.5950262462138	120.376970211198	1	1	-2.67581847968055
20.5056690724348	120.332053841332	1	1	-2.67326226107671
20.4164270065318	120.286909201992	1	1	-2.67070604248817
20.3273006316346	120.241536588166	1	1	-2.66814982389887
20.2382905301174	120.19593629633	1	1	-2.66559360529546
20.1493972835942	120.150108624446	1	1	-2.66303738670467
20.0606214729159	120.104053871965	1	1	-2.66048116810356
19.9719636781657	120.057772339819	1	1	-2.65792494951024
19.8834244786558	120.011264330424	1	1	-2.65536873091717
19.7950044529235	119.964530147675	1	1	-2.65281251232469
19.7067041787275	119.917570096945	1	1	-2.65025629372735
19.6185242330436	119.870384485082	1	1	-2.64770007512449
19.5304651920617	119.822973620408	1	1	-2.64514385653462
19.4425276311817	119.775337812719	1	1	-2.64258763794345
19.3547121250094	119.727477373279	1	1	-2.64003141934212
19.2670192473534	119.679392614819	1	1	-2.63747520075107
19.1794495712209	119.631083851538	1	1	-2.63491898215557
19.092003668814	119.582551399097	1	1	-2.63236276355844
19.0046821115261	119.533795574619	1	1	-2.62980654496387
18.917485469938	119.484816696687	1	1	-2.62725032636656
18.8304143138145	119.435615085341	1	1	-2.62469410777314
18.7434692121002	119.386191062077	1	1	-2.62213788918035
18.6566507329161	119.336544949844	1	1	-2.61958167058649
18.5699594435559	119.286677073042	1	1	-2.61702545198219
18.4833959104822	119.236587757519	1	1	-2.61446923339458
18.3969606993227	119.186277330573	1	1	-2.61191301479949
18.3106543748666	119.135746120944	1	1	-2.60935679619913
18.2244775010611	119.084994458815	1	1	-2.60680057760664
18.1384306410075	119.034022675811	1	1	-2.60424435901199
18.0525143569573	118.982831104994	1	1	-2.6016881404121
17.9667292103091	118.931420080862	1	1	-2.59913192182585
17.8810757616044	118.879789939349	1	1	-2.5965757032195
17.7955545705244	118.827941017817	1	1	-2.59401948463253
17.7101661958858	118.775873655062	1	1	-2.59146326603556
17.6249111956376	118.723588191304	1	1	-2.58890704744397
17.5397901268574	118.67108496819	1	1	-2.58635082884314
17.4548035457474	118.618364328788	1	1	-2.58379461024343
17.3699520076312	118.565426617588	1	1	-2.58123839165906
17.2852360669499	118.5122721805	1	1	-2.57868217305354
17.2006562772588	118.458901364846	1	1	-2.57612595446346
17.1162131912233	118.405314519366	1	1	-2.57356973586688
17.0319073606155	118.351511994209	1	1	-2.57101351727617
16.947739336311	118.297494140935	1	1	-2.568457298677
16.8637096682845	118.243261312509	1	1	-2.56590108007812
16.779818905607	118.188813863302	1	1	-2.56334486149416
16.6960675964417	118.134152149089	1	1	-2.56078864289129
16.6124562880405	118.079276527041	1	1	-2.55823242429657
16.5289855267406	118.02418735573	1	1	-2.55567620569773
16.4456558579609	117.968884995122	1	1	-2.55311998710365
16.3624678261983	117.913369806577	1	1	-2.55056376850909
16.2794219750241	117.857642152845	1	1	-2.54800754991947
16.1965188470806	117.801702398065	1	1	-2.54545133131805
16.1137589840777	117.74555090776	1	1	-2.5428951127266
16.0311429267889	117.689188048839	1	1	-2.5403388941262
15.9486712150483	117.63261418959	1	1	-2.53778267553663
15.8663443877466	117.575829699682	1	1	-2.53522645693813
15.7841629828279	117.518834950158	1	1	-2.53267023834058
15.702127537286	117.461630313436	1	1	-2.53011401974782
15.620238587161	117.404216163306	1	1	-2.52755780115917
15.5384966675359	117.346592874927	1	1	-2.52500158255594
15.4569023125326	117.288760824822	1	1	-2.52244536395901
15.3754560553092	117.230720390881	1	1	-2.51988914537277
15.2941584280559	117.172471952356	1	1	-2.51733292677197
15.2130099619916	117.114015889855	1	1	-2.51477670817507
15.1320111873607	117.055352585345	1	1	-2.51222048957999
15.0511626334295	116.996482422147	1	1	-2.50966427098265
14.9704648284826	116.937405784933	1	1	-2.50710805239712
14.8899182998196	116.878123059726	1	1	-2.50455183379379
14.8095235737518	116.818634633892	1	1	-2.50199561519766
14.7292811755982	116.758940896144	1	1	-2.49943939660203
14.6491916296829	116.699042236536	1	1	-2.49688317801582
14.569255459331	116.638939046462	1	1	-2.49432695941293
14.4894731868652	116.578631718649	1	1	-2.49177074081485
14.4098453336031	116.518120647161	1	1	-2.48921452223039
14.3303724198528	116.457406227394	1	1	-2.48665830362822
14.2510549649102	116.396488856069	1	1	-2.48410208503137
14.1718934870554	116.335368931236	1	1	-2.48154586643531
14.0928885035493	116.274046852268	1	1	-2.47898964784113
14.0140405306302	116.212523019859	1	1	-2.47643342925359
13.9353500835105	116.150797836022	1	1	-2.47387721065266
13.8568176763732	116.088871704083	1	1	-2.47132099205267
13.7784438223687	116.026745028683	1	1	-2.46876477345935
13.7002290336113	115.964418215774	1	1	-2.4662085548731
13.6221738211761	115.901891672616	1	1	-2.46365233627181
13.5442786950952	115.839165807771	1	1	-2.46109611767359
13.466544164355	115.776241031106	1	1	-2.45853989908236
13.3889707368922	115.713117753788	1	1	-2.45598368048041
13.3115589195911	115.649796388279	1	1	-2.45342746188947
13.2343092182798	115.586277348338	1	1	-2.45087124329668
13.1572221377271	115.522561049014	1	1	-2.44831502470183
13.0802981816393	115.458647906645	1	1	-2.44575880610333
13.0035378526568	115.394538338855	1	1	-2.44320258750568
12.9269416523507	115.330232764552	1	1	-2.44064636891764
12.8505100812198	115.265731603926	1	1	-2.43809015031706
12.774243638687	115.201035278442	1	1	-2.43553393172363
12.6981428230964	115.136144210843	1	1	-2.43297771312786
12.6222081317096	115.071058825143	1	1	-2.43042149452978
12.546440060703	115.005779546626	1	1	-2.42786527593839
12.4708391051641	114.940306801844	1	1	-2.42530905734509
12.3954057590884	114.874641018612	1	1	-2.42275283874739
12.3201405153762	114.808782626006	1	1	-2.42019662014806
12.2450438658294	114.742732054361	1	1	-2.41764040155604
12.1701163011484	114.676489735269	1	1	-2.41508418296516
12.0953583109286	114.610056101574	1	1	-2.4125279643602
12.0207703836573	114.543431587368	1	1	-2.4099717457756
11.9463530067107	114.476616627995	1	1	-2.40741552717097
11.8721066663506	114.409611660038	1	1	-2.40485930857997
11.7980318477211	114.342417121326	1	1	-2.40230308998948
11.7241290348456	114.275033450925	1	1	-2.39974687138575
11.6503987106236	114.207461089135	1	1	-2.39719065279277
11.5768413568273	114.139700477492	1	1	-2.39463443420033
11.503457454099	114.071752058761	1	1	-2.3920782156012
11.4302474819474	114.003616276933	1	1	-2.38952199700822
11.3572119187447	113.935293577225	1	1	-2.38696577841701
11.2843512417237	113.866784406075	1	1	-2.38440955981936
11.2116659269741	113.798089211138	1	1	-2.38185334121748
11.1391564494399	113.729208441285	1	1	-2.37929712262743
11.0668232829164	113.660142546602	1	1	-2.37674090403327
10.9946669000463	113.590891978382	1	1	-2.37418468543496
10.9226877723175	113.521457189125	1	1	-2.37162846684062
10.8508863700598	113.451838632536	1	1	-2.36907224824751
10.7792631624413	113.38203676352	1	1	-2.36651602965474
10.707818617466	113.31205203818	1	1	-2.36395981104952
10.6365532019705	113.241884913812	1	1	-2.36140359246275
10.5654673816207	113.171535848908	1	1	-2.35884737386509
10.4945616209093	113.101005303145	1	1	-2.35629115526759
10.423836383152	113.030293737387	1	1	-2.35373493667474
10.3532921304855	112.959401613682	1	1	-2.35117871808473
10.2829293238633	112.888329395257	1	1	-2.34862249948229
10.2127484230537	112.817077546514	1	1	-2.34606628088459
10.1427498866362	112.745646533031	1	1	-2.34351006229253
10.0729341719988	112.674036821557	1	1	-2.34095384370336
10.0033017353347	112.602248880008	1	1	-2.33839762510317
9.93385303163984	112.530283177463	1	1	-2.33584140650476
9.86458851470927	112.458140184164	1	1	-2.33328518791092
9.79550863713467	112.385820371512	1	1	-2.33072896931863
9.72661385030125	112.313324212063	1	1	-2.32817275071938
9.65790460438477	112.240652179524	1	1	-2.32561653213219
9.5893813483486	112.167804748754	1	1	-2.32306031352919
9.52104452994084	112.094782395754	1	1	-2.32050409493782
9.45289459569133	112.021585597672	1	1	-2.31794787633848
9.38493199090876	111.948214832793	1	1	-2.3153916577462
9.31715715967782	111.874670580541	1	1	-2.31283543915069
9.24957054485616	111.800953321472	1	1	-2.31027922055509
9.18217258807163	111.727063537273	1	1	-2.30772300195739
9.11496372971932	111.653001710758	1	1	-2.30516678336305
9.0479444089587	111.578768325866	1	1	-2.30261056477226
8.98111506371078	111.504363867657	1	1	-2.30005434617241
8.9144761306552	111.429788822307	1	1	-2.29749812757931
8.84802804522741	111.355043677109	1	1	-2.29494190898329
8.78177124161581	111.280128920466	1	1	-2.29238569038231
8.7157061527589	111.205045041889	1	1	-2.2898294717958
8.64983321034248	111.129792531997	1	1	-2.28727325319773
8.58415284479685	111.054371882507	1	1	-2.28471703460391
8.51866548529392	110.978783586237	1	1	-2.28216081600479
8.45337155974445	110.903028137099	1	1	-2.27960459741179
8.3882714947953	110.827106030099	1	1	-2.2770483788188
8.32336571582653	110.751017761331	1	1	-2.27449216022074
8.25865464694875	110.674763827974	1	1	-2.27193594162091
8.19413871100026	110.59834472829	1	1	-2.26937972303086
8.1298183295443	110.521760961622	1	1	-2.26682350443783
8.06569392286632	110.445013028387	1	1	-2.26426728583725
8.00176590997122	110.368101430074	1	1	-2.26171106724551
7.93803470858061	110.291026669244	1	1	-2.25915484864881
7.87450073513011	110.213789249522	1	1	-2.25659863005496
7.81116440476656	110.136389675597	1	1	-2.2540424114598
7.74802613134539	110.058828453217	1	1	-2.25148619286212
7.68508632742785	109.981106089186	1	1	-2.24892997426854
7.62234540427835	109.903223091362	1	1	-2.24637375567511
7.55980377186177	109.825179968652	1	1	-2.24381753707375
7.49746183884077	109.746977231008	1	1	-2.24126131848328
7.43532001257312	109.668615389428	1	1	-2.2387050998876
7.37337869910904	109.590094955947	1	1	-2.23614888129107
7.31163830318856	109.511416443637	1	1	-2.23359266270032
7.25009922823884	109.432580366604	1	1	-2.23103644409934
7.18876187637161	109.353587239981	1	1	-2.22848022550561
7.12762664838045	109.27443757993	1	1	-2.22592400691412
7.0666939437382	109.195131903635	1	1	-2.22336778831564
7.0059641605944	109.115670729298	1	1	-2.22081156971622
6.94543769577262	109.036054576138	1	1	-2.21825535112381
6.88511494476792	108.956283964388	1	1	-2.21569913253049
6.82499630174424	108.876359415289	1	1	-2.21314291393756
6.7650821595318	108.796281451088	1	1	-2.21058669533584
6.70537290962459	108.716050595033	1	1	-2.20803047674339
6.64586894217778	108.635667371374	1	1	-2.20547425815063
6.58657064600514	108.555132305355	1	1	-2.20291803955599
6.5274784085766	108.474445923212	1	1	-2.20036182095579
6.46859261601558	108.393608752169	1	1	-2.1978056023656
6.40991365309658	108.312621320438	1	1	-2.19524938376299
6.35144190324261	108.231484157209	1	1	-2.19269316517518
6.29317774852268	108.150197792655	1	1	-2.19013694657872
6.23512156964936	108.06876275792	1	1	-2.18758072797744
6.17727374597623	107.98717958512	1	1	-2.18502450938856
6.11963465549542	107.905448807342	1	1	-2.18246829079195
6.06220467483517	107.823570958634	1	1	-2.17991207219363
6.00498417925731	107.741546574006	1	1	-2.17735585360188
5.94797354265487	107.659376189427	1	1	-2.17479963500533
5.89117313754961	107.577060341818	1	1	-2.17224341641278
5.83458333508955	107.494599569052	1	1	-2.16968719781274
5.77820450504662	107.411994409947	1	1	-2.16713097921972
5.72203701581419	107.329245404267	1	1	-2.16457476062306
5.66608123440465	107.246353092714	1	1	-2.16201854203124
5.61033752644709	107.163318016928	1	1	-2.15946232343419
5.55480625618483	107.08014071948	1	1	-2.15690610483595
5.49948778647305	106.996821743871	1	1	-2.15434988624309
5.44438247877647	106.913361634529	1	1	-2.15179366764913
5.38949069316693	106.829760936803	1	1	-2.14923744905041
5.33481278832109	106.74602019696	1	1	-2.14668123045738
5.28034912151806	106.662139962184	1	1	-2.14412501186219
5.22610004863704	106.578120780569	1	1	-2.14156879327081
5.17206592415502	106.493963201118	1	1	-2.13901257467017
5.11824710114449	106.409667773736	1	1	-2.136456356073
5.06464393127108	106.325235049231	1	1	-2.13390013748366
5.01125676479131	106.240665579309	1	1	-2.13134391888339
4.95808595055027	106.155959916566	1	1	-2.12878770029373
4.90513183597935	106.071118614492	1	1	-2.1262314816924
4.85239476709395	105.986142227459	1	1	-2.12367526310141
4.7998750884913	105.901031310726	1	1	-2.12111904450558
4.74757314334806	105.815786420428	1	1	-2.11856282590727
4.69548927341825	105.730408113576	1	1	-2.11600660731326
4.64362381903087	105.644896948054	1	1	-2.11345038872265
4.59197711908778	105.559253482614	1	1	-2.11089417012272
4.54054951106142	105.47347827687	1	1	-2.10833795152989
4.48934133099263	105.3875718913	1	1	-2.10578173293285
4.43835291348847	105.301534887237	1	1	-2.10322551433453
4.38758459171999	105.215367826868	1	1	-2.10066929574556
4.33703669742011	105.129071273232	1	1	-2.09811307714534
4.2867095608814	105.04264579021	1	1	-2.09555685855175
4.23660351095393	104.956091942529	1	1	-2.09300063995559
4.18671887504318	104.869410295753	1	1	-2.09044442136188
4.13705597910781	104.782601416282	1	1	-2.08788820276829
4.08761514765762	104.695665871347	1	1	-2.08533198416709
4.03839670375134	104.608604229005	1	1	-2.08277576557806
3.98940096899459	104.521417058141	1	1	-2.08021954698036
3.94062826353774	104.434104928456	1	1	-2.07766332838606
3.89207890607386	104.34666841047	1	1	-2.07510710978679
3.84375321383656	104.259108075514	1	1	-2.07255089119634
3.79565150259802	104.171424495731	1	1	-2.0699946725993
3.74777408666682	104.083618244066	1	1	-2.06743845400221
3.70012127888597	103.995689894267	1	1	-2.06488223541082
3.65269339063082	103.907640020881	1	1	-2.06232601681037
3.60549073180706	103.819469199246	1	1	-2.05976979821854
3.55851361084866	103.731178005494	1	1	-2.05721357962342
3.51176233471585	103.642767016541	1	1	-2.05465736103034
3.46523720889319	103.554236810087	1	1	-2.0521011424306
3.41893853738744	103.465587964609	1	1	-2.04954492383665
3.37286662272572	103.376821059362	1	1	-2.04698870524193
3.32702176595344	103.287936674371	1	1	-2.04443248664843
3.28140426663233	103.198935390429	1	1	-2.04187626804728
3.23601442283855	103.109817789091	1	1	-2.03932004945686
3.19085253116067	103.020584452676	1	1	-2.03676383086206
3.14591888669779	102.931235964256	1	1	-2.03420761226568
3.10121378305757	102.841772907656	1	1	-2.03165139366956
3.05673751235433	102.75219586745	1	1	-2.02909517507431
3.01249036520715	102.662505428957	1	1	-2.02653895648028
2.96847263073793	102.572702178237	1	1	-2.02398273788241
2.92468459656956	102.482786702086	1	1	-2.02142651929222
2.88112654882401	102.392759588036	1	1	-2.01887030069065
2.83779877212043	102.302621424344	1	1	-2.01631408210077
2.79470154957335	102.212372799998	1	1	-2.01375786350186
2.75183516279081	102.122014304703	1	1	-2.01120164490726
2.70919989187249	102.031546528885	1	1	-2.00864542631264
2.66679601540788	101.940970063683	1	1	-2.00608920771677
2.62462381047453	101.850285500946	1	1	-2.00353298912244
2.58268355263618	101.75949343323	1	1	-2.00097677052797
2.54097551594094	101.668594453793	1	1	-1.99842055193086
2.49949997291954	101.577589156591	1	1	-1.9958643333364
2.45825719458355	101.486478136276	1	1	-1.99330811474098
2.41724745042361	101.39526198819	1	1	-1.99075189614523
2.37647100840763	101.303941308362	1	1	-1.98819567755305
2.33592813497906	101.212516693505	1	1	-1.9856394589556
2.29561909505518	101.120988741009	1	1	-1.98308324035999
2.25554415202534	101.029358048941	1	1	-1.98052702176516
2.21570356774921	100.937625216039	1	1	-1.97797080316918
2.17609760255515	100.845790841708	1	1	-1.97541458457442
2.13672651523841	100.753855526017	1	1	-1.97285836597793
2.09759056305955	100.661819869694	1	1	-1.9703021473817
2.05869000174265	100.569684474123	1	1	-1.96774592879076
2.02002508547368	100.477449941341	1	1	-1.96518971018973
1.9815960668989	100.385116874029	1	1	-1.96263349159927
1.9434031971231	100.292685875517	1	1	-1.96007727300409
1.90544672570803	100.200157549771	1	1	-1.95752105440777
1.86772690067079	100.107532501394	1	1	-1.95496483581084
1.83024396848213	100.014811335621	1	1	-1.95240861721601
1.79299817406488	99.9219946583158	1	1	-1.94985239862137
1.75598976079241	99.8290830759659	1	1	-1.94729618002626
1.71921897048691	99.7360771956786	1	1	-1.94473996143067
1.68268604341793	99.6429776251775	1	1	-1.94218374283578
1.64639121830074	99.5497849727986	1	1	-1.93962752424009
1.6103347322948	99.4564998474858	1	1	-1.93707130564513
1.5745168210022	99.3631228587876	1	1	-1.93451508704978
1.53893771846613	99.2696546168525	1	1	-1.93195886845455
1.50359765716934	99.1760957324254	1	1	-1.92940264985932
1.46849686803262	99.0824468168434	1	1	-1.92684643126402
1.43363558041329	98.9887084820319	1	1	-1.92429021266855
1.39901402210374	98.8948813405006	1	1	-1.92173399407317
1.36463241932987	98.8009660053395	1	1	-1.91917777547829
1.33049099674966	98.706963090215	1	1	-1.91662155688278
1.29658997745172	98.6128732093655	1	1	-1.91406533828776
1.26292958295376	98.5186969775979	1	1	-1.91150911969226
1.22951003320122	98.4244350102831	1	1	-1.90895290109708
1.1963315465658	98.3300879233525	1	1	-1.90639668250181
1.16339433984403	98.2356563332935	1	1	-1.90384046390634
1.13069862825582	98.1411408571456	1	1	-1.90128424531148
1.09824462544315	98.0465421124968	1	1	-1.8987280267156
1.06603254346858	97.9518607174786	1	1	-1.89617180812075
1.0340625928139	97.8570972907632	1	1	-1.8936155895254
1.00233498237876	97.7622524515584	1	1	-1.89105937093026
0.970849919479292	97.6673268196041	1	1	-1.88850315233498
0.939607609846774	97.5723210151681	1	1	-1.88594693373942
0.90860825762627	97.477235659042	1	1	-1.88339071514443
0.877852065375279	97.3820713725374	1	1	-1.88083449654914
0.847339234062467	97.2868287774815	1	1	-1.87827827795351
0.817069963066295	97.1915084962131	1	1	-1.87572205935865
0.787044450173745	97.096111151579	1	1	-1.87316584076331
0.757262891579018	97.0006373669291	1	1	-1.87060962216796
0.727725481882267	96.905087766113	1	1	-1.86805340357249
0.698432414088302	96.8094629734756	1	1	-1.86549718497746
0.669383879605363	96.7137636138534	1	1	-1.86294096638213
0.640580068243828	96.6179903125698	1	1	-1.86038474778685
0.612021168214994	96.5221436954315	1	1	-1.85782852919162
0.583707366129865	96.4262243887243	1	1	-1.8552723105962
0.555638846997887	96.3302330192088	1	1	-1.85271609200117
0.527815794225788	96.2341702141168	1	1	-1.85015987340568
0.500238389616349	96.1380366011465	1	1	-1.84760365481064
0.472906813367224	96.0418328084591	1	1	-1.8450474362152
0.445821244069762	95.9455594646741	1	1	-1.84249121762006
0.418981858707845	95.8492171988657	1	1	-1.83993499902465
0.392388832656714	95.7528066405582	1	1	-1.83737878042931
0.366042339681869	95.6563284197224	1	1	-1.83482256183405
0.339942551937874	95.5597831667711	1	1	-1.83226634323891
0.31408963996725	95.4631715125551	1	1	-1.82971012464357
0.288483772699401	95.3664940883591	1	1	-1.82715390604848
0.263125117449455	95.2697515258976	1	1	-1.82459768745306
0.238013839917215	95.1729444573106	1	1	-1.82204146885777
0.213150104186035	95.0760735151597	1	1	-1.81948525026252
0.188534072721787	94.9791393324239	1	1	-1.81692903166721
0.164165906371764	94.8821425424953	1	1	-1.81437281307203
0.14004576436367	94.7850837791753	1	1	-1.81181659447661
0.116173804304516	94.6879636766699	1	1	-1.80926037588132
0.0925501821796857	94.5907828695863	1	1	-1.80670415728615
0.0691750523518166	94.4935419929282	1	1	-1.80414793869094
0.0460485675598363	94.3962416820917	1	1	-1.8015917200956
0.0231708789180018	94.2988825728614	1	1	-1.79903550150049
0.000542135914834319	94.2014653014061	1	1	-1.79647928290488
-0.0218375135877977	94.1039905042744	1	1	-1.79392306430995
-0.0439679233556731	94.0064588183913	1	1	-1.79136684571434
-0.0658489487831559	93.9088708810529	1	1	-1.78881062711933
-0.0874804468941761	93.8112273299234	1	1	-1.78625440852401
-0.108862276343096	93.7135288030301	1	1	-1.78369818992867
-0.12999429741572	93.6157759387595	1	1	-1.78114197133339
-0.150876372030112	93.5179693758534	1	1	-1.77858575273809
-0.171508363737601	93.4201097534042	1	1	-1.77602953414283
-0.19189013772359	93.3221977108512	1	1	-1.77347331554761
-0.212021560808466	93.2242338879762	1	1	-1.77091709695235
-0.231902501448495	93.1262189248992	1	1	-1.76836087835707
-0.251532829736618	93.0281534620746	1	1	-1.76580465976178
-0.270912417403387	92.9300381402865	1	1	-1.76324844116664
-0.290041137817717	92.8318736006451	1	1	-1.7606922225711
-0.308918865987771	92.7336604845818	1	1	-1.75813600397599
-0.327545478561753	92.6353994338459	1	1	-1.75557978538074
-0.345920853828737	92.5370910904995	1	1	-1.75302356678542
-0.3640448717194	92.438736096914	1	1	-1.75046734819007
-0.381917413806896	92.3403350957654	1	1	-1.74791112959503
-0.39953836330757	92.2418887300306	1	1	-1.74535491099947
-0.416907605081725	92.1433976429825	1	1	-1.74279869240435
-0.434025025634405	92.0448624781867	1	1	-1.74024247380916
-0.450890513116093	91.9462838794966	1	1	-1.73768625521369
-0.467503957323487	91.8476624910492	1	1	-1.73513003661868
-0.483865249700187	91.7489989572616	1	1	-1.73257381802316
-0.499974283337416	91.6502939228257	1	1	-1.73001759942791
-0.515830952974724	91.551548032705	1	1	-1.72746138083279
-0.531435155000672	91.4527619321299	1	1	-1.72490516223741
-0.546786787453506	91.3539362665933	1	1	-1.72234894364208
-0.561885750021808	91.2550716818469	1	1	-1.71979272504697
-0.576731944045193	91.1561688238967	1	1	-1.71723650645158
-0.591325272514922	91.0572283389985	1	1	-1.71468028785638
-0.605665640074534	90.9582508736543	1	1	-1.71212406926102
-0.61975295302048	90.8592370746075	1	1	-1.70956785066584
-0.633587119302746	90.7601875888391	1	1	-1.70701163207053
-0.647168048525415	90.6611030635632	1	1	-1.7044554134752
-0.660495651947322	90.5619841462227	1	1	-1.70189919488001
-0.673569842482557	90.4628314844856	1	1	-1.69934297628461
-0.686390534701097	90.36364572624	1	1	-1.69678675768954
-0.698957644829342	90.2644275195906	1	1	-1.69423053909414
-0.711271090750643	90.1651775128538	1	1	-1.69167432049888
-0.723330792005875	90.065896354554	1	1	-1.68911810190357
-0.735136669793931	89.9665846934191	1	1	-1.68656188330835
-0.746688646972252	89.8672431783764	1	1	-1.68400566471309
-0.75798664805734	89.7678724585481	1	1	-1.68144944611786
-0.769030599225225	89.6684731832474	1	1	-1.67889322752253
-0.779820428311972	89.5690460019739	1	1	-1.67633700892717
-0.790356064814134	89.4695915644097	1	1	-1.67378079033195
-0.800637439889236	89.370110520415	1	1	-1.67122457173678
-0.81066448635621	89.2706035200238	1	1	-1.66866835314147
-0.820437138695816	89.1710712134397	1	1	-1.66611213454612
-0.829955333051103	89.0715142510316	1	1	-1.66355591595087
-0.839219007227818	88.9719332833296	1	1	-1.66099969735566
-0.848228100694797	88.8723289610207	1	1	-1.65844347876027
-0.856982554584356	88.7727019349444	1	1	-1.65588726016515
-0.86548231169273	88.6730528560886	1	1	-1.65333104156975
-0.873727316480355	88.5733823755853	1	1	-1.65077482297457
-0.881717515072332	88.4736911447063	1	1	-1.6482186043792
-0.889452855258689	88.373979814859	1	1	-1.64566238578399
-0.896933286494793	88.2742490375822	1	1	-1.64310616718868
-0.904158759901627	88.1744994645417	1	1	-1.64054994859346
-0.911129228266148	88.0747317475262	1	1	-1.63799372999824
-0.917844646041573	87.9749465384429	1	1	-1.63543751140279
-0.924304969347673	87.8751444893131	1	1	-1.63288129280767
-0.930510155971099	87.7753262522686	1	1	-1.63032507421236
-0.936460165365602	87.6754924795465	1	1	-1.62776885561711
-0.942154958652331	87.5756438234858	1	1	-1.62521263702176
-0.947594498620077	87.4757809365225	1	1	-1.62265641842651
-0.952778749725539	87.3759044711856	1	1	-1.62010019983127
-0.95770767809352	87.276015080093	1	1	-1.61754398123602
-0.962381251517172	87.1761134159469	1	1	-1.61498776264069
-0.966799439458192	87.0762001315297	1	1	-1.61243154404547
-0.970962213047045	86.9762758796998	1	1	-1.60987532545015
-0.974869545083116	86.8763413133873	1	1	-1.6073191068549
-0.978521410034929	86.7763970855896	1	1	-1.60476288825962
-0.981917784040284	86.6764438493672	1	1	-1.60220666966435
-0.985058644906424	86.5764822578396	1	1	-1.59965045106908
-0.98794397211018	86.4765129641808	1	1	-1.59709423247378
-0.990573746798098	86.3765366216152	1	1	-1.59453801387856
-0.992947951786583	86.2765538834131	1	1	-1.59198179528327
-0.995066571561978	86.1765654028868	1	1	-1.589425576688
-0.996929592280694	86.076571833386	1	1	-1.58686935809271
-0.998537001769286	85.9765738282937	1	1	-1.58431313949743
-0.99988878952454	85.8765720410218	1	1	-1.58175692090218
-1.00098494671354	85.776567125007	1	1	-1.57920070230692
-1.00182546617372	85.6765597337064	1	1	-1.57664448371171
-1.00241034241292	85.5765505205933	1	1	-1.57408826511627
-1.00273957160939	85.4765401391529	1	1	-1.57153204652109
-1.00281315161189	85.3765292428781	1	1	-1.56897582792582
-1.00263108193962	85.276518485265	1	1	-1.56641960933045
-1.00219336378226	85.1765085198089	1	1	-1.56386339073528
-1.00149999999999	85.0765	1	1	-1.55901673530879
-1.00032164449819	84.9764709794438	0	1	-1.55901673530864
-0.999143288996373	84.8764419588875	0	1	-1.55901673530865
-0.997964933494559	84.7764129383313	0	1	-1.55901673530866
-0.996786577992745	84.6763839177751	0	1	-1.55901673530865
-0.995608222490931	84.5763548972189	0	1	-1.55901673530867
-0.994429866989117	84.4763258766626	0	1	-1.55901673530866
-0.993251511487304	84.3762968561064	0	1	-1.55901673530866
-0.99207315598549	84.2762678355502	0	1	-1.55901673530866
-0.990894800483676	84.176238814994	0	1	-1.55901673530867
-0.989716444981862	84.0762097944377	0	1	-1.55901673530866
-0.988538089480048	83.9761807738815	0	1	-1.55901673530866
-0.987359733978235	83.8761517533253	0	1	-1.55901673530867
-0.986181378476421	83.776122732769	0	1	-1.55901673530865
-0.985003022974607	83.6760937122128	0	1	-1.55901673530866
-0.983824667472793	83.5760646916566	0	1	-1.55901673530866
-0.98264631197098	83.4760356711004	0	1	-1.55901673530867
-0.981467956469166	83.3760066505441	0	1	-1.55901673530865
-0.980289600967352	83.2759776299879	0	1	-1.55901673530866
-0.979111245465538	83.1759486094317	0	1	-1.55901673530866
-0.977932889963724	83.0759195888755	0	1	-1.55901673530868
-0.976754534461911	82.9758905683192	0	1	-1.55901673530866
-0.975576178960097	82.875861547763	0	1	-1.55901673530865
-0.974397823458283	82.7758325272068	0	1	-1.55901673530867
-0.973219467956469	82.6758035066505	0	1	-1.55901673530865
-0.972041112454655	82.5757744860943	0	1	-1.55901673530867
-0.970862756952842	82.4757454655381	0	1	-1.55901673530865
-0.969684401451028	82.3757164449819	0	1	-1.55901673530867
-0.968506045949214	82.2756874244256	0	1	-1.55901673530865
-0.9673276904474	82.1756584038694	0	1	-1.55901673530867
-0.966149334945587	82.0756293833132	0	1	-1.55901673530867
-0.964970979443773	81.9756003627569	0	1	-1.55901673530865
-0.963792623941959	81.8755713422007	0	1	-1.55901673530866
-0.962614268440145	81.7755423216445	0	1	-1.55901673530865
-0.961435912938331	81.6755133010883	0	1	-1.55901673530868
-0.960257557436518	81.575484280532	0	1	-1.55901673530865
-0.959079201934704	81.4754552599758	0	1	-1.55901673530866
-0.95790084643289	81.3754262394196	0	1	-1.55901673530865
-0.956722490931076	81.2753972188634	0	1	-1.55901673530867
-0.955544135429262	81.1753681983071	0	1	-1.55901673530866
-0.954365779927449	81.0753391777509	0	1	-1.55901673530866
-0.953187424425635	80.9753101571947	0	1	-1.55901673530865
-0.952009068923821	80.8752811366385	0	1	-1.55901673530867
-0.950830713422007	80.7752521160822	0	1	-1.55901673530867
-0.949652357920194	80.675223095526	0	1	-1.55901673530865
-0.94847400241838	80.5751940749698	0	1	-1.55901673530867
-0.947295646916566	80.4751650544135	0	1	-1.55901673530865
-0.946117291414752	80.3751360338573	0	1	-1.55901673530866
-0.944938935912938	80.2751070133011	0	1	-1.55901673530866
-0.943760580411125	80.1750779927449	0	1	-1.55901673530867
-0.942582224909311	80.0750489721886	0	1	-1.55901673530865
-0.941403869407497	79.9750199516324	0	1	-1.55901673530866
-0.940225513905683	79.8749909310762	0	1	-1.55901673530868
-0.93904715840387	79.7749619105199	0	1	-1.55901673530866
-0.937868802902056	79.6749328899637	0	1	-1.55901673530865
-0.936690447400242	79.5749038694075	0	1	-1.55901673530866
-0.935512091898428	79.4748748488513	0	1	-1.55901673530867
-0.934333736396614	79.374845828295	0	1	-1.55901673530866
-0.933155380894801	79.2748168077388	0	1	-1.55901673530866
-0.931977025392987	79.1747877871826	0	1	-1.55901673530865
-0.930798669891173	79.0747587666264	0	1	-1.55901673530867
-0.929620314389359	78.9747297460701	0	1	-1.55901673530865
-0.928441958887545	78.8747007255139	0	1	-1.55901673530867
-0.927263603385732	78.7746717049577	0	1	-1.55901673530865
-0.926085247883918	78.6746426844015	0	1	-1.55901673530867
-0.924906892382104	78.5746136638452	0	1	-1.55901673530865
-0.92372853688029	78.474584643289	0	1	-1.55901673530866
-0.922550181378476	78.3745556227328	0	1	-1.55901673530868
-0.921371825876663	78.2745266021765	0	1	-1.55901673530865
-0.920193470374849	78.1744975816203	0	1	-1.55901673530866
-0.919015114873035	78.0744685610641	0	1	-1.55901673530867
-0.917836759371221	77.9744395405078	0	1	-1.55901673530867
-0.916658403869408	77.8744105199516	0	1	-1.55901673530865
-0.915480048367594	77.7743814993954	0	1	-1.55901673530866
-0.91430169286578	77.6743524788392	0	1	-1.55901673530867
-0.913123337363966	77.5743234582829	0	1	-1.55901673530866
-0.911944981862152	77.4742944377267	0	1	-1.55901673530866
-0.910766626360339	77.3742654171705	0	1	-1.55901673530866
-0.909588270858525	77.2742363966143	0	1	-1.55901673530867
-0.908409915356711	77.174207376058	0	1	-1.55901673530866
-0.907231559854897	77.0741783555018	0	1	-1.55901673530867
-0.906053204353084	76.9741493349456	0	1	-1.55901673530865
-0.90487484885127	76.8741203143894	0	1	-1.55901673530867
-0.903696493349456	76.7740912938331	0	1	-1.55901673530865
-0.902518137847642	76.6740622732769	0	1	-1.55901673530866
-0.901339782345828	76.5740332527207	0	1	-1.55901673530868
-0.900161426844015	76.4740042321644	0	1	-1.55901673530866
-0.898983071342201	76.3739752116082	0	1	-1.55901673530865
-0.897804715840387	76.273946191052	0	1	-1.55901673530866
-0.896626360338573	76.1739171704958	0	1	-1.55901673530867
-0.895448004836759	76.0738881499395	0	1	-1.55901673530867
-0.894269649334946	75.9738591293833	0	1	-1.55901673530866
-0.893091293833132	75.8738301088271	0	1	-1.55901673530867
-0.891912938331318	75.7738010882708	0	1	-1.55901673530866
-0.890734582829504	75.6737720677146	0	1	-1.55901673530865
-0.88955622732769	75.5737430471584	0	1	-1.55901673530867
-0.888377871825877	75.4737140266022	0	1	-1.55901673530867
-0.887199516324063	75.3736850060459	0	1	-1.55901673530866
-0.886021160822249	75.2736559854897	0	1	-1.55901673530865
-0.884842805320435	75.1736269649335	0	1	-1.55901673530866
-0.883664449818621	75.0735979443773	0	1	-1.55901673530868
-0.882486094316808	74.973568923821	0	1	-1.55901673530866
-0.881307738814994	74.8735399032648	0	1	-1.55901673530865
-0.88012938331318	74.7735108827086	0	1	-1.55901673530866
-0.878951027811366	74.6734818621524	0	1	-1.55901673530868
-0.877772672309553	74.5734528415961	0	1	-1.55901673530865
-0.876594316807739	74.4734238210399	0	1	-1.55901673530866
-0.875415961305925	74.3733948004837	0	1	-1.55901673530867
-0.874237605804111	74.2733657799274	0	1	-1.55901673530867
-0.873059250302298	74.1733367593712	0	1	-1.55901673530865
-0.871880894800484	74.073307738815	0	1	-1.55901673530866
-0.87070253929867	73.9732787182588	0	1	-1.55901673530867
-0.869524183796856	73.8732496977025	0	1	-1.55901673530866
-0.868345828295042	73.7732206771463	0	1	-1.55901673530866
-0.867167472793229	73.6731916565901	0	1	-1.55901673530867
-0.865989117291415	73.5731626360338	0	1	-1.55901673530866
-0.864810761789601	73.4731336154776	0	1	-1.55901673530865
-0.863632406287787	73.3731045949214	0	1	-1.55901673530866
-0.862454050785973	73.2730755743652	0	1	-1.55901673530868
-0.86127569528416	73.1730465538089	0	1	-1.55901673530866
-0.860097339782346	73.0730175332527	0	1	-1.55901673530865
-0.858918984280532	72.9729885126965	0	1	-1.55901673530866
-0.857740628778718	72.8729594921403	0	1	-1.55901673530867
-0.856562273276904	72.772930471584	0	1	-1.55901673530867
-0.855383917775091	72.6729014510278	0	1	-1.55901673530865
-0.854205562273277	72.5728724304716	0	1	-1.55901673530866
-0.853027206771463	72.4728434099154	0	1	-1.55901673530867
-0.851848851269649	72.3728143893591	0	1	-1.55901673530867
-0.850670495767836	72.2727853688029	0	1	-1.55901673530866
-0.849492140266022	72.1727563482467	0	1	-1.55901673530867
-0.848313784764208	72.0727273276904	0	1	-1.55901673530866
-0.847135429262394	71.9726983071342	0	1	-1.55901673530865
-0.84595707376058	71.872669286578	0	1	-1.55901673530867
-0.844778718258767	71.7726402660218	0	1	-1.55901673530867
-0.843600362756953	71.6726112454655	0	1	-1.55901673530866
-0.842422007255139	71.5725822249093	0	1	-1.55901673530865
-0.841243651753325	71.4725532043531	0	1	-1.55901673530866
-0.840065296251511	71.3725241837969	0	1	-1.55901673530868
-0.838886940749698	71.2724951632406	0	1	-1.55901673530866
-0.837708585247884	71.1724661426844	0	1	-1.55901673530865
-0.83653022974607	71.0724371221282	0	1	-1.55901673530867
-0.835351874244256	70.9724081015719	0	1	-1.55901673530867
-0.834173518742443	70.8723790810157	0	1	-1.55901673530865
-0.832995163240629	70.7723500604595	0	1	-1.55901673530865
-0.831816807738815	70.6723210399033	0	1	-1.55901673530867
-0.830638452237001	70.572292019347	0	1	-1.55901673530866
-0.829460096735187	70.4722629987908	0	1	-1.55901673530866
-0.828281741233374	70.3722339782346	0	1	-1.55901673530866
-0.82710338573156	70.2722049576784	0	1	-1.55901673530867
-0.825925030229746	70.1721759371221	0	1	-1.55901673530866
-0.824746674727932	70.0721469165659	0	1	-1.55901673530865
-0.823568319226118	69.9721178960097	0	1	-1.55901673530868
-0.822389963724305	69.8720888754534	0	1	-1.55901673530866
-0.821211608222491	69.7720598548972	0	1	-1.55901673530865
-0.820033252720677	69.672030834341	0	1	-1.55901673530867
-0.818854897218864	69.5720018137848	0	1	-1.55901673530867
-0.81767654171705	69.4719727932285	0	1	-1.55901673530866
-0.816498186215236	69.3719437726723	0	1	-1.55901673530865
-0.815319830713422	69.2719147521161	0	1	-1.55901673530866
-0.814141475211608	69.1718857315599	0	1	-1.55901673530867
-0.812963119709794	69.0718567110036	0	1	-1.55901673530867
-0.811784764207981	68.9718276904474	0	1	-1.55901673530865
-0.810606408706167	68.8717986698912	0	1	-1.55901673530867
-0.809428053204353	68.7717696493349	0	1	-1.55901673530865
-0.808249697702539	68.6717406287787	0	1	-1.55901673530867
-0.807071342200726	68.5717116082225	0	1	-1.55901673530866
-0.805892986698912	68.4716825876663	0	1	-1.55901673530867
-0.804714631197098	68.37165356711	0	1	-1.55901673530866
-0.803536275695284	68.2716245465538	0	1	-1.55901673530865
-0.80235792019347	68.1715955259976	0	1	-1.55901673530867
-0.801179564691657	68.0715665054414	0	1	-1.55901673530867
-0.800001209189843	67.9715374848851	0	1	-1.55901673530866
-0.798822853688029	67.8715084643289	0	1	-1.55901673530865
-0.797644498186215	67.7714794437727	0	1	-1.55901673530867
-0.796466142684401	67.6714504232164	0	1	-1.55901673530866
-0.795287787182588	67.5714214026602	0	1	-1.55901673530866
-0.794109431680774	67.471392382104	0	1	-1.55901673530866
-0.79293107617896	67.3713633615478	0	1	-1.55901673530867
-0.791752720677146	67.2713343409915	0	1	-1.55901673530867
-0.790574365175333	67.1713053204353	0	1	-1.55901673530865
-0.789396009673519	67.0712762998791	0	1	-1.55901673530866
-0.788217654171705	66.9712472793229	0	1	-1.55901673530867
-0.787039298669891	66.8712182587666	0	1	-1.55901673530866
-0.785860943168077	66.7711892382104	0	1	-1.55901673530866
-0.784682587666264	66.6711602176542	0	1	-1.55901673530867
-0.78350423216445	66.5711311970979	0	1	-1.55901673530865
-0.782325876662636	66.4711021765417	0	1	-1.55901673530866
-0.781147521160822	66.3710731559855	0	1	-1.55901673530866
-0.779969165659009	66.2710441354293	0	1	-1.55901673530867
-0.778790810157195	66.171015114873	0	1	-1.55901673530866
-0.777612454655381	66.0709860943168	0	1	-1.55901673530865
-0.776434099153567	65.9709570737606	0	1	-1.55901673530866
-0.775255743651753	65.8709280532044	0	1	-1.55901673530868
-0.77407738814994	65.7708990326481	0	1	-1.55901673530866
-0.772899032648126	65.6708700120919	0	1	-1.55901673530865
-0.771720677146312	65.5708409915357	0	1	-1.55901673530867
-0.770542321644498	65.4708119709794	0	1	-1.55901673530865
-0.769363966142684	65.3707829504232	0	1	-1.55901673530867
-0.768185610640871	65.270753929867	0	1	-1.55901673530867
-0.767007255139057	65.1707249093107	0	1	-1.55901673530866
-0.765828899637243	65.0706958887545	0	1	-1.55901673530866
-0.764650544135429	64.9706668681983	0	1	-1.55901673530866
-0.763472188633616	64.8706378476421	0	1	-1.55901673530866
-0.762293833131802	64.7706088270859	0	1	-1.55901673530867
-0.761115477629988	64.6705798065296	0	1	-1.55901673530866
-0.759937122128174	64.5705507859734	0	1	-1.55901673530865
-0.75875876662636	64.4705217654172	0	1	-1.55901673530868
-0.757580411124547	64.3704927448609	0	1	-1.55901673530865
-0.756402055622733	64.2704637243047	0	1	-1.55901673530866
-0.755223700120919	64.1704347037485	0	1	-1.55901673530865
-0.754045344619105	64.0704056831923	0	1	-1.55901673530867
-0.752866989117291	63.970376662636	0	1	-1.55901673530866
-0.751688633615478	63.8703476420798	0	1	-1.55901673530865
-0.750510278113664	63.7703186215236	0	1	-1.55901673530865
-0.74933192261185	63.6702896009674	0	1	-1.55901673530867
-0.748153567110036	63.5702605804111	0	1	-1.55901673530865
-0.746975211608222	63.4702315598549	0	1	-1.55901673530866
-0.745796856106409	63.3702025392987	0	1	-1.55901673530867
-0.744618500604595	63.2701735187424	0	1	-1.55901673530866
-0.743440145102781	63.1701444981862	0	1	-1.55901673530865
-0.742261789600967	63.07011547763	0	1	-1.55901673530866
-0.741083434099154	62.9700864570738	0	1	-1.55901673530867
-0.73990507859734	62.8700574365175	0	1	-1.55901673530865
-0.738726723095526	62.7700284159613	0	1	-1.55901673530865
-0.737548367593712	62.6699993954051	0	1	-1.55901673530867
-0.736370012091898	62.5699703748488	0	1	-1.55901673530866
-0.735191656590085	62.4699413542926	0	1	-1.55901673530865
-0.734013301088271	62.3699123337364	0	1	-1.55901673530865
-0.732834945586457	62.2698833131802	0	1	-1.55901673530867
-0.731656590084643	62.1698542926239	0	1	-1.55901673530866
-0.73047823458283	62.0698252720677	0	1	-1.55901673530866
-0.729299879081016	61.9697962515115	0	1	-1.55901673530865
-0.728121523579202	61.8697672309553	0	1	-1.55901673530867
-0.726943168077388	61.769738210399	0	1	-1.55901673530865
-0.725764812575574	61.6697091898428	0	1	-1.55901673530866
-0.724586457073761	61.5696801692866	0	1	-1.55901673530867
-0.723408101571947	61.4696511487303	0	1	-1.55901673530865
-0.722229746070133	61.3696221281741	0	1	-1.55901673530865
-0.721051390568319	61.2695931076179	0	1	-1.55901673530865
-0.719873035066505	61.1695640870617	0	1	-1.55901673530868
-0.718694679564692	61.0695350665054	0	1	-1.55901673530865
-0.717516324062878	60.9695060459492	0	1	-1.55901673530865
-0.716337968561064	60.869477025393	0	1	-1.55901673530865
-0.71515961305925	60.7694480048368	0	1	-1.55901673530868
-0.713981257557437	60.6694189842805	0	1	-1.55901673530865
-0.712802902055623	60.5693899637243	0	1	-1.55901673530865
-0.711624546553809	60.4693609431681	0	1	-1.55901673530867
-0.710446191051995	60.3693319226118	0	1	-1.55901673530865
-0.709267835550181	60.2693029020556	0	1	-1.55901673530866
-0.708089480048368	60.1692738814994	0	1	-1.55901673530865
-0.706911124546554	60.0692448609432	0	1	-1.55901673530867
-0.70573276904474	59.9692158403869	0	1	-1.55901673530865
-0.704554413542926	59.8691868198307	0	1	-1.55901673530866
-0.703376058041113	59.7691577992745	0	1	-1.55901673530865
-0.702197702539299	59.6691287787183	0	1	-1.55901673530867
-0.701019347037485	59.569099758162	0	1	-1.55901673530865
-0.699840991535671	59.4690707376058	0	1	-1.55901673530865
-0.698662636033857	59.3690417170496	0	1	-1.55901673530868
-0.697484280532044	59.2690126964933	0	1	-1.55901673530865
-0.69630592503023	59.1689836759371	0	1	-1.55901673530865
-0.695127569528416	59.0689546553809	0	1	-1.55901673530865
-0.693949214026602	58.9689256348247	0	1	-1.55901673530867
-0.692770858524788	58.8688966142684	0	1	-1.55901673530866
-0.691592503022975	58.7688675937122	0	1	-1.55901673530865
-0.690414147521161	58.668838573156	0	1	-1.55901673530865
-0.689235792019347	58.5688095525998	0	1	-1.55901673530867
-0.688057436517533	58.4687805320435	0	1	-1.55901673530867
-0.68687908101572	58.3687515114873	0	1	-1.55901673530865
-0.685700725513906	58.2687224909311	0	1	-1.55901673530867
-0.684522370012092	58.1686934703748	0	1	-1.55901673530865
-0.683344014510278	58.0686644498186	0	1	-1.55901673530865
-0.682165659008464	57.9686354292624	0	1	-1.55901673530866
-0.680987303506651	57.8686064087062	0	1	-1.55901673530867
-0.679808948004837	57.7685773881499	0	1	-1.55901673530865
-0.678630592503023	57.6685483675937	0	1	-1.55901673530865
-0.677452237001209	57.5685193470375	0	1	-1.55901673530865
-0.676273881499395	57.4684903264813	0	1	-1.55901673530867
-0.675095525997581	57.368461305925	0	1	-1.55901673530866
-0.673917170495768	57.2684322853688	0	1	-1.55901673530865
-0.672738814993954	57.1684032648126	0	1	-1.55901673530866
-0.67156045949214	57.0683742442564	0	1	-1.55901673530868
-0.670382103990327	56.9683452237001	0	1	-1.55901673530865
-0.669203748488513	56.8683162031439	0	1	-1.55901673530865
-0.668025392986699	56.7682871825877	0	1	-1.55901673530867
-0.666847037484885	56.6682581620314	0	1	-1.55901673530865
-0.665668681983071	56.5682291414752	0	1	-1.55901673530866
-0.664490326481258	56.468200120919	0	1	-1.55901673530865
-0.663311970979444	56.3681711003628	0	1	-1.55901673530867
-0.66213361547763	56.2681420798065	0	1	-1.55901673530865
-0.660955259975816	56.1681130592503	0	1	-1.55901673530865
-0.659776904474002	56.0680840386941	0	1	-1.55901673530868
-0.658598548972189	55.9680550181378	0	1	-1.55901673530865
-0.657420193470375	55.8680259975816	0	1	-1.55901673530865
-0.656241837968561	55.7679969770254	0	1	-1.55901673530865
-0.655063482466747	55.6679679564692	0	1	-1.55901673530868
-0.653885126964934	55.5679389359129	0	1	-1.55901673530865
-0.65270677146312	55.4679099153567	0	1	-1.55901673530865
-0.651528415961306	55.3678808948005	0	1	-1.55901673530865
-0.650350060459492	55.2678518742443	0	1	-1.55901673530867
-0.649171704957678	55.167822853688	0	1	-1.55901673530866
-0.647993349455865	55.0677938331318	0	1	-1.55901673530865
-0.646814993954051	54.9677648125756	0	1	-1.55901673530867
-0.645636638452237	54.8677357920193	0	1	-1.55901673530866
-0.644458282950423	54.7677067714631	0	1	-1.55901673530866
-0.64327992744861	54.6676777509069	0	1	-1.55901673530865
-0.642101571946796	54.5676487303507	0	1	-1.55901673530867
-0.640923216444982	54.4676197097944	0	1	-1.55901673530865
-0.639744860943168	54.3675906892382	0	1	-1.55901673530865
-0.638566505441354	54.267561668682	0	1	-1.55901673530868
-0.637388149939541	54.1675326481257	0	1	-1.55901673530865
-0.636209794437727	54.0675036275695	0	1	-1.55901673530865
-0.635031438935913	53.9674746070133	0	1	-1.55901673530865
-0.633853083434099	53.8674455864571	0	1	-1.55901673530867
-0.632674727932285	53.7674165659008	0	1	-1.55901673530866
-0.631496372430472	53.6673875453446	0	1	-1.55901673530865
-0.630318016928658	53.5673585247884	0	1	-1.55901673530866
-0.629139661426844	53.4673295042322	0	1	-1.55901673530867
-0.62796130592503	53.3673004836759	0	1	-1.55901673530866
-0.626782950423217	53.2672714631197	0	1	-1.55901673530865
-0.625604594921403	53.1672424425635	0	1	-1.55901673530867
-0.624426239419589	53.0672134220072	0	1	-1.55901673530865
-0.623247883917775	52.967184401451	0	1	-1.55901673530865
-0.622069528415961	52.8671553808948	0	1	-1.55901673530866
-0.620891172914148	52.7671263603386	0	1	-1.55901673530867
-0.619712817412334	52.6670973397823	0	1	-1.55901673530865
-0.61853446191052	52.5670683192261	0	1	-1.55901673530865
-0.617356106408706	52.4670392986699	0	1	-1.55901673530866
-0.616177750906893	52.3670102781137	0	1	-1.55901673530867
-0.614999395405079	52.2669812575574	0	1	-1.55901673530865
-0.613821039903265	52.1669522370012	0	1	-1.55901673530865
-0.612642684401451	52.066923216445	0	1	-1.55901673530867
-0.611464328899637	51.9668941958887	0	1	-1.55901673530866
-0.610285973397824	51.8668651753325	0	1	-1.55901673530865
-0.60910761789601	51.7668361547763	0	1	-1.55901673530865
-0.607929262394196	51.6668071342201	0	1	-1.55901673530867
-0.606750906892382	51.5667781136638	0	1	-1.55901673530865
-0.605572551390568	51.4667490931076	0	1	-1.55901673530866
-0.604394195888755	51.3667200725514	0	1	-1.55901673530865
-0.603215840386941	51.2666910519952	0	1	-1.55901673530867
-0.602037484885127	51.1666620314389	0	1	-1.55901673530865
-0.600859129383313	51.0666330108827	0	1	-1.55901673530866
-0.5996807738815	50.9666039903265	0	1	-1.55901673530867
-0.598502418379686	50.8665749697702	0	1	-1.55901673530865
-0.597324062877872	50.766545949214	0	1	-1.55901673530865
-0.596145707376058	50.6665169286578	0	1	-1.55901673530865
-0.594967351874244	50.5664879081016	0	1	-1.55901673530867
-0.59378899637243	50.4664588875453	0	1	-1.55901673530866
-0.592610640870617	50.3664298669891	0	1	-1.55901673530865
-0.591432285368803	50.2664008464329	0	1	-1.55901673530865
-0.590253929866989	50.1663718258767	0	1	-1.55901673530867
-0.589075574365175	50.0663428053204	0	1	-1.55901673530865
-0.587897218863361	49.9663137847642	0	1	-1.55901673530867
-0.586718863361548	49.866284764208	0	1	-1.55901673530865
-0.585540507859734	49.7662557436518	0	1	-1.55901673530867
-0.58436215235792	49.6662267230955	0	1	-1.55901673530865
-0.583183796856106	49.5661977025393	0	1	-1.55901673530866
-0.582005441354293	49.4661686819831	0	1	-1.55901673530867
-0.580827085852479	49.3661396614268	0	1	-1.55901673530865
-0.579648730350665	49.2661106408706	0	1	-1.55901673530865
-0.578470374848851	49.1660816203144	0	1	-1.55901673530865
-0.577292019347037	49.0660525997582	0	1	-1.55901673530868
-0.576113663845224	48.9660235792019	0	1	-1.55901673530865
-0.57493530834341	48.8659945586457	0	1	-1.55901673530865
-0.573756952841596	48.7659655380895	0	1	-1.55901673530867
-0.572578597339782	48.6659365175332	0	1	-1.55901673530866
-0.571400241837969	48.565907496977	0	1	-1.55901673530865
-0.570221886336155	48.4658784764208	0	1	-1.55901673530865
-0.569043530834341	48.3658494558646	0	1	-1.55901673530867
-0.567865175332527	48.2658204353083	0	1	-1.55901673530865
-0.566686819830713	48.1657914147521	0	1	-1.55901673530866
-0.5655084643289	48.0657623941959	0	1	-1.55901673530865
-0.564330108827086	47.9657333736397	0	1	-1.55901673530867
-0.563151753325272	47.8657043530834	0	1	-1.55901673530865
-0.561973397823458	47.7656753325272	0	1	-1.55901673530865
-0.560795042321644	47.665646311971	0	1	-1.55901673530866
-0.559616686819831	47.5656172914148	0	1	-1.55901673530867
-0.558438331318017	47.4655882708585	0	1	-1.55901673530865
-0.557259975816203	47.3655592503023	0	1	-1.55901673530865
-0.556081620314389	47.2655302297461	0	1	-1.55901673530868
-0.554903264812576	47.1655012091898	0	1	-1.55901673530865
-0.553724909310762	47.0654721886336	0	1	-1.55901673530865
-0.552546553808948	46.9654431680774	0	1	-1.55901673530865
-0.551368198307134	46.8654141475212	0	1	-1.55901673530867
-0.55018984280532	46.7653851269649	0	1	-1.55901673530866
-0.549011487303507	46.6653561064087	0	1	-1.55901673530865
-0.547833131801693	46.5653270858525	0	1	-1.55901673530867
-0.546654776299879	46.4652980652962	0	1	-1.55901673530865
-0.545476420798065	46.36526904474	0	1	-1.55901673530867
-0.544298065296252	46.2652400241838	0	1	-1.55901673530865
-0.543119709794438	46.1652110036276	0	1	-1.55901673530867
-0.541941354292624	46.0651819830713	0	1	-1.55901673530865
-0.54076299879081	45.9651529625151	0	1	-1.55901673530865
-0.539584643288996	45.8651239419589	0	1	-1.55901673530866
-0.538406287787183	45.7650949214027	0	1	-1.55901673530867
-0.537227932285369	45.6650659008464	0	1	-1.55901673530865
-0.536049576783555	45.5650368802902	0	1	-1.55901673530865
-0.534871221281741	45.465007859734	0	1	-1.55901673530865
-0.533692865779927	45.3649788391778	0	1	-1.55901673530868
-0.532514510278114	45.2649498186215	0	1	-1.55901673530865
-0.5313361547763	45.1649207980653	0	1	-1.55901673530866
-0.530157799274486	45.0648917775091	0	1	-1.55901673530867
-0.528979443772672	44.9648627569528	0	1	-1.55901673530866
-0.527801088270859	44.8648337363966	0	1	-1.55901673530865
-0.526622732769045	44.7648047158404	0	1	-1.55901673530865
-0.525444377267231	44.6647756952842	0	1	-1.55901673530867
-0.524266021765417	44.5647466747279	0	1	-1.55901673530865
-0.523087666263603	44.4647176541717	0	1	-1.55901673530866
-0.52190931076179	44.3646886336155	0	1	-1.55901673530867
-0.520730955259976	44.2646596130592	0	1	-1.55901673530865
-0.519552599758162	44.164630592503	0	1	-1.55901673530865
-0.518374244256348	44.0646015719468	0	1	-1.55901673530865
-0.517195888754534	43.9645725513906	0	1	-1.55901673530868
-0.516017533252721	43.8645435308343	0	1	-1.55901673530865
-0.514839177750907	43.7645145102781	0	1	-1.55901673530865
-0.513660822249093	43.6644854897219	0	1	-1.55901673530865
-0.512482466747279	43.5644564691657	0	1	-1.55901673530868
-0.511304111245466	43.4644274486094	0	1	-1.55901673530865
-0.510125755743652	43.3643984280532	0	1	-1.55901673530865
-0.508947400241838	43.264369407497	0	1	-1.55901673530867
-0.507769044740024	43.1643403869407	0	1	-1.55901673530865
-0.50659068923821	43.0643113663845	0	1	-1.55901673530866
-0.505412333736397	42.9642823458283	0	1	-1.55901673530865
-0.504233978234583	42.8642533252721	0	1	-1.55901673530867
-0.503055622732769	42.7642243047158	0	1	-1.55901673530866
-0.501877267230955	42.6641952841596	0	1	-1.55901673530865
-0.500698911729141	42.5641662636034	0	1	-1.55901673530866
-0.499520556227328	42.4641372430472	0	1	-1.55901673530867
-0.498342200725514	42.3641082224909	0	1	-1.55901673530865
-0.4971638452237	42.2640792019347	0	1	-1.55901673530865
-0.495985489721886	42.1640501813785	0	1	-1.55901673530868
-0.494807134220073	42.0640211608222	0	1	-1.55901673530865
-0.493628778718259	41.963992140266	0	1	-1.55901673530865
-0.492450423216445	41.8639631197098	0	1	-1.55901673530865
-0.491272067714631	41.7639340991536	0	1	-1.55901673530868
-0.490093712212818	41.6639050785973	0	1	-1.55901673530865
-0.488915356711004	41.5638760580411	0	1	-1.55901673530865
-0.48773700120919	41.4638470374849	0	1	-1.55901673530866
-0.486558645707376	41.3638180169287	0	1	-1.55901673530867
-0.485380290205562	41.2637889963724	0	1	-1.55901673530866
-0.484201934703749	41.1637599758162	0	1	-1.55901673530865
-0.483023579201935	41.06373095526	0	1	-1.55901673530867
-0.481845223700121	40.9637019347037	0	1	-1.55901673530865
-0.480666868198307	40.8636729141475	0	1	-1.55901673530865
-0.479488512696493	40.7636438935913	0	1	-1.55901673530866
-0.47831015719468	40.6636148730351	0	1	-1.55901673530867
-0.477131801692866	40.5635858524788	0	1	-1.55901673530865
-0.475953446191052	40.4635568319226	0	1	-1.55901673530865
-0.474775090689238	40.3635278113664	0	1	-1.55901673530865
-0.473596735187424	40.2634987908102	0	1	-1.55901673530868
-0.472418379685611	40.1634697702539	0	1	-1.55901673530865
-0.471240024183797	40.0634407496977	0	1	-1.55901673530865
-0.470061668681983	39.9634117291415	0	1	-1.55901673530867
-0.468883313180169	39.8633827085852	0	1	-1.55901673530866
-0.467704957678356	39.763353688029	0	1	-1.55901673530865
-0.466526602176542	39.6633246674728	0	1	-1.55901673530865
-0.465348246674728	39.5632956469166	0	1	-1.55901673530867
-0.464169891172914	39.4632666263603	0	1	-1.55901673530865
-0.4629915356711	39.3632376058041	0	1	-1.55901673530866
-0.461813180169287	39.2632085852479	0	1	-1.55901673530865
-0.460634824667473	39.1631795646917	0	1	-1.55901673530867
-0.459456469165659	39.0631505441354	0	1	-1.55901673530865
-0.458278113663845	38.9631215235792	0	1	-1.55901673530866
-0.457099758162032	38.863092503023	0	1	-1.55901673530867
-0.455921402660218	38.7630634824667	0	1	-1.55901673530865
-0.454743047158404	38.6630344619105	0	1	-1.55901673530865
-0.45356469165659	38.5630054413543	0	1	-1.55901673530865
-0.452386336154776	38.4629764207981	0	1	-1.55901673530867
-0.451207980652962	38.3629474002418	0	1	-1.55901673530866
-0.450029625151149	38.2629183796856	0	1	-1.55901673530865
-0.448851269649335	38.1628893591294	0	1	-1.55901673530865
-0.447672914147521	38.0628603385732	0	1	-1.55901673530867
-0.446494558645707	37.9628313180169	0	1	-1.55901673530866
-0.445316203143894	37.8628022974607	0	1	-1.55901673530866
-0.44413784764208	37.7627732769045	0	1	-1.55901673530867
-0.442959492140266	37.6627442563482	0	1	-1.55901673530865
-0.441781136638452	37.562715235792	0	1	-1.55901673530865
-0.440602781136638	37.4626862152358	0	1	-1.55901673530866
-0.439424425634825	37.3626571946796	0	1	-1.55901673530867
-0.438246070133011	37.2626281741233	0	1	-1.55901673530865
-0.437067714631197	37.1625991535671	0	1	-1.55901673530865
-0.435889359129383	37.0625701330109	0	1	-1.55901673530866
-0.43471100362757	36.9625411124547	0	1	-1.55901673530867
-0.433532648125756	36.8625120918984	0	1	-1.55901673530865
-0.432354292623942	36.7624830713422	0	1	-1.55901673530865
-0.431175937122128	36.662454050786	0	1	-1.55901673530867
-0.429997581620314	36.5624250302297	0	1	-1.55901673530866
-0.428819226118501	36.4623960096735	0	1	-1.55901673530865
-0.427640870616687	36.3623669891173	0	1	-1.55901673530865
-0.426462515114873	36.2623379685611	0	1	-1.55901673530867
-0.425284159613059	36.1623089480048	0	1	-1.55901673530865
-0.424105804111245	36.0622799274486	0	1	-1.55901673530866
-0.422927448609432	35.9622509068924	0	1	-1.55901673530865
-0.421749093107618	35.8622218863362	0	1	-1.55901673530867
-0.420570737605804	35.7621928657799	0	1	-1.55901673530865
-0.41939238210399	35.6621638452237	0	1	-1.55901673530866
-0.418214026602177	35.5621348246675	0	1	-1.55901673530867
-0.417035671100363	35.4621058041112	0	1	-1.55901673530865
-0.415857315598549	35.362076783555	0	1	-1.55901673530865
-0.414678960096735	35.2620477629988	0	1	-1.55901673530865
-0.413500604594921	35.1620187424426	0	1	-1.55901673530868
-0.412322249093108	35.0619897218863	0	1	-1.55901673530865
-0.411143893591294	34.9619607013301	0	1	-1.55901673530865
-0.40996553808948	34.8619316807739	0	1	-1.55901673530865
-0.408787182587666	34.7619026602177	0	1	-1.55901673530867
-0.407608827085852	34.6618736396614	0	1	-1.55901673530866
-0.406430471584039	34.5618446191052	0	1	-1.55901673530865
-0.405252116082225	34.461815598549	0	1	-1.55901673530867
-0.404073760580411	34.3617865779927	0	1	-1.55901673530865
-0.402895405078597	34.2617575574365	0	1	-1.55901673530867
-0.401717049576784	34.1617285368803	0	1	-1.55901673530865
-0.40053869407497	34.0616995163241	0	1	-1.55901673530867
-0.399360338573156	33.9616704957678	0	1	-1.55901673530865
-0.398181983071342	33.8616414752116	0	1	-1.55901673530865
-0.397003627569528	33.7616124546554	0	1	-1.55901673530868
-0.395825272067715	33.6615834340991	0	1	-1.55901673530865
-0.394646916565901	33.5615544135429	0	1	-1.55901673530865
-0.393468561064087	33.4615253929867	0	1	-1.55901673530865
-0.392290205562273	33.3614963724305	0	1	-1.55901673530868
-0.39111185006046	33.2614673518742	0	1	-1.55901673530865
-0.389933494558646	33.161438331318	0	1	-1.55901673530865
-0.388755139056832	33.0614093107618	0	1	-1.55901673530866
-0.387576783555018	32.9613802902056	0	1	-1.55901673530867
-0.386398428053204	32.8613512696493	0	1	-1.55901673530866
-0.385220072551391	32.7613222490931	0	1	-1.55901673530865
-0.384041717049577	32.6612932285369	0	1	-1.55901673530865
-0.382863361547763	32.5612642079807	0	1	-1.55901673530867
-0.381685006045949	32.4612351874244	0	1	-1.55901673530865
-0.380506650544135	32.3612061668682	0	1	-1.55901673530866
-0.379328295042322	32.261177146312	0	1	-1.55901673530867
-0.378149939540508	32.1611481257557	0	1	-1.55901673530865
-0.376971584038694	32.0611191051995	0	1	-1.55901673530866
-0.37579322853688	31.9610900846433	0	1	-1.55901673530866
-0.374614873035067	31.8610610640871	0	1	-1.55901673530867
-0.373436517533253	31.7610320435308	0	1	-1.55901673530865
-0.372258162031439	31.6610030229746	0	1	-1.55901673530865
-0.371079806529625	31.5609740024184	0	1	-1.55901673530866
-0.369901451027811	31.4609449818622	0	1	-1.55901673530868
-0.368723095525998	31.3609159613059	0	1	-1.55901673530865
-0.367544740024184	31.2608869407497	0	1	-1.55901673530865
-0.36636638452237	31.1608579201935	0	1	-1.55901673530867
-0.365188029020556	31.0608288996372	0	1	-1.55901673530865
-0.364009673518742	30.960799879081	0	1	-1.55901673530867
-0.362831318016929	30.8607708585248	0	1	-1.55901673530865
-0.361652962515115	30.7607418379686	0	1	-1.55901673530867
-0.360474607013301	30.6607128174123	0	1	-1.55901673530865
-0.359296251511487	30.5606837968561	0	1	-1.55901673530866
-0.358117896009674	30.4606547762999	0	1	-1.55901673530865
-0.35693954050786	30.3606257557437	0	1	-1.55901673530867
-0.355761185006046	30.2605967351874	0	1	-1.55901673530865
-0.354582829504232	30.1605677146312	0	1	-1.55901673530865
-0.353404474002418	30.060538694075	0	1	-1.55901673530868
-0.352226118500605	29.9605096735187	0	1	-1.55901673530865
-0.351047762998791	29.8604806529625	0	1	-1.55901673530865
-0.349869407496977	29.7604516324063	0	1	-1.55901673530865
-0.348691051995163	29.6604226118501	0	1	-1.55901673530867
-0.347512696493349	29.5603935912938	0	1	-1.55901673530866
-0.346334340991536	29.4603645707376	0	1	-1.55901673530865
-0.345155985489722	29.3603355501814	0	1	-1.55901673530865
-0.343977629987908	29.2603065296252	0	1	-1.55901673530867
-0.342799274486094	29.1602775090689	0	1	-1.55901673530867
-0.341620918984281	29.0602484885127	0	1	-1.55901673530865
-0.340442563482467	28.9602194679565	0	1	-1.55901673530867
-0.339264207980653	28.8601904474002	0	1	-1.55901673530865
-0.338085852478839	28.760161426844	0	1	-1.55901673530865
-0.336907496977025	28.6601324062878	0	1	-1.55901673530866
-0.335729141475212	28.5601033857316	0	1	-1.55901673530867
-0.334550785973398	28.4600743651753	0	1	-1.55901673530865
-0.333372430471584	28.3600453446191	0	1	-1.55901673530865
-0.33219407496977	28.2600163240629	0	1	-1.55901673530866
-0.331015719467957	28.1599873035067	0	1	-1.55901673530867
-0.329837363966143	28.0599582829504	0	1	-1.55901673530865
-0.328659008464329	27.9599292623942	0	1	-1.55901673530865
-0.327480652962515	27.859900241838	0	1	-1.55901673530867
-0.326302297460701	27.7598712212817	0	1	-1.55901673530865
-0.325123941958887	27.6598422007255	0	1	-1.55901673530866
-0.323945586457074	27.5598131801693	0	1	-1.55901673530865
-0.32276723095526	27.4597841596131	0	1	-1.55901673530867
-0.321588875453446	27.3597551390568	0	1	-1.55901673530866
-0.320410519951632	27.2597261185006	0	1	-1.55901673530866
-0.319232164449819	27.1596970979444	0	1	-1.55901673530867
-0.318053808948005	27.0596680773881	0	1	-1.55901673530865
-0.316875453446191	26.9596390568319	0	1	-1.55901673530865
-0.315697097944377	26.8596100362757	0	1	-1.55901673530865
-0.314518742442563	26.7595810157195	0	1	-1.55901673530868
-0.31334038694075	26.6595519951632	0	1	-1.55901673530865
-0.312162031438936	26.559522974607	0	1	-1.55901673530865
-0.310983675937122	26.4594939540508	0	1	-1.55901673530865
-0.309805320435308	26.3594649334946	0	1	-1.55901673530868
-0.308626964933495	26.2594359129383	0	1	-1.55901673530865
-0.307448609431681	26.1594068923821	0	1	-1.55901673530865
-0.306270253929867	26.0593778718259	0	1	-1.55901673530867
-0.305091898428053	25.9593488512696	0	1	-1.55901673530865
-0.303913542926239	25.8593198307134	0	1	-1.55901673530866
-0.302735187424426	25.7592908101572	0	1	-1.55901673530865
-0.301556831922612	25.659261789601	0	1	-1.55901673530867
-0.300378476420798	25.5592327690447	0	1	-1.55901673530866
-0.299200120918984	25.4592037484885	0	1	-1.55901673530866
-0.298021765417171	25.3591747279323	0	1	-1.55901673530865
-0.296843409915357	25.2591457073761	0	1	-1.55901673530867
-0.295665054413543	25.1591166868198	0	1	-1.55901673530865
-0.294486698911729	25.0590876662636	0	1	-1.55901673530865
-0.293308343409915	24.9590586457074	0	1	-1.55901673530868
-0.292129987908102	24.8590296251511	0	1	-1.55901673530865
-0.290951632406288	24.7590006045949	0	1	-1.55901673530865
-0.289773276904474	24.6589715840387	0	1	-1.55901673530865
-0.28859492140266	24.5589425634825	0	1	-1.55901673530867
-0.287416565900846	24.4589135429262	0	1	-1.55901673530866
-0.286238210399033	24.35888452237	0	1	-1.55901673530865
-0.285059854897219	24.2588555018138	0	1	-1.55901673530866
-0.283881499395405	24.1588264812576	0	1	-1.55901673530867
-0.282703143893591	24.0587974607013	0	1	-1.55901673530865
-0.281524788391777	23.9587684401451	0	1	-1.55901673530866
-0.280346432889964	23.8587394195889	0	1	-1.55901673530867
-0.27916807738815	23.7587103990326	0	1	-1.55901673530866
-0.277989721886336	23.6586813784764	0	1	-1.55901673530865
-0.276811366384522	23.5586523579202	0	1	-1.55901673530866
-0.275633010882709	23.458623337364	0	1	-1.55901673530867
-0.274454655380895	23.3585943168077	0	1	-1.55901673530865
-0.273276299879081	23.2585652962515	0	1	-1.55901673530865
-0.272097944377267	23.1585362756953	0	1	-1.55901673530865
-0.270919588875453	23.0585072551391	0	1	-1.55901673530868
-0.26974123337364	22.9584782345828	0	1	-1.55901673530865
-0.268562877871826	22.8584492140266	0	1	-1.55901673530865
-0.267384522370012	22.7584201934704	0	1	-1.55901673530867
-0.266206166868198	22.6583911729141	0	1	-1.55901673530866
-0.265027811366385	22.5583621523579	0	1	-1.55901673530865
-0.263849455864571	22.4583331318017	0	1	-1.55901673530866
-0.262671100362757	22.3583041112455	0	1	-1.55901673530867
-0.261492744860943	22.2582750906892	0	1	-1.55901673530865
-0.260314389359129	22.158246070133	0	1	-1.55901673530866
-0.259136033857316	22.0582170495768	0	1	-1.55901673530865
-0.257957678355502	21.9581880290206	0	1	-1.55901673530867
-0.256779322853688	21.8581590084643	0	1	-1.55901673530865
-0.255600967351874	21.7581299879081	0	1	-1.55901673530865
-0.25442261185006	21.6581009673519	0	1	-1.55901673530868
-0.253244256348247	21.5580719467956	0	1	-1.55901673530865
-0.252065900846433	21.4580429262394	0	1	-1.55901673530865
-0.250887545344619	21.3580139056832	0	1	-1.55901673530865
-0.249709189842805	21.257984885127	0	1	-1.55901673530867
-0.248530834340991	21.1579558645707	0	1	-1.55901673530866
-0.247352478839178	21.0579268440145	0	1	-1.55901673530865
-0.246174123337364	20.9578978234583	0	1	-1.55901673530865
-0.24499576783555	20.8578688029021	0	1	-1.55901673530867
-0.243817412333736	20.7578397823458	0	1	-1.55901673530866
-0.242639056831923	20.6578107617896	0	1	-1.55901673530866
-0.241460701330109	20.5577817412334	0	1	-1.55901673530867
-0.240282345828295	20.4577527206771	0	1	-1.55901673530865
-0.239103990326481	20.3577237001209	0	1	-1.55901673530865
-0.237925634824667	20.2576946795647	0	1	-1.55901673530866
-0.236747279322854	20.1576656590085	0	1	-1.55901673530867
-0.23556892382104	20.0576366384522	0	1	-1.55901673530865
-0.234390568319226	19.957607617896	0	1	-1.55901673530865
-0.233212212817412	19.8575785973398	0	1	-1.55901673530866
-0.232033857315599	19.7575495767836	0	1	-1.55901673530867
-0.230855501813785	19.6575205562273	0	1	-1.55901673530865
-0.229677146311971	19.5574915356711	0	1	-1.55901673530865
-0.228498790810157	19.4574625151149	0	1	-1.55901673530867
-0.227320435308343	19.3574334945586	0	1	-1.55901673530866
-0.22614207980653	19.2574044740024	0	1	-1.55901673530865
-0.224963724304716	19.1573754534462	0	1	-1.55901673530865
-0.223785368802902	19.05734643289	0	1	-1.55901673530867
-0.222607013301088	18.9573174123337	0	1	-1.55901673530866
-0.221428657799275	18.8572883917775	0	1	-1.55901673530866
-0.220250302297461	18.7572593712213	0	1	-1.55901673530865
-0.219071946795647	18.6572303506651	0	1	-1.55901673530867
-0.217893591293833	18.5572013301088	0	1	-1.55901673530865
-0.216715235792019	18.4571723095526	0	1	-1.55901673530866
-0.215536880290206	18.3571432889964	0	1	-1.55901673530867
-0.214358524788392	18.2571142684401	0	1	-1.55901673530865
-0.213180169286578	18.1570852478839	0	1	-1.55901673530865
-0.212001813784764	18.0570562273277	0	1	-1.55901673530865
-0.21082345828295	17.9570272067715	0	1	-1.55901673530868
-0.209645102781137	17.8569981862152	0	1	-1.55901673530865
-0.208466747279323	17.756969165659	0	1	-1.55901673530865
-0.207288391777509	17.6569401451028	0	1	-1.55901673530866
-0.206110036275695	17.5569111245466	0	1	-1.55901673530867
-0.204931680773881	17.4568821039903	0	1	-1.55901673530866
-0.203753325272068	17.3568530834341	0	1	-1.55901673530865
-0.202574969770254	17.2568240628779	0	1	-1.55901673530867
-0.20139661426844	17.1567950423216	0	1	-1.55901673530865
-0.200218258766626	17.0567660217654	0	1	-1.55901673530867
-0.199039903264813	16.9567370012092	0	1	-1.55901673530865
-0.197861547762999	16.856707980653	0	1	-1.55901673530867
-0.196683192261185	16.7566789600967	0	1	-1.55901673530865
-0.195504836759371	16.6566499395405	0	1	-1.55901673530865
-0.194326481257557	16.5566209189843	0	1	-1.55901673530866
-0.193148125755744	16.4565918984281	0	1	-1.55901673530867
-0.19196977025393	16.3565628778718	0	1	-1.55901673530865
-0.190791414752116	16.2565338573156	0	1	-1.55901673530865
-0.189613059250302	16.1565048367594	0	1	-1.55901673530868
-0.188434703748489	16.0564758162031	0	1	-1.55901673530865
-0.187256348246675	15.9564467956469	0	1	-1.55901673530865
-0.186077992744861	15.8564177750907	0	1	-1.55901673530865
-0.184899637243047	15.7563887545345	0	1	-1.55901673530867
-0.183721281741233	15.6563597339782	0	1	-1.55901673530866
-0.18254292623942	15.556330713422	0	1	-1.55901673530865
-0.181364570737606	15.4563016928658	0	1	-1.55901673530865
-0.180186215235792	15.3562726723096	0	1	-1.55901673530867
-0.179007859733978	15.2562436517533	0	1	-1.55901673530865
-0.177829504232164	15.1562146311971	0	1	-1.55901673530866
-0.176651148730351	15.0561856106409	0	1	-1.55901673530867
-0.175472793228537	14.9561565900846	0	1	-1.55901673530865
-0.174294437726723	14.8561275695284	0	1	-1.55901673530865
-0.173116082224909	14.7560985489722	0	1	-1.55901673530866
-0.171937726723096	14.656069528416	0	1	-1.55901673530867
-0.170759371221282	14.5560405078597	0	1	-1.55901673530865
-0.169581015719468	14.4560114873035	0	1	-1.55901673530865
-0.168402660217654	14.3559824667473	0	1	-1.55901673530865
-0.16722430471584	14.2559534461911	0	1	-1.55901673530868
-0.166045949214027	14.1559244256348	0	1	-1.55901673530865
-0.164867593712213	14.0558954050786	0	1	-1.55901673530865
-0.163689238210399	13.9558663845224	0	1	-1.55901673530867
-0.162510882708585	13.8558373639661	0	1	-1.55901673530865
-0.161332527206771	13.7558083434099	0	1	-1.55901673530866
-0.160154171704958	13.6557793228537	0	1	-1.55901673530865
-0.158975816203144	13.5557503022975	0	1	-1.55901673530867
-0.15779746070133	13.4557212817412	0	1	-1.55901673530865
-0.156619105199516	13.355692261185	0	1	-1.55901673530866
-0.155440749697703	13.2556632406288	0	1	-1.55901673530865
-0.154262394195889	13.1556342200726	0	1	-1.55901673530867
-0.153084038694075	13.0556051995163	0	1	-1.55901673530865
-0.151905683192261	12.9555761789601	0	1	-1.55901673530865
-0.150727327690447	12.8555471584039	0	1	-1.55901673530868
-0.149548972188634	12.7555181378476	0	1	-1.55901673530865
-0.14837061668682	12.6554891172914	0	1	-1.55901673530865
-0.147192261185006	12.5554600967352	0	1	-1.55901673530865
-0.146013905683192	12.455431076179	0	1	-1.55901673530867
-0.144835550181378	12.3554020556227	0	1	-1.55901673530866
-0.143657194679565	12.2553730350665	0	1	-1.55901673530865
-0.142478839177751	12.1553440145103	0	1	-1.55901673530865
-0.141300483675937	12.0553149939541	0	1	-1.55901673530867
-0.140122128174123	11.9552859733978	0	1	-1.55901673530866
-0.13894377267231	11.8552569528416	0	1	-1.55901673530865
-0.137765417170496	11.7552279322854	0	1	-1.55901673530867
-0.136587061668682	11.6551989117291	0	1	-1.55901673530865
-0.135408706166868	11.5551698911729	0	1	-1.55901673530865
-0.134230350665054	11.4551408706167	0	1	-1.55901673530866
-0.133051995163241	11.3551118500605	0	1	-1.55901673530867
-0.131873639661427	11.2550828295042	0	1	-1.55901673530865
-0.130695284159613	11.155053808948	0	1	-1.55901673530865
-0.129516928657799	11.0550247883918	0	1	-1.55901673530866
-0.128338573155986	10.9549957678356	0	1	-1.55901673530867
-0.127160217654172	10.8549667472793	0	1	-1.55901673530865
-0.125981862152358	10.7549377267231	0	1	-1.55901673530865
-0.124803506650544	10.6549087061669	0	1	-1.55901673530867
-0.12362515114873	10.5548796856106	0	1	-1.55901673530866
-0.122446795646917	10.4548506650544	0	1	-1.55901673530865
-0.121268440145103	10.3548216444982	0	1	-1.55901673530865
-0.120090084643289	10.254792623942	0	1	-1.55901673530867
-0.118911729141475	10.1547636033857	0	1	-1.55901673530865
-0.117733373639661	10.0547345828295	0	1	-1.55901673530867
-0.116555018137848	9.95470556227328	0	1	-1.55901673530866
-0.115376662636034	9.85467654171704	0	1	-1.55901673530866
-0.11419830713422	9.75464752116082	0	1	-1.55901673530866
-0.113019951632406	9.6546185006046	0	1	-1.55901673530866
-0.111841596130592	9.55458948004837	0	1	-1.55901673530867
-0.110663240628779	9.45456045949214	0	1	-1.55901673530866
-0.109484885126965	9.35453143893591	0	1	-1.55901673530866
-0.108306529625151	9.25450241837969	0	1	-1.55901673530866
-0.107128174123337	9.15447339782346	0	1	-1.55901673530867
-0.105949818621524	9.05444437726723	0	1	-1.55901673530866
-0.10477146311971	8.954415356711	0	1	-1.55901673530866
-0.103593107617896	8.85438633615478	0	1	-1.55901673530866
-0.102414752116082	8.75435731559855	0	1	-1.55901673530866
-0.101236396614268	8.65432829504232	0	1	-1.55901673530867
-0.100058041112455	8.55429927448609	0	1	-1.55901673530866
-0.0988796856106409	8.45427025392987	0	1	-1.55901673530866
-0.0977013301088271	8.35424123337364	0	1	-1.55901673530866
-0.0965229746070133	8.25421221281741	0	1	-1.55901673530866
-0.0953446191051996	8.15418319226119	0	1	-1.55901673530866
-0.0941662636033857	8.05415417170495	0	1	-1.55901673530866
-0.092987908101572	7.95412515114873	0	1	-1.55901673530866
-0.0918095525997581	7.8540961305925	0	1	-1.55901673530866
-0.0906311970979444	7.75406711003628	0	1	-1.55901673530866
-0.0894528415961306	7.65403808948004	0	1	-1.55901673530866
-0.0882744860943168	7.55400906892382	0	1	-1.55901673530866
-0.087096130592503	7.45398004836759	0	1	-1.55901673530866
-0.0859177750906892	7.35395102781137	0	1	-1.55901673530866
-0.0847394195888755	7.25392200725514	0	1	-1.55901673530866
-0.0835610640870617	7.15389298669891	0	1	-1.55901673530866
-0.0823827085852479	7.05386396614269	0	1	-1.55901673530866
-0.0812043530834341	6.95383494558646	0	1	-1.55901673530866
-0.0800259975816204	6.85380592503023	0	1	-1.55901673530866
-0.0788476420798065	6.753776904474	0	1	-1.55901673530866
-0.0776692865779928	6.65374788391778	0	1	-1.55901673530866
-0.0764909310761789	6.55371886336154	0	1	-1.55901673530866
-0.0753125755743652	6.45368984280532	0	1	-1.55901673530866
-0.0741342200725514	6.35366082224909	0	1	-1.55901673530866
-0.0729558645707376	6.25363180169287	0	1	-1.55901673530866
-0.0717775090689238	6.15360278113663	0	1	-1.55901673530866
-0.07059915356711	6.05357376058041	0	1	-1.55901673530866
-0.0694207980652963	5.95354474002419	0	1	-1.55901673530866
-0.0682424425634825	5.85351571946796	0	1	-1.55901673530866
-0.0670640870616687	5.75348669891173	0	1	-1.55901673530866
-0.0658857315598549	5.6534576783555	0	1	-1.55901673530866
-0.0647073760580412	5.55342865779928	0	1	-1.55901673530866
-0.0635290205562273	5.45339963724305	0	1	-1.55901673530866
-0.0623506650544136	5.35337061668682	0	1	-1.55901673530866
-0.0611723095525997	5.25334159613059	0	1	-1.55901673530866
-0.059993954050786	5.15331257557437	0	1	-1.55901673530866
-0.0588155985489721	5.05328355501813	0	1	-1.55901673530866
-0.0576372430471584	4.95325453446191	0	1	-1.55901673530866
-0.0564588875453446	4.85322551390568	0	1	-1.55901673530866
-0.0552805320435308	4.75319649334946	0	1	-1.55901673530866
-0.0541021765417171	4.65316747279323	0	1	-1.55901673530866
-0.0529238210399033	4.553138452237	0	1	-1.55901673530866
-0.0517454655380895	4.45310943168078	0	1	-1.55901673530866
-0.0505671100362757	4.35308041112454	0	1	-1.55901673530866
-0.0493887545344619	4.25305139056832	0	1	-1.55901673530866
-0.0482103990326481	4.15302237001209	0	1	-1.55901673530866
-0.0470320435308344	4.05299334945587	0	1	-1.55901673530866
-0.0458536880290205	3.95296432889963	0	1	-1.55901673530866
-0.0446753325272068	3.85293530834341	0	1	-1.55901673530866
-0.0434969770253929	3.75290628778718	0	1	-1.55901673530866
-0.0423186215235792	3.65287726723096	0	1	-1.55901673530866
-0.0411402660217655	3.55284824667473	0	1	-1.55901673530866
-0.0399619105199516	3.4528192261185	0	1	-1.55901673530866
-0.0387835550181379	3.35279020556228	0	1	-1.55901673530866
-0.0376051995163241	3.25276118500604	0	1	-1.55901673530866
-0.0364268440145103	3.15273216444982	0	1	-1.55901673530866
-0.0352484885126965	3.05270314389359	0	1	-1.55901673530866
-0.0340701330108827	2.95267412333737	0	1	-1.55901673530866
-0.0328917775090689	2.85264510278113	0	1	-1.55901673530866
-0.0317134220072552	2.75261608222491	0	1	-1.55901673530866
-0.0305350665054413	2.65258706166868	0	1	-1.55901673530866
-0.0293567110036276	2.55255804111246	0	1	-1.55901673530866
-0.0281783555018137	2.45252902055622	0	1	-1.55901673530867
