[0.000000] (-) TimerEvent: {}
[0.000708] (livox_interfaces) JobQueued: {'identifier': 'livox_interfaces', 'dependencies': OrderedDict()}
[0.000754] (livox_sdk_vendor) JobQueued: {'identifier': 'livox_sdk_vendor', 'dependencies': OrderedDict()}
[0.000776] (livox_ros2_driver) JobQueued: {'identifier': 'livox_ros2_driver', 'dependencies': OrderedDict({'livox_interfaces': '/home/uos-robotics/ws_livox/install/livox_interfaces', 'livox_sdk_vendor': '/home/uos-robotics/ws_livox/install/livox_sdk_vendor'})}
[0.000892] (livox_interfaces) JobStarted: {'identifier': 'livox_interfaces'}
[0.004793] (livox_sdk_vendor) JobStarted: {'identifier': 'livox_sdk_vendor'}
[0.007880] (livox_interfaces) JobProgress: {'identifier': 'livox_interfaces', 'progress': 'cmake'}
[0.008433] (livox_interfaces) Command: {'cmd': ['/usr/bin/cmake', '/home/uos-robotics/ws_livox/src/livox_ros2_driver/livox_interfaces', '-DAMENT_CMAKE_SYMLINK_INSTALL=1', '-DCMAKE_INSTALL_PREFIX=/home/uos-robotics/ws_livox/install/livox_interfaces'], 'cwd': '/home/uos-robotics/ws_livox/build/livox_interfaces', 'env': OrderedDict({'GJS_DEBUG_TOPICS': 'JS ERROR;JS LOG', 'XDG_ACTIVATION_TOKEN': 'gnome-shell/터미네이터/3716-0-uos-robotics_TIME57382', 'LESSOPEN': '| /usr/bin/lesspipe %s', 'LANGUAGE': 'ko:en', 'USER': 'uos-robotics', 'LC_TIME': 'ko_KR.UTF-8', 'XDG_SESSION_TYPE': 'x11', 'ROS_APT_SOURCE_VERSION': '1.2.0', 'CLUTTER_DISABLE_MIPMAPPED_TEXT': '1', 'SHLVL': '1', 'LD_LIBRARY_PATH': '/usr/local/cuda-13.0/lib64:/opt/ros/jazzy/opt/rviz_ogre_vendor/lib:/opt/ros/jazzy/lib/aarch64-linux-gnu:/opt/ros/jazzy/opt/gz_math_vendor/lib:/opt/ros/jazzy/opt/gz_utils_vendor/lib:/opt/ros/jazzy/opt/gz_cmake_vendor/lib:/opt/ros/jazzy/lib:/usr/local/cuda-13.0/lib64:', 'HOME': '/home/uos-robotics', 'OLDPWD': '/home/uos-robotics/ws_livox', 'DESKTOP_SESSION': 'ubuntu', 'GIO_LAUNCHED_DESKTOP_FILE': '/usr/share/applications/terminator.desktop', 'ROS_PYTHON_VERSION': '3', 'GNOME_SHELL_SESSION_MODE': 'ubuntu', 'GTK_MODULES': 'gail:atk-bridge', 'LC_MONETARY': 'ko_KR.UTF-8', 'MANAGERPID': '3428', 'SYSTEMD_EXEC_PID': '3716', 'GSM_SKIP_SSH_AGENT_WORKAROUND': 'true', 'DBUS_SESSION_BUS_ADDRESS': 'unix:path=/run/user/1000/bus', 'COLORTERM': 'truecolor', 'TERMINATOR_DBUS_NAME': 'net.tenshu.Terminator23558193cd9818af7fe4d2c2f5bd9d00f', 'GIO_LAUNCHED_DESKTOP_FILE_PID': '4520', 'DEBUGINFOD_URLS': 'https://debuginfod.ubuntu.com', 'IM_CONFIG_PHASE': '1', 'ROS_DISTRO': 'jazzy', 'LOGNAME': 'uos-robotics', 'JOURNAL_STREAM': '8:30590', '_': '/usr/bin/colcon', 'ROS_VERSION': '2', 'XDG_SESSION_CLASS': 'user', 'USERNAME': 'uos-robotics', 'TERM': 'xterm-256color', 'GNOME_DESKTOP_SESSION_ID': 'this-is-deprecated', 'WINDOWPATH': '2', 'PATH': '/usr/local/cuda-13.0/bin:/opt/ros/jazzy/bin:/usr/local/cuda-13.0/bin:/usr/local/sbin:/usr/local/bin:/usr/sbin:/usr/bin:/sbin:/bin:/usr/games:/usr/local/games:/snap/bin:/snap/bin', 'SESSION_MANAGER': 'local/uos-robotics:@/tmp/.ICE-unix/3685,unix/uos-robotics:/tmp/.ICE-unix/3685', 'INVOCATION_ID': 'c46f158d307846e98dc76d57702325c2', 'PAPERSIZE': 'a4', 'XDG_MENU_PREFIX': 'gnome-', 'LC_ADDRESS': 'ko_KR.UTF-8', 'XDG_RUNTIME_DIR': '/run/user/1000', 'DISPLAY': ':1', 'TERMINATOR_DBUS_PATH': '/net/tenshu/Terminator2', 'LANG': 'en_US.UTF-8', 'XDG_CURRENT_DESKTOP': 'ubuntu:GNOME', 'LC_TELEPHONE': 'ko_KR.UTF-8', 'XMODIFIERS': '@im=ibus', 'XDG_SESSION_DESKTOP': 'ubuntu', 'XAUTHORITY': '/run/user/1000/gdm/Xauthority', 'LS_COLORS': 'rs=0:di=01;34:ln=01;36:mh=00:pi=40;33:so=01;35:do=01;35:bd=40;33;01:cd=40;33;01:or=40;31;01:mi=00:su=37;41:sg=30;43:ca=00:tw=30;42:ow=34;42:st=37;44:ex=01;32:*.tar=01;31:*.tgz=01;31:*.arc=01;31:*.arj=01;31:*.taz=01;31:*.lha=01;31:*.lz4=01;31:*.lzh=01;31:*.lzma=01;31:*.tlz=01;31:*.txz=01;31:*.tzo=01;31:*.t7z=01;31:*.zip=01;31:*.z=01;31:*.dz=01;31:*.gz=01;31:*.lrz=01;31:*.lz=01;31:*.lzo=01;31:*.xz=01;31:*.zst=01;31:*.tzst=01;31:*.bz2=01;31:*.bz=01;31:*.tbz=01;31:*.tbz2=01;31:*.tz=01;31:*.deb=01;31:*.rpm=01;31:*.jar=01;31:*.war=01;31:*.ear=01;31:*.sar=01;31:*.rar=01;31:*.alz=01;31:*.ace=01;31:*.zoo=01;31:*.cpio=01;31:*.7z=01;31:*.rz=01;31:*.cab=01;31:*.wim=01;31:*.swm=01;31:*.dwm=01;31:*.esd=01;31:*.avif=01;35:*.jpg=01;35:*.jpeg=01;35:*.mjpg=01;35:*.mjpeg=01;35:*.gif=01;35:*.bmp=01;35:*.pbm=01;35:*.pgm=01;35:*.ppm=01;35:*.tga=01;35:*.xbm=01;35:*.xpm=01;35:*.tif=01;35:*.tiff=01;35:*.png=01;35:*.svg=01;35:*.svgz=01;35:*.mng=01;35:*.pcx=01;35:*.mov=01;35:*.mpg=01;35:*.mpeg=01;35:*.m2v=01;35:*.mkv=01;35:*.webm=01;35:*.webp=01;35:*.ogm=01;35:*.mp4=01;35:*.m4v=01;35:*.mp4v=01;35:*.vob=01;35:*.qt=01;35:*.nuv=01;35:*.wmv=01;35:*.asf=01;35:*.rm=01;35:*.rmvb=01;35:*.flc=01;35:*.avi=01;35:*.fli=01;35:*.flv=01;35:*.gl=01;35:*.dl=01;35:*.xcf=01;35:*.xwd=01;35:*.yuv=01;35:*.cgm=01;35:*.emf=01;35:*.ogv=01;35:*.ogx=01;35:*.aac=00;36:*.au=00;36:*.flac=00;36:*.m4a=00;36:*.mid=00;36:*.midi=00;36:*.mka=00;36:*.mp3=00;36:*.mpc=00;36:*.ogg=00;36:*.ra=00;36:*.wav=00;36:*.oga=00;36:*.opus=00;36:*.spx=00;36:*.xspf=00;36:*~=00;90:*#=00;90:*.bak=00;90:*.crdownload=00;90:*.dpkg-dist=00;90:*.dpkg-new=00;90:*.dpkg-old=00;90:*.dpkg-tmp=00;90:*.old=00;90:*.orig=00;90:*.part=00;90:*.rej=00;90:*.rpmnew=00;90:*.rpmorig=00;90:*.rpmsave=00;90:*.swp=00;90:*.tmp=00;90:*.ucf-dist=00;90:*.ucf-new=00;90:*.ucf-old=00;90:', 'SSH_AUTH_SOCK': '/run/user/1000/keyring/ssh', 'AMENT_PREFIX_PATH': '/opt/ros/jazzy', 'SHELL': '/bin/bash', 'LC_NAME': 'ko_KR.UTF-8', 'TERMINATOR_UUID': 'urn:uuid:9a49d437-4883-4a37-b6ee-ced657ed0a48', 'QT_ACCESSIBILITY': '1', 'GDMSESSION': 'ubuntu', 'LESSCLOSE': '/usr/bin/lesspipe %s %s', 'LC_MEASUREMENT': 'ko_KR.UTF-8', 'GPG_AGENT_INFO': '/run/user/1000/gnupg/S.gpg-agent:0:1', 'GJS_DEBUG_OUTPUT': 'stderr', 'LC_IDENTIFICATION': 'ko_KR.UTF-8', 'ROS_AUTOMATIC_DISCOVERY_RANGE': 'SUBNET', 'QT_IM_MODULE': 'ibus', 'PWD': '/home/uos-robotics/ws_livox/build/livox_interfaces', 'XDG_CONFIG_DIRS': '/etc/xdg/xdg-ubuntu:/etc/xdg', 'XDG_DATA_DIRS': '/usr/share/ubuntu:/usr/share/gnome:/usr/local/share/:/usr/share/:/var/lib/snapd/desktop', 'PYTHONPATH': '/opt/ros/jazzy/lib/python3.12/site-packages', 'LC_NUMERIC': 'ko_KR.UTF-8', 'LC_PAPER': 'ko_KR.UTF-8', 'COLCON': '1', 'VTE_VERSION': '7600', 'CMAKE_PREFIX_PATH': '/opt/ros/jazzy/opt/gz_math_vendor:/opt/ros/jazzy/opt/gz_utils_vendor:/opt/ros/jazzy/opt/gz_cmake_vendor:/opt/ros/jazzy'}), 'shell': False}
[0.012386] (livox_sdk_vendor) JobProgress: {'identifier': 'livox_sdk_vendor', 'progress': 'cmake'}
[0.012855] (livox_sdk_vendor) Command: {'cmd': ['/usr/bin/cmake', '/home/uos-robotics/ws_livox/src/livox_ros2_driver/livox_sdk_vendor', '-DAMENT_CMAKE_SYMLINK_INSTALL=1', '-DCMAKE_INSTALL_PREFIX=/home/uos-robotics/ws_livox/install/livox_sdk_vendor'], 'cwd': '/home/uos-robotics/ws_livox/build/livox_sdk_vendor', 'env': OrderedDict({'GJS_DEBUG_TOPICS': 'JS ERROR;JS LOG', 'XDG_ACTIVATION_TOKEN': 'gnome-shell/터미네이터/3716-0-uos-robotics_TIME57382', 'LESSOPEN': '| /usr/bin/lesspipe %s', 'LANGUAGE': 'ko:en', 'USER': 'uos-robotics', 'LC_TIME': 'ko_KR.UTF-8', 'XDG_SESSION_TYPE': 'x11', 'ROS_APT_SOURCE_VERSION': '1.2.0', 'CLUTTER_DISABLE_MIPMAPPED_TEXT': '1', 'SHLVL': '1', 'LD_LIBRARY_PATH': '/usr/local/cuda-13.0/lib64:/opt/ros/jazzy/opt/rviz_ogre_vendor/lib:/opt/ros/jazzy/lib/aarch64-linux-gnu:/opt/ros/jazzy/opt/gz_math_vendor/lib:/opt/ros/jazzy/opt/gz_utils_vendor/lib:/opt/ros/jazzy/opt/gz_cmake_vendor/lib:/opt/ros/jazzy/lib:/usr/local/cuda-13.0/lib64:', 'HOME': '/home/uos-robotics', 'OLDPWD': '/home/uos-robotics/ws_livox', 'DESKTOP_SESSION': 'ubuntu', 'GIO_LAUNCHED_DESKTOP_FILE': '/usr/share/applications/terminator.desktop', 'ROS_PYTHON_VERSION': '3', 'GNOME_SHELL_SESSION_MODE': 'ubuntu', 'GTK_MODULES': 'gail:atk-bridge', 'LC_MONETARY': 'ko_KR.UTF-8', 'MANAGERPID': '3428', 'SYSTEMD_EXEC_PID': '3716', 'GSM_SKIP_SSH_AGENT_WORKAROUND': 'true', 'DBUS_SESSION_BUS_ADDRESS': 'unix:path=/run/user/1000/bus', 'COLORTERM': 'truecolor', 'TERMINATOR_DBUS_NAME': 'net.tenshu.Terminator23558193cd9818af7fe4d2c2f5bd9d00f', 'GIO_LAUNCHED_DESKTOP_FILE_PID': '4520', 'DEBUGINFOD_URLS': 'https://debuginfod.ubuntu.com', 'IM_CONFIG_PHASE': '1', 'ROS_DISTRO': 'jazzy', 'LOGNAME': 'uos-robotics', 'JOURNAL_STREAM': '8:30590', '_': '/usr/bin/colcon', 'ROS_VERSION': '2', 'XDG_SESSION_CLASS': 'user', 'USERNAME': 'uos-robotics', 'TERM': 'xterm-256color', 'GNOME_DESKTOP_SESSION_ID': 'this-is-deprecated', 'WINDOWPATH': '2', 'PATH': '/usr/local/cuda-13.0/bin:/opt/ros/jazzy/bin:/usr/local/cuda-13.0/bin:/usr/local/sbin:/usr/local/bin:/usr/sbin:/usr/bin:/sbin:/bin:/usr/games:/usr/local/games:/snap/bin:/snap/bin', 'SESSION_MANAGER': 'local/uos-robotics:@/tmp/.ICE-unix/3685,unix/uos-robotics:/tmp/.ICE-unix/3685', 'INVOCATION_ID': 'c46f158d307846e98dc76d57702325c2', 'PAPERSIZE': 'a4', 'XDG_MENU_PREFIX': 'gnome-', 'LC_ADDRESS': 'ko_KR.UTF-8', 'XDG_RUNTIME_DIR': '/run/user/1000', 'DISPLAY': ':1', 'TERMINATOR_DBUS_PATH': '/net/tenshu/Terminator2', 'LANG': 'en_US.UTF-8', 'XDG_CURRENT_DESKTOP': 'ubuntu:GNOME', 'LC_TELEPHONE': 'ko_KR.UTF-8', 'XMODIFIERS': '@im=ibus', 'XDG_SESSION_DESKTOP': 'ubuntu', 'XAUTHORITY': '/run/user/1000/gdm/Xauthority', 'LS_COLORS': 'rs=0:di=01;34:ln=01;36:mh=00:pi=40;33:so=01;35:do=01;35:bd=40;33;01:cd=40;33;01:or=40;31;01:mi=00:su=37;41:sg=30;43:ca=00:tw=30;42:ow=34;42:st=37;44:ex=01;32:*.tar=01;31:*.tgz=01;31:*.arc=01;31:*.arj=01;31:*.taz=01;31:*.lha=01;31:*.lz4=01;31:*.lzh=01;31:*.lzma=01;31:*.tlz=01;31:*.txz=01;31:*.tzo=01;31:*.t7z=01;31:*.zip=01;31:*.z=01;31:*.dz=01;31:*.gz=01;31:*.lrz=01;31:*.lz=01;31:*.lzo=01;31:*.xz=01;31:*.zst=01;31:*.tzst=01;31:*.bz2=01;31:*.bz=01;31:*.tbz=01;31:*.tbz2=01;31:*.tz=01;31:*.deb=01;31:*.rpm=01;31:*.jar=01;31:*.war=01;31:*.ear=01;31:*.sar=01;31:*.rar=01;31:*.alz=01;31:*.ace=01;31:*.zoo=01;31:*.cpio=01;31:*.7z=01;31:*.rz=01;31:*.cab=01;31:*.wim=01;31:*.swm=01;31:*.dwm=01;31:*.esd=01;31:*.avif=01;35:*.jpg=01;35:*.jpeg=01;35:*.mjpg=01;35:*.mjpeg=01;35:*.gif=01;35:*.bmp=01;35:*.pbm=01;35:*.pgm=01;35:*.ppm=01;35:*.tga=01;35:*.xbm=01;35:*.xpm=01;35:*.tif=01;35:*.tiff=01;35:*.png=01;35:*.svg=01;35:*.svgz=01;35:*.mng=01;35:*.pcx=01;35:*.mov=01;35:*.mpg=01;35:*.mpeg=01;35:*.m2v=01;35:*.mkv=01;35:*.webm=01;35:*.webp=01;35:*.ogm=01;35:*.mp4=01;35:*.m4v=01;35:*.mp4v=01;35:*.vob=01;35:*.qt=01;35:*.nuv=01;35:*.wmv=01;35:*.asf=01;35:*.rm=01;35:*.rmvb=01;35:*.flc=01;35:*.avi=01;35:*.fli=01;35:*.flv=01;35:*.gl=01;35:*.dl=01;35:*.xcf=01;35:*.xwd=01;35:*.yuv=01;35:*.cgm=01;35:*.emf=01;35:*.ogv=01;35:*.ogx=01;35:*.aac=00;36:*.au=00;36:*.flac=00;36:*.m4a=00;36:*.mid=00;36:*.midi=00;36:*.mka=00;36:*.mp3=00;36:*.mpc=00;36:*.ogg=00;36:*.ra=00;36:*.wav=00;36:*.oga=00;36:*.opus=00;36:*.spx=00;36:*.xspf=00;36:*~=00;90:*#=00;90:*.bak=00;90:*.crdownload=00;90:*.dpkg-dist=00;90:*.dpkg-new=00;90:*.dpkg-old=00;90:*.dpkg-tmp=00;90:*.old=00;90:*.orig=00;90:*.part=00;90:*.rej=00;90:*.rpmnew=00;90:*.rpmorig=00;90:*.rpmsave=00;90:*.swp=00;90:*.tmp=00;90:*.ucf-dist=00;90:*.ucf-new=00;90:*.ucf-old=00;90:', 'SSH_AUTH_SOCK': '/run/user/1000/keyring/ssh', 'AMENT_PREFIX_PATH': '/opt/ros/jazzy', 'SHELL': '/bin/bash', 'LC_NAME': 'ko_KR.UTF-8', 'TERMINATOR_UUID': 'urn:uuid:9a49d437-4883-4a37-b6ee-ced657ed0a48', 'QT_ACCESSIBILITY': '1', 'GDMSESSION': 'ubuntu', 'LESSCLOSE': '/usr/bin/lesspipe %s %s', 'LC_MEASUREMENT': 'ko_KR.UTF-8', 'GPG_AGENT_INFO': '/run/user/1000/gnupg/S.gpg-agent:0:1', 'GJS_DEBUG_OUTPUT': 'stderr', 'LC_IDENTIFICATION': 'ko_KR.UTF-8', 'ROS_AUTOMATIC_DISCOVERY_RANGE': 'SUBNET', 'QT_IM_MODULE': 'ibus', 'PWD': '/home/uos-robotics/ws_livox/build/livox_sdk_vendor', 'XDG_CONFIG_DIRS': '/etc/xdg/xdg-ubuntu:/etc/xdg', 'XDG_DATA_DIRS': '/usr/share/ubuntu:/usr/share/gnome:/usr/local/share/:/usr/share/:/var/lib/snapd/desktop', 'PYTHONPATH': '/opt/ros/jazzy/lib/python3.12/site-packages', 'LC_NUMERIC': 'ko_KR.UTF-8', 'LC_PAPER': 'ko_KR.UTF-8', 'COLCON': '1', 'VTE_VERSION': '7600', 'CMAKE_PREFIX_PATH': '/opt/ros/jazzy/opt/gz_math_vendor:/opt/ros/jazzy/opt/gz_utils_vendor:/opt/ros/jazzy/opt/gz_cmake_vendor:/opt/ros/jazzy'}), 'shell': False}
[0.072990] (livox_interfaces) StdoutLine: {'line': b'-- The C compiler identification is GNU 13.3.0\n'}
[0.073661] (livox_sdk_vendor) StdoutLine: {'line': b'-- The C compiler identification is GNU 13.3.0\n'}
[0.099667] (-) TimerEvent: {}
[0.139311] (livox_sdk_vendor) StdoutLine: {'line': b'-- The CXX compiler identification is GNU 13.3.0\n'}
[0.139727] (livox_interfaces) StdoutLine: {'line': b'-- The CXX compiler identification is GNU 13.3.0\n'}
[0.164454] (livox_sdk_vendor) StdoutLine: {'line': b'-- Detecting C compiler ABI info\n'}
[0.164897] (livox_interfaces) StdoutLine: {'line': b'-- Detecting C compiler ABI info\n'}
[0.199801] (-) TimerEvent: {}
[0.267268] (livox_sdk_vendor) StdoutLine: {'line': b'-- Detecting C compiler ABI info - done\n'}
[0.273101] (livox_interfaces) StdoutLine: {'line': b'-- Detecting C compiler ABI info - done\n'}
[0.284860] (livox_sdk_vendor) StdoutLine: {'line': b'-- Check for working C compiler: /usr/bin/cc - skipped\n'}
[0.285026] (livox_sdk_vendor) StdoutLine: {'line': b'-- Detecting C compile features\n'}
[0.285137] (livox_sdk_vendor) StdoutLine: {'line': b'-- Detecting C compile features - done\n'}
[0.290663] (livox_interfaces) StdoutLine: {'line': b'-- Check for working C compiler: /usr/bin/cc - skipped\n'}
[0.291629] (livox_interfaces) StdoutLine: {'line': b'-- Detecting C compile features\n'}
[0.291899] (livox_interfaces) StdoutLine: {'line': b'-- Detecting C compile features - done\n'}
[0.296180] (livox_sdk_vendor) StdoutLine: {'line': b'-- Detecting CXX compiler ABI info\n'}
[0.299856] (-) TimerEvent: {}
[0.306637] (livox_interfaces) StdoutLine: {'line': b'-- Detecting CXX compiler ABI info\n'}
[0.400003] (-) TimerEvent: {}
[0.412966] (livox_sdk_vendor) StdoutLine: {'line': b'-- Detecting CXX compiler ABI info - done\n'}
[0.420925] (livox_interfaces) StdoutLine: {'line': b'-- Detecting CXX compiler ABI info - done\n'}
[0.428938] (livox_sdk_vendor) StdoutLine: {'line': b'-- Check for working CXX compiler: /usr/bin/c++ - skipped\n'}
[0.429164] (livox_sdk_vendor) StdoutLine: {'line': b'-- Detecting CXX compile features\n'}
[0.429807] (livox_sdk_vendor) StdoutLine: {'line': b'-- Detecting CXX compile features - done\n'}
[0.435492] (livox_sdk_vendor) StdoutLine: {'line': b'-- Found ament_cmake: 2.5.6 (/opt/ros/jazzy/share/ament_cmake/cmake)\n'}
[0.438792] (livox_interfaces) StdoutLine: {'line': b'-- Check for working CXX compiler: /usr/bin/c++ - skipped\n'}
[0.439387] (livox_interfaces) StdoutLine: {'line': b'-- Detecting CXX compile features\n'}
[0.440346] (livox_interfaces) StdoutLine: {'line': b'-- Detecting CXX compile features - done\n'}
[0.444034] (livox_interfaces) StdoutLine: {'line': b'-- Found ament_cmake: 2.5.6 (/opt/ros/jazzy/share/ament_cmake/cmake)\n'}
[0.500105] (-) TimerEvent: {}
[0.598738] (livox_sdk_vendor) StdoutLine: {'line': b'-- Found Python3: /usr/bin/python3 (found version "3.12.3") found components: Interpreter \n'}
[0.600181] (-) TimerEvent: {}
[0.610598] (livox_interfaces) StdoutLine: {'line': b'-- Found Python3: /usr/bin/python3 (found version "3.12.3") found components: Interpreter \n'}
[0.672980] (livox_sdk_vendor) StdoutLine: {'line': b'-- Override CMake install command with custom implementation using symlinks instead of copying resources\n'}
[0.686601] (livox_interfaces) StdoutLine: {'line': b'-- Override CMake install command with custom implementation using symlinks instead of copying resources\n'}
[0.700300] (-) TimerEvent: {}
[0.728917] (livox_interfaces) StdoutLine: {'line': b'-- Found std_msgs: 5.3.8 (/opt/ros/jazzy/share/std_msgs/cmake)\n'}
[0.782275] (livox_interfaces) StdoutLine: {'line': b'-- Found rosidl_generator_c: 4.6.9 (/opt/ros/jazzy/share/rosidl_generator_c/cmake)\n'}
[0.794812] (livox_interfaces) StdoutLine: {'line': b'-- Found rosidl_generator_cpp: 4.6.9 (/opt/ros/jazzy/share/rosidl_generator_cpp/cmake)\n'}
[0.800382] (-) TimerEvent: {}
[0.807693] (livox_interfaces) StdoutLine: {'line': b'-- Using all available rosidl_typesupport_c: rosidl_typesupport_fastrtps_c;rosidl_typesupport_introspection_c\n'}
[0.820778] (livox_interfaces) StdoutLine: {'line': b'-- Using all available rosidl_typesupport_cpp: rosidl_typesupport_fastrtps_cpp;rosidl_typesupport_introspection_cpp\n'}
[0.842510] (livox_interfaces) StdoutLine: {'line': b'-- Found rosidl_default_generators: 1.6.1 (/opt/ros/jazzy/share/rosidl_default_generators/cmake)\n'}
[0.853952] (livox_interfaces) StdoutLine: {'line': b'-- Found rosidl_adapter: 4.6.9 (/opt/ros/jazzy/share/rosidl_adapter/cmake)\n'}
[0.856879] (livox_sdk_vendor) StdoutLine: {'line': b'-- Configuring done (0.8s)\n'}
[0.861031] (livox_sdk_vendor) StdoutLine: {'line': b'-- Generating done (0.0s)\n'}
[0.863598] (livox_sdk_vendor) StdoutLine: {'line': b'-- Build files have been written to: /home/uos-robotics/ws_livox/build/livox_sdk_vendor\n'}
[0.876686] (livox_sdk_vendor) CommandEnded: {'returncode': 0}
[0.877527] (livox_sdk_vendor) JobProgress: {'identifier': 'livox_sdk_vendor', 'progress': 'build'}
[0.878234] (livox_sdk_vendor) Command: {'cmd': ['/usr/bin/cmake', '--build', '/home/uos-robotics/ws_livox/build/livox_sdk_vendor', '--', '-j14', '-l14'], 'cwd': '/home/uos-robotics/ws_livox/build/livox_sdk_vendor', 'env': OrderedDict({'GJS_DEBUG_TOPICS': 'JS ERROR;JS LOG', 'XDG_ACTIVATION_TOKEN': 'gnome-shell/터미네이터/3716-0-uos-robotics_TIME57382', 'LESSOPEN': '| /usr/bin/lesspipe %s', 'LANGUAGE': 'ko:en', 'USER': 'uos-robotics', 'LC_TIME': 'ko_KR.UTF-8', 'XDG_SESSION_TYPE': 'x11', 'ROS_APT_SOURCE_VERSION': '1.2.0', 'CLUTTER_DISABLE_MIPMAPPED_TEXT': '1', 'SHLVL': '1', 'LD_LIBRARY_PATH': '/usr/local/cuda-13.0/lib64:/opt/ros/jazzy/opt/rviz_ogre_vendor/lib:/opt/ros/jazzy/lib/aarch64-linux-gnu:/opt/ros/jazzy/opt/gz_math_vendor/lib:/opt/ros/jazzy/opt/gz_utils_vendor/lib:/opt/ros/jazzy/opt/gz_cmake_vendor/lib:/opt/ros/jazzy/lib:/usr/local/cuda-13.0/lib64:', 'HOME': '/home/uos-robotics', 'OLDPWD': '/home/uos-robotics/ws_livox', 'DESKTOP_SESSION': 'ubuntu', 'GIO_LAUNCHED_DESKTOP_FILE': '/usr/share/applications/terminator.desktop', 'ROS_PYTHON_VERSION': '3', 'GNOME_SHELL_SESSION_MODE': 'ubuntu', 'GTK_MODULES': 'gail:atk-bridge', 'LC_MONETARY': 'ko_KR.UTF-8', 'MANAGERPID': '3428', 'SYSTEMD_EXEC_PID': '3716', 'GSM_SKIP_SSH_AGENT_WORKAROUND': 'true', 'DBUS_SESSION_BUS_ADDRESS': 'unix:path=/run/user/1000/bus', 'COLORTERM': 'truecolor', 'TERMINATOR_DBUS_NAME': 'net.tenshu.Terminator23558193cd9818af7fe4d2c2f5bd9d00f', 'GIO_LAUNCHED_DESKTOP_FILE_PID': '4520', 'DEBUGINFOD_URLS': 'https://debuginfod.ubuntu.com', 'IM_CONFIG_PHASE': '1', 'ROS_DISTRO': 'jazzy', 'LOGNAME': 'uos-robotics', 'JOURNAL_STREAM': '8:30590', '_': '/usr/bin/colcon', 'ROS_VERSION': '2', 'XDG_SESSION_CLASS': 'user', 'USERNAME': 'uos-robotics', 'TERM': 'xterm-256color', 'GNOME_DESKTOP_SESSION_ID': 'this-is-deprecated', 'WINDOWPATH': '2', 'PATH': '/usr/local/cuda-13.0/bin:/opt/ros/jazzy/bin:/usr/local/cuda-13.0/bin:/usr/local/sbin:/usr/local/bin:/usr/sbin:/usr/bin:/sbin:/bin:/usr/games:/usr/local/games:/snap/bin:/snap/bin', 'SESSION_MANAGER': 'local/uos-robotics:@/tmp/.ICE-unix/3685,unix/uos-robotics:/tmp/.ICE-unix/3685', 'INVOCATION_ID': 'c46f158d307846e98dc76d57702325c2', 'PAPERSIZE': 'a4', 'XDG_MENU_PREFIX': 'gnome-', 'LC_ADDRESS': 'ko_KR.UTF-8', 'XDG_RUNTIME_DIR': '/run/user/1000', 'DISPLAY': ':1', 'TERMINATOR_DBUS_PATH': '/net/tenshu/Terminator2', 'LANG': 'en_US.UTF-8', 'XDG_CURRENT_DESKTOP': 'ubuntu:GNOME', 'LC_TELEPHONE': 'ko_KR.UTF-8', 'XMODIFIERS': '@im=ibus', 'XDG_SESSION_DESKTOP': 'ubuntu', 'XAUTHORITY': '/run/user/1000/gdm/Xauthority', 'LS_COLORS': 'rs=0:di=01;34:ln=01;36:mh=00:pi=40;33:so=01;35:do=01;35:bd=40;33;01:cd=40;33;01:or=40;31;01:mi=00:su=37;41:sg=30;43:ca=00:tw=30;42:ow=34;42:st=37;44:ex=01;32:*.tar=01;31:*.tgz=01;31:*.arc=01;31:*.arj=01;31:*.taz=01;31:*.lha=01;31:*.lz4=01;31:*.lzh=01;31:*.lzma=01;31:*.tlz=01;31:*.txz=01;31:*.tzo=01;31:*.t7z=01;31:*.zip=01;31:*.z=01;31:*.dz=01;31:*.gz=01;31:*.lrz=01;31:*.lz=01;31:*.lzo=01;31:*.xz=01;31:*.zst=01;31:*.tzst=01;31:*.bz2=01;31:*.bz=01;31:*.tbz=01;31:*.tbz2=01;31:*.tz=01;31:*.deb=01;31:*.rpm=01;31:*.jar=01;31:*.war=01;31:*.ear=01;31:*.sar=01;31:*.rar=01;31:*.alz=01;31:*.ace=01;31:*.zoo=01;31:*.cpio=01;31:*.7z=01;31:*.rz=01;31:*.cab=01;31:*.wim=01;31:*.swm=01;31:*.dwm=01;31:*.esd=01;31:*.avif=01;35:*.jpg=01;35:*.jpeg=01;35:*.mjpg=01;35:*.mjpeg=01;35:*.gif=01;35:*.bmp=01;35:*.pbm=01;35:*.pgm=01;35:*.ppm=01;35:*.tga=01;35:*.xbm=01;35:*.xpm=01;35:*.tif=01;35:*.tiff=01;35:*.png=01;35:*.svg=01;35:*.svgz=01;35:*.mng=01;35:*.pcx=01;35:*.mov=01;35:*.mpg=01;35:*.mpeg=01;35:*.m2v=01;35:*.mkv=01;35:*.webm=01;35:*.webp=01;35:*.ogm=01;35:*.mp4=01;35:*.m4v=01;35:*.mp4v=01;35:*.vob=01;35:*.qt=01;35:*.nuv=01;35:*.wmv=01;35:*.asf=01;35:*.rm=01;35:*.rmvb=01;35:*.flc=01;35:*.avi=01;35:*.fli=01;35:*.flv=01;35:*.gl=01;35:*.dl=01;35:*.xcf=01;35:*.xwd=01;35:*.yuv=01;35:*.cgm=01;35:*.emf=01;35:*.ogv=01;35:*.ogx=01;35:*.aac=00;36:*.au=00;36:*.flac=00;36:*.m4a=00;36:*.mid=00;36:*.midi=00;36:*.mka=00;36:*.mp3=00;36:*.mpc=00;36:*.ogg=00;36:*.ra=00;36:*.wav=00;36:*.oga=00;36:*.opus=00;36:*.spx=00;36:*.xspf=00;36:*~=00;90:*#=00;90:*.bak=00;90:*.crdownload=00;90:*.dpkg-dist=00;90:*.dpkg-new=00;90:*.dpkg-old=00;90:*.dpkg-tmp=00;90:*.old=00;90:*.orig=00;90:*.part=00;90:*.rej=00;90:*.rpmnew=00;90:*.rpmorig=00;90:*.rpmsave=00;90:*.swp=00;90:*.tmp=00;90:*.ucf-dist=00;90:*.ucf-new=00;90:*.ucf-old=00;90:', 'SSH_AUTH_SOCK': '/run/user/1000/keyring/ssh', 'AMENT_PREFIX_PATH': '/opt/ros/jazzy', 'SHELL': '/bin/bash', 'LC_NAME': 'ko_KR.UTF-8', 'TERMINATOR_UUID': 'urn:uuid:9a49d437-4883-4a37-b6ee-ced657ed0a48', 'QT_ACCESSIBILITY': '1', 'GDMSESSION': 'ubuntu', 'LESSCLOSE': '/usr/bin/lesspipe %s %s', 'LC_MEASUREMENT': 'ko_KR.UTF-8', 'GPG_AGENT_INFO': '/run/user/1000/gnupg/S.gpg-agent:0:1', 'GJS_DEBUG_OUTPUT': 'stderr', 'LC_IDENTIFICATION': 'ko_KR.UTF-8', 'ROS_AUTOMATIC_DISCOVERY_RANGE': 'SUBNET', 'QT_IM_MODULE': 'ibus', 'PWD': '/home/uos-robotics/ws_livox/build/livox_sdk_vendor', 'XDG_CONFIG_DIRS': '/etc/xdg/xdg-ubuntu:/etc/xdg', 'XDG_DATA_DIRS': '/usr/share/ubuntu:/usr/share/gnome:/usr/local/share/:/usr/share/:/var/lib/snapd/desktop', 'PYTHONPATH': '/opt/ros/jazzy/lib/python3.12/site-packages', 'LC_NUMERIC': 'ko_KR.UTF-8', 'LC_PAPER': 'ko_KR.UTF-8', 'COLCON': '1', 'VTE_VERSION': '7600', 'CMAKE_PREFIX_PATH': '/opt/ros/jazzy/opt/gz_math_vendor:/opt/ros/jazzy/opt/gz_utils_vendor:/opt/ros/jazzy/opt/gz_cmake_vendor:/opt/ros/jazzy'}), 'shell': False}
[0.900451] (-) TimerEvent: {}
[0.934603] (livox_sdk_vendor) StdoutLine: {'line': b"[ 12%] \x1b[34m\x1b[1mCreating directories for 'livox-sdk-v2.3.1'\x1b[0m\n"}
[0.963954] (livox_sdk_vendor) StdoutLine: {'line': b"[ 25%] \x1b[34m\x1b[1mPerforming download step (git clone) for 'livox-sdk-v2.3.1'\x1b[0m\n"}
[0.986290] (livox_sdk_vendor) StderrLine: {'line': b"'livox-sdk-v2.3.1'\xec\x97\x90 \xeb\xb3\xb5\xec\xa0\x9c\xed\x95\xa9\xeb\x8b\x88\xeb\x8b\xa4...\n"}
[1.000572] (-) TimerEvent: {}
[1.100913] (-) TimerEvent: {}
[1.201364] (-) TimerEvent: {}
[1.301743] (-) TimerEvent: {}
[1.402806] (-) TimerEvent: {}
[1.503193] (-) TimerEvent: {}
[1.540580] (livox_interfaces) StdoutLine: {'line': b'-- Found ament_cmake_ros: 0.12.1 (/opt/ros/jazzy/share/ament_cmake_ros/cmake)\n'}
[1.603268] (-) TimerEvent: {}
[1.703506] (-) TimerEvent: {}
[1.803664] (-) TimerEvent: {}
[1.903866] (-) TimerEvent: {}
[2.004272] (-) TimerEvent: {}
[2.104616] (-) TimerEvent: {}
[2.204995] (-) TimerEvent: {}
[2.305592] (-) TimerEvent: {}
[2.406057] (-) TimerEvent: {}
[2.451820] (livox_sdk_vendor) StderrLine: {'line': b'HEAD\xec\x9d\x98 \xed\x98\x84\xec\x9e\xac \xec\x9c\x84\xec\xb9\x98\xeb\x8a\x94 14c533d fix ROS2 Humble build error\n'}
[2.492734] (livox_interfaces) StdoutLine: {'line': b'-- Using all available rosidl_typesupport_c: rosidl_typesupport_fastrtps_c;rosidl_typesupport_introspection_c\n'}
[2.506130] (-) TimerEvent: {}
[2.516871] (livox_sdk_vendor) StdoutLine: {'line': b"[ 37%] \x1b[34m\x1b[1mPerforming update step for 'livox-sdk-v2.3.1'\x1b[0m\n"}
[2.547690] (livox_sdk_vendor) StdoutLine: {'line': b"[ 50%] \x1b[34m\x1b[1mNo patch step for 'livox-sdk-v2.3.1'\x1b[0m\n"}
[2.572964] (livox_sdk_vendor) StdoutLine: {'line': b"[ 62%] \x1b[34m\x1b[1mPerforming configure step for 'livox-sdk-v2.3.1'\x1b[0m\n"}
[2.583748] (livox_sdk_vendor) StderrLine: {'line': b'\x1b[0mCMake Deprecation Warning at CMakeLists.txt:1 (cmake_minimum_required):\n'}
[2.583907] (livox_sdk_vendor) StderrLine: {'line': b'  Compatibility with CMake < 3.5 will be removed from a future version of\n'}
[2.584017] (livox_sdk_vendor) StderrLine: {'line': b'  CMake.\n'}
[2.584122] (livox_sdk_vendor) StderrLine: {'line': b'\n'}
[2.584225] (livox_sdk_vendor) StderrLine: {'line': b'  Update the VERSION argument <min> value or use a ...<max> suffix to tell\n'}
[2.584345] (livox_sdk_vendor) StderrLine: {'line': b'  CMake that the project does not need compatibility with older versions.\n'}
[2.584444] (livox_sdk_vendor) StderrLine: {'line': b'\n'}
[2.584605] (livox_sdk_vendor) StderrLine: {'line': b'\x1b[0m\n'}
[2.606196] (-) TimerEvent: {}
[2.644402] (livox_sdk_vendor) StdoutLine: {'line': b'-- The C compiler identification is GNU 13.3.0\n'}
[2.706268] (-) TimerEvent: {}
[2.718934] (livox_sdk_vendor) StdoutLine: {'line': b'-- The CXX compiler identification is GNU 13.3.0\n'}
[2.747516] (livox_sdk_vendor) StdoutLine: {'line': b'-- Detecting C compiler ABI info\n'}
[2.806598] (-) TimerEvent: {}
[2.860993] (livox_sdk_vendor) StdoutLine: {'line': b'-- Detecting C compiler ABI info - done\n'}
[2.873720] (livox_interfaces) StdoutLine: {'line': b'-- Using all available rosidl_typesupport_cpp: rosidl_typesupport_fastrtps_cpp;rosidl_typesupport_introspection_cpp\n'}
[2.878430] (livox_interfaces) StdoutLine: {'line': b'-- Found python_cmake_module: 0.11.1 (/opt/ros/jazzy/share/python_cmake_module/cmake)\n'}
[2.881548] (livox_sdk_vendor) StdoutLine: {'line': b'-- Check for working C compiler: /usr/bin/cc - skipped\n'}
[2.882149] (livox_sdk_vendor) StdoutLine: {'line': b'-- Detecting C compile features\n'}
[2.883001] (livox_sdk_vendor) StdoutLine: {'line': b'-- Detecting C compile features - done\n'}
[2.900920] (livox_sdk_vendor) StdoutLine: {'line': b'-- Detecting CXX compiler ABI info\n'}
[2.906656] (-) TimerEvent: {}
[3.006942] (-) TimerEvent: {}
[3.020956] (livox_sdk_vendor) StdoutLine: {'line': b'-- Detecting CXX compiler ABI info - done\n'}
[3.040226] (livox_interfaces) StdoutLine: {'line': b'-- Found PythonExtra: /usr/bin/python3  \n'}
[3.041989] (livox_sdk_vendor) StdoutLine: {'line': b'-- Check for working CXX compiler: /usr/bin/c++ - skipped\n'}
[3.042605] (livox_sdk_vendor) StdoutLine: {'line': b'-- Detecting CXX compile features\n'}
[3.044826] (livox_sdk_vendor) StdoutLine: {'line': b'-- Detecting CXX compile features - done\n'}
[3.044979] (livox_sdk_vendor) StdoutLine: {'line': b'-- main project dir: /home/uos-robotics/ws_livox/build/livox_sdk_vendor/livox-sdk-v2.3.1-prefix/src/livox-sdk-v2.3.1\n'}
[3.049055] (livox_sdk_vendor) StderrLine: {'line': b'\x1b[0mCMake Deprecation Warning at sdk_core/CMakeLists.txt:1 (cmake_minimum_required):\n'}
[3.049254] (livox_sdk_vendor) StderrLine: {'line': b'  Compatibility with CMake < 3.5 will be removed from a future version of\n'}
[3.049370] (livox_sdk_vendor) StderrLine: {'line': b'  CMake.\n'}
[3.049471] (livox_sdk_vendor) StderrLine: {'line': b'\n'}
[3.049573] (livox_sdk_vendor) StderrLine: {'line': b'  Update the VERSION argument <min> value or use a ...<max> suffix to tell\n'}
[3.049676] (livox_sdk_vendor) StderrLine: {'line': b'  CMake that the project does not need compatibility with older versions.\n'}
[3.049793] (livox_sdk_vendor) StderrLine: {'line': b'\n'}
[3.049893] (livox_sdk_vendor) StderrLine: {'line': b'\x1b[0m\n'}
[3.049993] (livox_sdk_vendor) StderrLine: {'line': b'\x1b[0mCMake Deprecation Warning at sample/hub/CMakeLists.txt:1 (cmake_minimum_required):\n'}
[3.050093] (livox_sdk_vendor) StderrLine: {'line': b'  Compatibility with CMake < 3.5 will be removed from a future version of\n'}
[3.050193] (livox_sdk_vendor) StderrLine: {'line': b'  CMake.\n'}
[3.050379] (livox_sdk_vendor) StderrLine: {'line': b'\n'}
[3.050481] (livox_sdk_vendor) StderrLine: {'line': b'  Update the VERSION argument <min> value or use a ...<max> suffix to tell\n'}
[3.050579] (livox_sdk_vendor) StderrLine: {'line': b'  CMake that the project does not need compatibility with older versions.\n'}
[3.050676] (livox_sdk_vendor) StderrLine: {'line': b'\n'}
[3.050772] (livox_sdk_vendor) StderrLine: {'line': b'\x1b[0m\n'}
[3.050868] (livox_sdk_vendor) StderrLine: {'line': b'\x1b[0mCMake Deprecation Warning at sample/lidar/CMakeLists.txt:1 (cmake_minimum_required):\n'}
[3.050971] (livox_sdk_vendor) StderrLine: {'line': b'  Compatibility with CMake < 3.5 will be removed from a future version of\n'}
[3.051146] (livox_sdk_vendor) StderrLine: {'line': b'  CMake.\n'}
[3.051255] (livox_sdk_vendor) StderrLine: {'line': b'\n'}
[3.051356] (livox_sdk_vendor) StderrLine: {'line': b'  Update the VERSION argument <min> value or use a ...<max> suffix to tell\n'}
[3.051454] (livox_sdk_vendor) StderrLine: {'line': b'  CMake that the project does not need compatibility with older versions.\n'}
[3.051550] (livox_sdk_vendor) StderrLine: {'line': b'\n'}
[3.051646] (livox_sdk_vendor) StderrLine: {'line': b'\x1b[0m\n'}
[3.051742] (livox_sdk_vendor) StderrLine: {'line': b'\x1b[0mCMake Deprecation Warning at sample/hub_lvx_file/CMakeLists.txt:1 (cmake_minimum_required):\n'}
[3.051840] (livox_sdk_vendor) StderrLine: {'line': b'  Compatibility with CMake < 3.5 will be removed from a future version of\n'}
[3.052033] (livox_sdk_vendor) StderrLine: {'line': b'  CMake.\n'}
[3.052129] (livox_sdk_vendor) StderrLine: {'line': b'\n'}
[3.052223] (livox_sdk_vendor) StderrLine: {'line': b'  Update the VERSION argument <min> value or use a ...<max> suffix to tell\n'}
[3.052320] (livox_sdk_vendor) StderrLine: {'line': b'  CMake that the project does not need compatibility with older versions.\n'}
[3.052415] (livox_sdk_vendor) StderrLine: {'line': b'\n'}
[3.052510] (livox_sdk_vendor) StderrLine: {'line': b'\x1b[0m\n'}
[3.052610] (livox_sdk_vendor) StderrLine: {'line': b'\x1b[0mCMake Deprecation Warning at sample/lidar_lvx_file/CMakeLists.txt:1 (cmake_minimum_required):\n'}
[3.052770] (livox_sdk_vendor) StderrLine: {'line': b'  Compatibility with CMake < 3.5 will be removed from a future version of\n'}
[3.052927] (livox_sdk_vendor) StderrLine: {'line': b'  CMake.\n'}
[3.053027] (livox_sdk_vendor) StderrLine: {'line': b'\n'}
[3.053122] (livox_sdk_vendor) StderrLine: {'line': b'  Update the VERSION argument <min> value or use a ...<max> suffix to tell\n'}
[3.053218] (livox_sdk_vendor) StderrLine: {'line': b'  CMake that the project does not need compatibility with older versions.\n'}
[3.053315] (livox_sdk_vendor) StderrLine: {'line': b'\n'}
[3.053411] (livox_sdk_vendor) StderrLine: {'line': b'\x1b[0m\n'}
[3.053509] (livox_sdk_vendor) StderrLine: {'line': b'\x1b[0mCMake Deprecation Warning at sample_cc/hub/CMakeLists.txt:1 (cmake_minimum_required):\n'}
[3.053612] (livox_sdk_vendor) StderrLine: {'line': b'  Compatibility with CMake < 3.5 will be removed from a future version of\n'}
[3.053718] (livox_sdk_vendor) StderrLine: {'line': b'  CMake.\n'}
[3.053817] (livox_sdk_vendor) StderrLine: {'line': b'\n'}
[3.053912] (livox_sdk_vendor) StderrLine: {'line': b'  Update the VERSION argument <min> value or use a ...<max> suffix to tell\n'}
[3.054008] (livox_sdk_vendor) StderrLine: {'line': b'  CMake that the project does not need compatibility with older versions.\n'}
[3.054111] (livox_sdk_vendor) StderrLine: {'line': b'\n'}
[3.054204] (livox_sdk_vendor) StderrLine: {'line': b'\x1b[0m\n'}
[3.054298] (livox_sdk_vendor) StderrLine: {'line': b'\x1b[0mCMake Deprecation Warning at sample_cc/lidar/CMakeLists.txt:1 (cmake_minimum_required):\n'}
[3.054394] (livox_sdk_vendor) StderrLine: {'line': b'  Compatibility with CMake < 3.5 will be removed from a future version of\n'}
[3.054488] (livox_sdk_vendor) StderrLine: {'line': b'  CMake.\n'}
[3.054581] (livox_sdk_vendor) StderrLine: {'line': b'\n'}
[3.054674] (livox_sdk_vendor) StderrLine: {'line': b'  Update the VERSION argument <min> value or use a ...<max> suffix to tell\n'}
[3.054845] (livox_sdk_vendor) StderrLine: {'line': b'  CMake that the project does not need compatibility with older versions.\n'}
[3.054945] (livox_sdk_vendor) StderrLine: {'line': b'\n'}
[3.055040] (livox_sdk_vendor) StderrLine: {'line': b'\x1b[0m\n'}
[3.055134] (livox_sdk_vendor) StderrLine: {'line': b'\x1b[0mCMake Deprecation Warning at sample_cc/trouble_shooting/CMakeLists.txt:1 (cmake_minimum_required):\n'}
[3.055231] (livox_sdk_vendor) StderrLine: {'line': b'  Compatibility with CMake < 3.5 will be removed from a future version of\n'}
[3.055325] (livox_sdk_vendor) StderrLine: {'line': b'  CMake.\n'}
[3.055418] (livox_sdk_vendor) StderrLine: {'line': b'\n'}
[3.055516] (livox_sdk_vendor) StderrLine: {'line': b'  Update the VERSION argument <min> value or use a ...<max> suffix to tell\n'}
[3.055609] (livox_sdk_vendor) StderrLine: {'line': b'  CMake that the project does not need compatibility with older versions.\n'}
[3.055703] (livox_sdk_vendor) StderrLine: {'line': b'\n'}
[3.055796] (livox_sdk_vendor) StderrLine: {'line': b'\x1b[0m\n'}
[3.055890] (livox_sdk_vendor) StderrLine: {'line': b'\x1b[0mCMake Deprecation Warning at sample_cc/lidar_utc_sync/CMakeLists.txt:1 (cmake_minimum_required):\n'}
[3.055989] (livox_sdk_vendor) StderrLine: {'line': b'  Compatibility with CMake < 3.5 will be removed from a future version of\n'}
[3.056087] (livox_sdk_vendor) StderrLine: {'line': b'  CMake.\n'}
[3.056184] (livox_sdk_vendor) StderrLine: {'line': b'\n'}
[3.056280] (livox_sdk_vendor) StderrLine: {'line': b'  Update the VERSION argument <min> value or use a ...<max> suffix to tell\n'}
[3.056375] (livox_sdk_vendor) StderrLine: {'line': b'  CMake that the project does not need compatibility with older versions.\n'}
[3.056473] (livox_sdk_vendor) StderrLine: {'line': b'\n'}
[3.056570] (livox_sdk_vendor) StderrLine: {'line': b'\x1b[0m\n'}
[3.056663] (livox_sdk_vendor) StdoutLine: {'line': b'-- Configuring done (0.5s)\n'}
[3.083829] (livox_sdk_vendor) StdoutLine: {'line': b'-- Generating done (0.0s)\n'}
[3.085975] (livox_sdk_vendor) StdoutLine: {'line': b'-- Build files have been written to: /home/uos-robotics/ws_livox/build/livox_sdk_vendor/livox-sdk-v2.3.1-prefix/src/livox-sdk-v2.3.1-build\n'}
[3.107041] (-) TimerEvent: {}
[3.111341] (livox_sdk_vendor) StdoutLine: {'line': b"[ 75%] \x1b[34m\x1b[1mPerforming build step for 'livox-sdk-v2.3.1'\x1b[0m\n"}
[3.163559] (livox_sdk_vendor) StdoutLine: {'line': b'[  6%] \x1b[32mBuilding CXX object sdk_core/CMakeFiles/livox_sdk_static.dir/src/device_manager.cpp.o\x1b[0m\n'}
[3.163834] (livox_sdk_vendor) StdoutLine: {'line': b'[  6%] \x1b[32mBuilding CXX object sdk_core/CMakeFiles/livox_sdk_static.dir/src/base/network/unix/network_util.cpp.o\x1b[0m\n'}
[3.163903] (livox_sdk_vendor) StdoutLine: {'line': b'[  6%] \x1b[32mBuilding CXX object sdk_core/CMakeFiles/livox_sdk_static.dir/src/third_party/FastCRC/FastCRCsw.cpp.o\x1b[0m\n'}
[3.163949] (livox_sdk_vendor) StdoutLine: {'line': b'[  8%] \x1b[32mBuilding CXX object sdk_core/CMakeFiles/livox_sdk_static.dir/src/base/io_loop.cpp.o\x1b[0m\n'}
[3.163992] (livox_sdk_vendor) StdoutLine: {'line': b'[ 12%] \x1b[32mBuilding CXX object sdk_core/CMakeFiles/livox_sdk_static.dir/src/device_discovery.cpp.o\x1b[0m\n'}
[3.165238] (livox_sdk_vendor) StdoutLine: {'line': b'[ 14%] \x1b[32mBuilding CXX object sdk_core/CMakeFiles/livox_sdk_static.dir/src/base/logging.cpp.o\x1b[0m\n'}
[3.165428] (livox_sdk_vendor) StdoutLine: {'line': b'[ 16%] \x1b[32mBuilding CXX object sdk_core/CMakeFiles/livox_sdk_static.dir/src/data_handler/data_handler.cpp.o\x1b[0m\n'}
[3.165489] (livox_sdk_vendor) StdoutLine: {'line': b'[ 20%] \x1b[32mBuilding CXX object sdk_core/CMakeFiles/livox_sdk_static.dir/src/comm/comm_port.cpp.o\x1b[0m\n'}
[3.165532] (livox_sdk_vendor) StdoutLine: {'line': b'[ 20%] \x1b[32mBuilding CXX object sdk_core/CMakeFiles/livox_sdk_static.dir/src/base/thread_base.cpp.o\x1b[0m\n'}
[3.165572] (livox_sdk_vendor) StdoutLine: {'line': b'[ 22%] \x1b[32mBuilding CXX object sdk_core/CMakeFiles/livox_sdk_static.dir/src/data_handler/lidar_data_handler.cpp.o\x1b[0m\n'}
[3.167925] (livox_sdk_vendor) StdoutLine: {'line': b'[ 27%] \x1b[32mBuilding CXX object sdk_core/CMakeFiles/livox_sdk_static.dir/src/comm/sdk_protocol.cpp.o\x1b[0m\n'}
[3.168123] (livox_sdk_vendor) StdoutLine: {'line': b'[ 29%] \x1b[32mBuilding CXX object sdk_core/CMakeFiles/livox_sdk_static.dir/src/data_handler/hub_data_handler.cpp.o\x1b[0m\n'}
[3.168189] (livox_sdk_vendor) StdoutLine: {'line': b'[ 29%] \x1b[32mBuilding CXX object sdk_core/CMakeFiles/livox_sdk_static.dir/src/livox_sdk.cpp.o\x1b[0m\n'}
[3.168237] (livox_sdk_vendor) StdoutLine: {'line': b'[ 12%] \x1b[32mBuilding CXX object sdk_core/CMakeFiles/livox_sdk_static.dir/src/base/io_thread.cpp.o\x1b[0m\n'}
[3.209307] (-) TimerEvent: {}
[3.216380] (livox_sdk_vendor) StdoutLine: {'line': b'[ 31%] \x1b[32mBuilding CXX object sdk_core/CMakeFiles/livox_sdk_static.dir/src/command_handler/command_handler.cpp.o\x1b[0m\n'}
[3.224752] (livox_sdk_vendor) StdoutLine: {'line': b'[ 33%] \x1b[32mBuilding CXX object sdk_core/CMakeFiles/livox_sdk_static.dir/src/command_handler/command_channel.cpp.o\x1b[0m\n'}
[3.304938] (livox_sdk_vendor) StdoutLine: {'line': b'[ 35%] \x1b[32mBuilding CXX object sdk_core/CMakeFiles/livox_sdk_static.dir/src/command_handler/hub_command_handler.cpp.o\x1b[0m\n'}
[3.309426] (-) TimerEvent: {}
[3.334055] (livox_sdk_vendor) StdoutLine: {'line': b'[ 37%] \x1b[32mBuilding CXX object sdk_core/CMakeFiles/livox_sdk_static.dir/src/command_handler/lidar_command_handler.cpp.o\x1b[0m\n'}
[3.409564] (-) TimerEvent: {}
[3.448365] (livox_sdk_vendor) StdoutLine: {'line': b'[ 39%] \x1b[32mBuilding CXX object sdk_core/CMakeFiles/livox_sdk_static.dir/src/command_handler/command_impl.cpp.o\x1b[0m\n'}
[3.512886] (-) TimerEvent: {}
[3.529200] (livox_sdk_vendor) StdoutLine: {'line': b'[ 41%] \x1b[32mBuilding CXX object sdk_core/CMakeFiles/livox_sdk_static.dir/src/base/multiple_io/multiple_io_base.cpp.o\x1b[0m\n'}
[3.613032] (-) TimerEvent: {}
[3.704351] (livox_interfaces) StdoutLine: {'line': b'-- Found Python3: /usr/bin/python3 (found version "3.12.3") found components: Interpreter Development NumPy Development.Module Development.Embed \n'}
[3.713180] (-) TimerEvent: {}
[3.715119] (livox_sdk_vendor) StdoutLine: {'line': b'[ 43%] \x1b[32mBuilding CXX object sdk_core/CMakeFiles/livox_sdk_static.dir/src/base/multiple_io/multiple_io_epoll.cpp.o\x1b[0m\n'}
[3.728763] (livox_sdk_vendor) StdoutLine: {'line': b'[ 45%] \x1b[32mBuilding CXX object sdk_core/CMakeFiles/livox_sdk_static.dir/src/base/multiple_io/multiple_io_poll.cpp.o\x1b[0m\n'}
[3.810487] (livox_sdk_vendor) StdoutLine: {'line': b'[ 47%] \x1b[32mBuilding CXX object sdk_core/CMakeFiles/livox_sdk_static.dir/src/base/multiple_io/multiple_io_select.cpp.o\x1b[0m\n'}
[3.813276] (-) TimerEvent: {}
[3.819265] (livox_interfaces) StdoutLine: {'line': b'-- Found Python3: /usr/bin/python3 (found version "3.12.3") found components: Interpreter \n'}
[3.822666] (livox_interfaces) StdoutLine: {'line': b'-- Found ament_lint_auto: 0.17.5 (/opt/ros/jazzy/share/ament_lint_auto/cmake)\n'}
[3.839474] (livox_interfaces) StdoutLine: {'line': b"-- Added test 'copyright' to check source files copyright and LICENSE\n"}
[3.840747] (livox_interfaces) StdoutLine: {'line': b"-- Added test 'lint_cmake' to check CMake code style\n"}
[3.841555] (livox_interfaces) StdoutLine: {'line': b"-- Added test 'xmllint' to check XML markup files\n"}
[3.844534] (livox_interfaces) StdoutLine: {'line': b'-- Configuring done (3.8s)\n'}
[3.860907] (livox_sdk_vendor) StdoutLine: {'line': b'[ 50%] \x1b[32mBuilding CXX object sdk_core/CMakeFiles/livox_sdk_static.dir/src/base/multiple_io/multiple_io_kqueue.cpp.o\x1b[0m\n'}
[3.911948] (livox_interfaces) StdoutLine: {'line': b'-- Generating done (0.1s)\n'}
[3.913388] (-) TimerEvent: {}
[3.942777] (livox_interfaces) StdoutLine: {'line': b'-- Build files have been written to: /home/uos-robotics/ws_livox/build/livox_interfaces\n'}
[3.957076] (livox_sdk_vendor) StdoutLine: {'line': b'[ 52%] \x1b[32mBuilding CXX object sdk_core/CMakeFiles/livox_sdk_static.dir/src/base/wake_up/unix/wake_up_pipe.cpp.o\x1b[0m\n'}
[3.989840] (livox_interfaces) CommandEnded: {'returncode': 0}
[3.990609] (livox_interfaces) JobProgress: {'identifier': 'livox_interfaces', 'progress': 'build'}
[3.990872] (livox_interfaces) Command: {'cmd': ['/usr/bin/cmake', '--build', '/home/uos-robotics/ws_livox/build/livox_interfaces', '--', '-j14', '-l14'], 'cwd': '/home/uos-robotics/ws_livox/build/livox_interfaces', 'env': OrderedDict({'GJS_DEBUG_TOPICS': 'JS ERROR;JS LOG', 'XDG_ACTIVATION_TOKEN': 'gnome-shell/터미네이터/3716-0-uos-robotics_TIME57382', 'LESSOPEN': '| /usr/bin/lesspipe %s', 'LANGUAGE': 'ko:en', 'USER': 'uos-robotics', 'LC_TIME': 'ko_KR.UTF-8', 'XDG_SESSION_TYPE': 'x11', 'ROS_APT_SOURCE_VERSION': '1.2.0', 'CLUTTER_DISABLE_MIPMAPPED_TEXT': '1', 'SHLVL': '1', 'LD_LIBRARY_PATH': '/usr/local/cuda-13.0/lib64:/opt/ros/jazzy/opt/rviz_ogre_vendor/lib:/opt/ros/jazzy/lib/aarch64-linux-gnu:/opt/ros/jazzy/opt/gz_math_vendor/lib:/opt/ros/jazzy/opt/gz_utils_vendor/lib:/opt/ros/jazzy/opt/gz_cmake_vendor/lib:/opt/ros/jazzy/lib:/usr/local/cuda-13.0/lib64:', 'HOME': '/home/uos-robotics', 'OLDPWD': '/home/uos-robotics/ws_livox', 'DESKTOP_SESSION': 'ubuntu', 'GIO_LAUNCHED_DESKTOP_FILE': '/usr/share/applications/terminator.desktop', 'ROS_PYTHON_VERSION': '3', 'GNOME_SHELL_SESSION_MODE': 'ubuntu', 'GTK_MODULES': 'gail:atk-bridge', 'LC_MONETARY': 'ko_KR.UTF-8', 'MANAGERPID': '3428', 'SYSTEMD_EXEC_PID': '3716', 'GSM_SKIP_SSH_AGENT_WORKAROUND': 'true', 'DBUS_SESSION_BUS_ADDRESS': 'unix:path=/run/user/1000/bus', 'COLORTERM': 'truecolor', 'TERMINATOR_DBUS_NAME': 'net.tenshu.Terminator23558193cd9818af7fe4d2c2f5bd9d00f', 'GIO_LAUNCHED_DESKTOP_FILE_PID': '4520', 'DEBUGINFOD_URLS': 'https://debuginfod.ubuntu.com', 'IM_CONFIG_PHASE': '1', 'ROS_DISTRO': 'jazzy', 'LOGNAME': 'uos-robotics', 'JOURNAL_STREAM': '8:30590', '_': '/usr/bin/colcon', 'ROS_VERSION': '2', 'XDG_SESSION_CLASS': 'user', 'USERNAME': 'uos-robotics', 'TERM': 'xterm-256color', 'GNOME_DESKTOP_SESSION_ID': 'this-is-deprecated', 'WINDOWPATH': '2', 'PATH': '/usr/local/cuda-13.0/bin:/opt/ros/jazzy/bin:/usr/local/cuda-13.0/bin:/usr/local/sbin:/usr/local/bin:/usr/sbin:/usr/bin:/sbin:/bin:/usr/games:/usr/local/games:/snap/bin:/snap/bin', 'SESSION_MANAGER': 'local/uos-robotics:@/tmp/.ICE-unix/3685,unix/uos-robotics:/tmp/.ICE-unix/3685', 'INVOCATION_ID': 'c46f158d307846e98dc76d57702325c2', 'PAPERSIZE': 'a4', 'XDG_MENU_PREFIX': 'gnome-', 'LC_ADDRESS': 'ko_KR.UTF-8', 'XDG_RUNTIME_DIR': '/run/user/1000', 'DISPLAY': ':1', 'TERMINATOR_DBUS_PATH': '/net/tenshu/Terminator2', 'LANG': 'en_US.UTF-8', 'XDG_CURRENT_DESKTOP': 'ubuntu:GNOME', 'LC_TELEPHONE': 'ko_KR.UTF-8', 'XMODIFIERS': '@im=ibus', 'XDG_SESSION_DESKTOP': 'ubuntu', 'XAUTHORITY': '/run/user/1000/gdm/Xauthority', 'LS_COLORS': 'rs=0:di=01;34:ln=01;36:mh=00:pi=40;33:so=01;35:do=01;35:bd=40;33;01:cd=40;33;01:or=40;31;01:mi=00:su=37;41:sg=30;43:ca=00:tw=30;42:ow=34;42:st=37;44:ex=01;32:*.tar=01;31:*.tgz=01;31:*.arc=01;31:*.arj=01;31:*.taz=01;31:*.lha=01;31:*.lz4=01;31:*.lzh=01;31:*.lzma=01;31:*.tlz=01;31:*.txz=01;31:*.tzo=01;31:*.t7z=01;31:*.zip=01;31:*.z=01;31:*.dz=01;31:*.gz=01;31:*.lrz=01;31:*.lz=01;31:*.lzo=01;31:*.xz=01;31:*.zst=01;31:*.tzst=01;31:*.bz2=01;31:*.bz=01;31:*.tbz=01;31:*.tbz2=01;31:*.tz=01;31:*.deb=01;31:*.rpm=01;31:*.jar=01;31:*.war=01;31:*.ear=01;31:*.sar=01;31:*.rar=01;31:*.alz=01;31:*.ace=01;31:*.zoo=01;31:*.cpio=01;31:*.7z=01;31:*.rz=01;31:*.cab=01;31:*.wim=01;31:*.swm=01;31:*.dwm=01;31:*.esd=01;31:*.avif=01;35:*.jpg=01;35:*.jpeg=01;35:*.mjpg=01;35:*.mjpeg=01;35:*.gif=01;35:*.bmp=01;35:*.pbm=01;35:*.pgm=01;35:*.ppm=01;35:*.tga=01;35:*.xbm=01;35:*.xpm=01;35:*.tif=01;35:*.tiff=01;35:*.png=01;35:*.svg=01;35:*.svgz=01;35:*.mng=01;35:*.pcx=01;35:*.mov=01;35:*.mpg=01;35:*.mpeg=01;35:*.m2v=01;35:*.mkv=01;35:*.webm=01;35:*.webp=01;35:*.ogm=01;35:*.mp4=01;35:*.m4v=01;35:*.mp4v=01;35:*.vob=01;35:*.qt=01;35:*.nuv=01;35:*.wmv=01;35:*.asf=01;35:*.rm=01;35:*.rmvb=01;35:*.flc=01;35:*.avi=01;35:*.fli=01;35:*.flv=01;35:*.gl=01;35:*.dl=01;35:*.xcf=01;35:*.xwd=01;35:*.yuv=01;35:*.cgm=01;35:*.emf=01;35:*.ogv=01;35:*.ogx=01;35:*.aac=00;36:*.au=00;36:*.flac=00;36:*.m4a=00;36:*.mid=00;36:*.midi=00;36:*.mka=00;36:*.mp3=00;36:*.mpc=00;36:*.ogg=00;36:*.ra=00;36:*.wav=00;36:*.oga=00;36:*.opus=00;36:*.spx=00;36:*.xspf=00;36:*~=00;90:*#=00;90:*.bak=00;90:*.crdownload=00;90:*.dpkg-dist=00;90:*.dpkg-new=00;90:*.dpkg-old=00;90:*.dpkg-tmp=00;90:*.old=00;90:*.orig=00;90:*.part=00;90:*.rej=00;90:*.rpmnew=00;90:*.rpmorig=00;90:*.rpmsave=00;90:*.swp=00;90:*.tmp=00;90:*.ucf-dist=00;90:*.ucf-new=00;90:*.ucf-old=00;90:', 'SSH_AUTH_SOCK': '/run/user/1000/keyring/ssh', 'AMENT_PREFIX_PATH': '/opt/ros/jazzy', 'SHELL': '/bin/bash', 'LC_NAME': 'ko_KR.UTF-8', 'TERMINATOR_UUID': 'urn:uuid:9a49d437-4883-4a37-b6ee-ced657ed0a48', 'QT_ACCESSIBILITY': '1', 'GDMSESSION': 'ubuntu', 'LESSCLOSE': '/usr/bin/lesspipe %s %s', 'LC_MEASUREMENT': 'ko_KR.UTF-8', 'GPG_AGENT_INFO': '/run/user/1000/gnupg/S.gpg-agent:0:1', 'GJS_DEBUG_OUTPUT': 'stderr', 'LC_IDENTIFICATION': 'ko_KR.UTF-8', 'ROS_AUTOMATIC_DISCOVERY_RANGE': 'SUBNET', 'QT_IM_MODULE': 'ibus', 'PWD': '/home/uos-robotics/ws_livox/build/livox_interfaces', 'XDG_CONFIG_DIRS': '/etc/xdg/xdg-ubuntu:/etc/xdg', 'XDG_DATA_DIRS': '/usr/share/ubuntu:/usr/share/gnome:/usr/local/share/:/usr/share/:/var/lib/snapd/desktop', 'PYTHONPATH': '/opt/ros/jazzy/lib/python3.12/site-packages', 'LC_NUMERIC': 'ko_KR.UTF-8', 'LC_PAPER': 'ko_KR.UTF-8', 'COLCON': '1', 'VTE_VERSION': '7600', 'CMAKE_PREFIX_PATH': '/opt/ros/jazzy/opt/gz_math_vendor:/opt/ros/jazzy/opt/gz_utils_vendor:/opt/ros/jazzy/opt/gz_cmake_vendor:/opt/ros/jazzy'}), 'shell': False}
[4.013538] (-) TimerEvent: {}
[4.043272] (livox_interfaces) StdoutLine: {'line': b'[  2%] \x1b[34m\x1b[1mGenerating type hashes for ROS interfaces\x1b[0m\n'}
[4.044689] (livox_interfaces) StdoutLine: {'line': b'[  4%] \x1b[34m\x1b[1mGenerating Rust code for ROS interfaces\x1b[0m\n'}
[4.055801] (livox_interfaces) StdoutLine: {'line': b'[  4%] Built target ament_cmake_python_symlink_livox_interfaces\n'}
[4.113667] (-) TimerEvent: {}
[4.214040] (-) TimerEvent: {}
[4.260834] (livox_interfaces) StdoutLine: {'line': b'running egg_info\n'}
[4.262048] (livox_interfaces) StdoutLine: {'line': b'creating livox_interfaces.egg-info\n'}
[4.274717] (livox_interfaces) StdoutLine: {'line': b'writing livox_interfaces.egg-info/PKG-INFO\n'}
[4.275061] (livox_interfaces) StdoutLine: {'line': b'writing dependency_links to livox_interfaces.egg-info/dependency_links.txt\n'}
[4.275190] (livox_interfaces) StdoutLine: {'line': b'writing top-level names to livox_interfaces.egg-info/top_level.txt\n'}
[4.275267] (livox_interfaces) StdoutLine: {'line': b"writing manifest file 'livox_interfaces.egg-info/SOURCES.txt'\n"}
[4.314171] (-) TimerEvent: {}
[4.318330] (livox_interfaces) StdoutLine: {'line': b"reading manifest file 'livox_interfaces.egg-info/SOURCES.txt'\n"}
[4.318852] (livox_interfaces) StdoutLine: {'line': b"writing manifest file 'livox_interfaces.egg-info/SOURCES.txt'\n"}
[4.337441] (livox_interfaces) StdoutLine: {'line': b'[  4%] Built target livox_interfaces__rosidl_generator_type_description\n'}
[4.351299] (livox_interfaces) StdoutLine: {'line': b'[  6%] \x1b[34m\x1b[1mGenerating C code for ROS interfaces\x1b[0m\n'}
[4.364959] (livox_interfaces) StdoutLine: {'line': b'[  8%] \x1b[34m\x1b[1mGenerating C++ code for ROS interfaces\x1b[0m\n'}
[4.376943] (livox_interfaces) StdoutLine: {'line': b'[  8%] Built target ament_cmake_python_build_livox_interfaces_egg\n'}
[4.392483] (livox_interfaces) StdoutLine: {'line': b'[  8%] Built target livox_interfaces__rs\n'}
[4.414300] (-) TimerEvent: {}
[4.514661] (-) TimerEvent: {}
[4.615037] (-) TimerEvent: {}
[4.695176] (livox_interfaces) StdoutLine: {'line': b'[  8%] Built target livox_interfaces__cpp\n'}
[4.715176] (-) TimerEvent: {}
[4.764827] (livox_interfaces) StdoutLine: {'line': b'[ 15%] \x1b[32mBuilding C object CMakeFiles/livox_interfaces__rosidl_generator_c.dir/rosidl_generator_c/livox_interfaces/msg/detail/custom_point__type_support.c.o\x1b[0m\n'}
[4.765498] (livox_interfaces) StdoutLine: {'line': b'[ 15%] \x1b[32mBuilding C object CMakeFiles/livox_interfaces__rosidl_generator_c.dir/rosidl_generator_c/livox_interfaces/msg/detail/custom_msg__description.c.o\x1b[0m\n'}
[4.766022] (livox_interfaces) StdoutLine: {'line': b'[ 15%] \x1b[32mBuilding C object CMakeFiles/livox_interfaces__rosidl_generator_c.dir/rosidl_generator_c/livox_interfaces/msg/detail/custom_point__description.c.o\x1b[0m\n'}
[4.766266] (livox_interfaces) StdoutLine: {'line': b'[ 17%] \x1b[32mBuilding C object CMakeFiles/livox_interfaces__rosidl_generator_c.dir/rosidl_generator_c/livox_interfaces/msg/detail/custom_point__functions.c.o\x1b[0m\n'}
[4.769495] (livox_interfaces) StdoutLine: {'line': b'[ 20%] \x1b[32mBuilding C object CMakeFiles/livox_interfaces__rosidl_generator_c.dir/rosidl_generator_c/livox_interfaces/msg/detail/custom_msg__functions.c.o\x1b[0m\n'}
[4.773772] (livox_interfaces) StdoutLine: {'line': b'[ 22%] \x1b[32mBuilding C object CMakeFiles/livox_interfaces__rosidl_generator_c.dir/rosidl_generator_c/livox_interfaces/msg/detail/custom_msg__type_support.c.o\x1b[0m\n'}
[4.815311] (-) TimerEvent: {}
[4.832195] (livox_interfaces) StdoutLine: {'line': b'[ 24%] \x1b[32m\x1b[1mLinking C shared library liblivox_interfaces__rosidl_generator_c.so\x1b[0m\n'}
[4.878157] (livox_interfaces) StdoutLine: {'line': b'[ 24%] Built target livox_interfaces__rosidl_generator_c\n'}
[4.889348] (livox_interfaces) StdoutLine: {'line': b'[ 28%] \x1b[34m\x1b[1mGenerating C type support dispatch for ROS interfaces\x1b[0m\n'}
[4.889671] (livox_interfaces) StdoutLine: {'line': b'[ 31%] \x1b[34m\x1b[1mGenerating C type support for eProsima Fast-RTPS\x1b[0m\n'}
[4.889746] (livox_interfaces) StdoutLine: {'line': b'[ 31%] \x1b[34m\x1b[1mGenerating C++ type support dispatch for ROS interfaces\x1b[0m\n'}
[4.889797] (livox_interfaces) StdoutLine: {'line': b'[ 33%] \x1b[34m\x1b[1mGenerating C introspection for ROS interfaces\x1b[0m\n'}
[4.889842] (livox_interfaces) StdoutLine: {'line': b'[ 35%] \x1b[34m\x1b[1mGenerating C++ introspection for ROS interfaces\x1b[0m\n'}
[4.889886] (livox_interfaces) StdoutLine: {'line': b'[ 37%] \x1b[34m\x1b[1mGenerating C++ type support for eProsima Fast-RTPS\x1b[0m\n'}
[4.916862] (-) TimerEvent: {}
[5.017191] (-) TimerEvent: {}
[5.117534] (-) TimerEvent: {}
[5.193473] (livox_interfaces) StdoutLine: {'line': b'[ 40%] \x1b[32mBuilding CXX object CMakeFiles/livox_interfaces__rosidl_typesupport_cpp.dir/rosidl_typesupport_cpp/livox_interfaces/msg/custom_point__type_support.cpp.o\x1b[0m\n'}
[5.193902] (livox_interfaces) StdoutLine: {'line': b'[ 42%] \x1b[32mBuilding CXX object CMakeFiles/livox_interfaces__rosidl_typesupport_cpp.dir/rosidl_typesupport_cpp/livox_interfaces/msg/custom_msg__type_support.cpp.o\x1b[0m\n'}
[5.207892] (livox_interfaces) StdoutLine: {'line': b'[ 44%] \x1b[32mBuilding CXX object CMakeFiles/livox_interfaces__rosidl_typesupport_introspection_cpp.dir/rosidl_typesupport_introspection_cpp/livox_interfaces/msg/detail/custom_point__type_support.cpp.o\x1b[0m\n'}
[5.212415] (livox_interfaces) StdoutLine: {'line': b'[ 46%] \x1b[32mBuilding CXX object CMakeFiles/livox_interfaces__rosidl_typesupport_introspection_cpp.dir/rosidl_typesupport_introspection_cpp/livox_interfaces/msg/detail/custom_msg__type_support.cpp.o\x1b[0m\n'}
[5.220574] (-) TimerEvent: {}
[5.222953] (livox_interfaces) StdoutLine: {'line': b'[ 48%] \x1b[32mBuilding CXX object CMakeFiles/livox_interfaces__rosidl_typesupport_c.dir/rosidl_typesupport_c/livox_interfaces/msg/custom_point__type_support.cpp.o\x1b[0m\n'}
[5.224734] (livox_interfaces) StdoutLine: {'line': b'[ 51%] \x1b[32mBuilding CXX object CMakeFiles/livox_interfaces__rosidl_typesupport_c.dir/rosidl_typesupport_c/livox_interfaces/msg/custom_msg__type_support.cpp.o\x1b[0m\n'}
[5.236677] (livox_interfaces) StdoutLine: {'line': b'[ 55%] \x1b[32mBuilding CXX object CMakeFiles/livox_interfaces__rosidl_typesupport_fastrtps_c.dir/rosidl_typesupport_fastrtps_c/livox_interfaces/msg/detail/custom_point__type_support_c.cpp.o\x1b[0m\n'}
[5.240214] (livox_interfaces) StdoutLine: {'line': b'[ 55%] \x1b[32mBuilding CXX object CMakeFiles/livox_interfaces__rosidl_typesupport_fastrtps_c.dir/rosidl_typesupport_fastrtps_c/livox_interfaces/msg/detail/custom_msg__type_support_c.cpp.o\x1b[0m\n'}
[5.241749] (livox_interfaces) StdoutLine: {'line': b'[ 57%] \x1b[32mBuilding CXX object CMakeFiles/livox_interfaces__rosidl_typesupport_fastrtps_cpp.dir/rosidl_typesupport_fastrtps_cpp/livox_interfaces/msg/detail/dds_fastrtps/custom_msg__type_support.cpp.o\x1b[0m\n'}
[5.244901] (livox_interfaces) StdoutLine: {'line': b'[ 60%] \x1b[32mBuilding CXX object CMakeFiles/livox_interfaces__rosidl_typesupport_fastrtps_cpp.dir/rosidl_typesupport_fastrtps_cpp/livox_interfaces/msg/detail/dds_fastrtps/custom_point__type_support.cpp.o\x1b[0m\n'}
[5.249536] (livox_interfaces) StdoutLine: {'line': b'[ 62%] \x1b[32mBuilding C object CMakeFiles/livox_interfaces__rosidl_typesupport_introspection_c.dir/rosidl_typesupport_introspection_c/livox_interfaces/msg/detail/custom_point__type_support.c.o\x1b[0m\n'}
[5.255378] (livox_interfaces) StdoutLine: {'line': b'[ 64%] \x1b[32mBuilding C object CMakeFiles/livox_interfaces__rosidl_typesupport_introspection_c.dir/rosidl_typesupport_introspection_c/livox_interfaces/msg/detail/custom_msg__type_support.c.o\x1b[0m\n'}
[5.271603] (livox_interfaces) StdoutLine: {'line': b'[ 66%] \x1b[32m\x1b[1mLinking CXX shared library liblivox_interfaces__rosidl_typesupport_c.so\x1b[0m\n'}
[5.320817] (-) TimerEvent: {}
[5.325555] (livox_interfaces) StdoutLine: {'line': b'[ 68%] \x1b[32m\x1b[1mLinking C shared library liblivox_interfaces__rosidl_typesupport_introspection_c.so\x1b[0m\n'}
[5.374938] (livox_interfaces) StdoutLine: {'line': b'[ 68%] Built target livox_interfaces__rosidl_typesupport_c\n'}
[5.377386] (livox_interfaces) StdoutLine: {'line': b'[ 68%] Built target livox_interfaces__rosidl_typesupport_introspection_c\n'}
[5.420954] (-) TimerEvent: {}
[5.459611] (livox_interfaces) StdoutLine: {'line': b'[ 71%] \x1b[32m\x1b[1mLinking CXX shared library liblivox_interfaces__rosidl_typesupport_cpp.so\x1b[0m\n'}
[5.499829] (livox_interfaces) StdoutLine: {'line': b'[ 71%] Built target livox_interfaces__rosidl_typesupport_cpp\n'}
[5.515945] (livox_interfaces) StdoutLine: {'line': b'[ 73%] \x1b[32m\x1b[1mLinking CXX shared library liblivox_interfaces__rosidl_typesupport_introspection_cpp.so\x1b[0m\n'}
[5.521012] (-) TimerEvent: {}
[5.589678] (livox_interfaces) StdoutLine: {'line': b'[ 73%] Built target livox_interfaces__rosidl_typesupport_introspection_cpp\n'}
[5.621089] (-) TimerEvent: {}
[5.639564] (livox_interfaces) StdoutLine: {'line': b'[ 75%] \x1b[32m\x1b[1mLinking CXX shared library liblivox_interfaces__rosidl_typesupport_fastrtps_c.so\x1b[0m\n'}
[5.694350] (livox_interfaces) StdoutLine: {'line': b'[ 75%] Built target livox_interfaces__rosidl_typesupport_fastrtps_c\n'}
[5.721168] (-) TimerEvent: {}
[5.730504] (livox_interfaces) StdoutLine: {'line': b'[ 77%] \x1b[32m\x1b[1mLinking CXX shared library liblivox_interfaces__rosidl_typesupport_fastrtps_cpp.so\x1b[0m\n'}
[5.809059] (livox_interfaces) StdoutLine: {'line': b'[ 77%] Built target livox_interfaces__rosidl_typesupport_fastrtps_cpp\n'}
[5.821237] (-) TimerEvent: {}
[5.836939] (livox_interfaces) StdoutLine: {'line': b'[ 77%] Built target livox_interfaces\n'}
[5.863240] (livox_interfaces) StdoutLine: {'line': b'[ 80%] \x1b[34m\x1b[1mGenerating Python code for ROS interfaces\x1b[0m\n'}
[5.870231] (livox_sdk_vendor) StdoutLine: {'line': b'[ 54%] \x1b[32m\x1b[1mLinking CXX static library liblivox_sdk_static.a\x1b[0m\n'}
[5.921306] (-) TimerEvent: {}
[6.021474] (-) TimerEvent: {}
[6.034391] (livox_sdk_vendor) StdoutLine: {'line': b'[ 54%] Built target livox_sdk_static\n'}
[6.055860] (livox_sdk_vendor) StdoutLine: {'line': b'[ 60%] \x1b[32mBuilding CXX object sample/hub_lvx_file/CMakeFiles/hub_lvx_sample.dir/main.cpp.o\x1b[0m\n'}
[6.056285] (livox_sdk_vendor) StdoutLine: {'line': b'[ 60%] \x1b[32mBuilding CXX object sample_cc/lidar/CMakeFiles/lidar_sample_cc.dir/main.cpp.o\x1b[0m\n'}
[6.056405] (livox_sdk_vendor) StdoutLine: {'line': b'[ 62%] \x1b[32mBuilding C object sample/hub/CMakeFiles/hub_sample.dir/main.c.o\x1b[0m\n'}
[6.056483] (livox_sdk_vendor) StdoutLine: {'line': b'[ 62%] \x1b[32mBuilding CXX object sample/lidar_lvx_file/CMakeFiles/lidar_lvx_sample.dir/lvx_file.cpp.o\x1b[0m\n'}
[6.056553] (livox_sdk_vendor) StdoutLine: {'line': b'[ 64%] \x1b[32mBuilding CXX object sample_cc/hub/CMakeFiles/hub_sample_cc.dir/lds_hub.cpp.o\x1b[0m\n'}
[6.056619] (livox_sdk_vendor) StdoutLine: {'line': b'[ 66%] \x1b[32mBuilding CXX object sample/lidar_lvx_file/CMakeFiles/lidar_lvx_sample.dir/main.cpp.o\x1b[0m\n'}
[6.056685] (livox_sdk_vendor) StdoutLine: {'line': b'[ 68%] \x1b[32mBuilding CXX object sample_cc/lidar/CMakeFiles/lidar_sample_cc.dir/lds_lidar.cpp.o\x1b[0m\n'}
[6.056750] (livox_sdk_vendor) StdoutLine: {'line': b'[ 70%] \x1b[32mBuilding CXX object sample_cc/hub/CMakeFiles/hub_sample_cc.dir/main.cpp.o\x1b[0m\n'}
[6.057469] (livox_sdk_vendor) StdoutLine: {'line': b'[ 72%] \x1b[32mBuilding CXX object sample/hub_lvx_file/CMakeFiles/hub_lvx_sample.dir/lvx_file.cpp.o\x1b[0m\n'}
[6.057616] (livox_sdk_vendor) StdoutLine: {'line': b'[ 75%] \x1b[32mBuilding CXX object sample_cc/lidar_utc_sync/CMakeFiles/lidar_utc_sync.dir/main.cpp.o\x1b[0m\n'}
[6.057676] (livox_sdk_vendor) StdoutLine: {'line': b'[ 77%] \x1b[32mBuilding C object sample/lidar/CMakeFiles/lidar_sample.dir/main.c.o\x1b[0m\n'}
[6.057723] (livox_sdk_vendor) StdoutLine: {'line': b'[ 79%] \x1b[32mBuilding CXX object sample_cc/trouble_shooting/CMakeFiles/trouble_shooting.dir/main.cpp.o\x1b[0m\n'}
[6.062243] (livox_sdk_vendor) StdoutLine: {'line': b'[ 81%] \x1b[32mBuilding CXX object sample_cc/lidar_utc_sync/CMakeFiles/lidar_utc_sync.dir/lds_lidar.cpp.o\x1b[0m\n'}
[6.062543] (livox_sdk_vendor) StdoutLine: {'line': b'[ 83%] \x1b[32mBuilding CXX object sample_cc/lidar_utc_sync/CMakeFiles/lidar_utc_sync.dir/synchro.cpp.o\x1b[0m\n'}
[6.119080] (livox_sdk_vendor) StdoutLine: {'line': b'[ 85%] \x1b[32m\x1b[1mLinking CXX executable hub_sample\x1b[0m\n'}
[6.121590] (-) TimerEvent: {}
[6.130397] (livox_sdk_vendor) StdoutLine: {'line': b'[ 87%] \x1b[32m\x1b[1mLinking CXX executable lidar_sample\x1b[0m\n'}
[6.221758] (-) TimerEvent: {}
[6.285015] (livox_sdk_vendor) StdoutLine: {'line': b'[ 89%] \x1b[32m\x1b[1mLinking CXX executable trouble_shooting\x1b[0m\n'}
[6.321912] (-) TimerEvent: {}
[6.370112] (livox_interfaces) StdoutLine: {'line': b'[ 80%] Built target livox_interfaces__py\n'}
[6.392871] (livox_interfaces) StdoutLine: {'line': b'[ 84%] \x1b[32mBuilding C object CMakeFiles/livox_interfaces__rosidl_generator_py.dir/rosidl_generator_py/livox_interfaces/msg/_custom_msg_s.c.o\x1b[0m\n'}
[6.394472] (livox_interfaces) StdoutLine: {'line': b'[ 84%] \x1b[32mBuilding C object CMakeFiles/livox_interfaces__rosidl_generator_py.dir/rosidl_generator_py/livox_interfaces/msg/_custom_point_s.c.o\x1b[0m\n'}
[6.408280] (livox_sdk_vendor) StdoutLine: {'line': b'[ 89%] Built target lidar_sample\n'}
[6.419272] (livox_sdk_vendor) StdoutLine: {'line': b'[ 89%] Built target hub_sample\n'}
[6.421966] (-) TimerEvent: {}
[6.510115] (livox_interfaces) StdoutLine: {'line': b'[ 86%] \x1b[32m\x1b[1mLinking C shared library liblivox_interfaces__rosidl_generator_py.so\x1b[0m\n'}
[6.512008] (livox_sdk_vendor) StdoutLine: {'line': b'[ 89%] Built target trouble_shooting\n'}
[6.522049] (-) TimerEvent: {}
[6.561666] (livox_interfaces) StdoutLine: {'line': b'[ 86%] Built target livox_interfaces__rosidl_generator_py\n'}
[6.580193] (livox_interfaces) StdoutLine: {'line': b'[ 88%] \x1b[32mBuilding C object CMakeFiles/livox_interfaces_s__rosidl_typesupport_fastrtps_c.dir/rosidl_generator_py/livox_interfaces/_livox_interfaces_s.ep.rosidl_typesupport_fastrtps_c.c.o\x1b[0m\n'}
[6.581312] (livox_interfaces) StdoutLine: {'line': b'[ 91%] \x1b[32mBuilding C object CMakeFiles/livox_interfaces_s__rosidl_typesupport_introspection_c.dir/rosidl_generator_py/livox_interfaces/_livox_interfaces_s.ep.rosidl_typesupport_introspection_c.c.o\x1b[0m\n'}
[6.585925] (livox_interfaces) StdoutLine: {'line': b'[ 93%] \x1b[32mBuilding C object CMakeFiles/livox_interfaces_s__rosidl_typesupport_c.dir/rosidl_generator_py/livox_interfaces/_livox_interfaces_s.ep.rosidl_typesupport_c.c.o\x1b[0m\n'}
[6.622142] (-) TimerEvent: {}
[6.636795] (livox_sdk_vendor) StdoutLine: {'line': b'[ 91%] \x1b[32m\x1b[1mLinking CXX executable lidar_utc_sync\x1b[0m\n'}
[6.644869] (livox_sdk_vendor) StdoutLine: {'line': b'[ 93%] \x1b[32m\x1b[1mLinking CXX executable lidar_sample_cc\x1b[0m\n'}
[6.667833] (livox_interfaces) StdoutLine: {'line': b'[ 95%] \x1b[32m\x1b[1mLinking C shared module rosidl_generator_py/livox_interfaces/livox_interfaces_s__rosidl_typesupport_introspection_c.so\x1b[0m\n'}
[6.669586] (livox_sdk_vendor) StdoutLine: {'line': b'[ 95%] \x1b[32m\x1b[1mLinking CXX executable hub_sample_cc\x1b[0m\n'}
[6.680949] (livox_interfaces) StdoutLine: {'line': b'[ 97%] \x1b[32m\x1b[1mLinking C shared module rosidl_generator_py/livox_interfaces/livox_interfaces_s__rosidl_typesupport_c.so\x1b[0m\n'}
[6.681238] (livox_interfaces) StdoutLine: {'line': b'[100%] \x1b[32m\x1b[1mLinking C shared module rosidl_generator_py/livox_interfaces/livox_interfaces_s__rosidl_typesupport_fastrtps_c.so\x1b[0m\n'}
[6.702160] (livox_interfaces) StdoutLine: {'line': b'[100%] Built target livox_interfaces_s__rosidl_typesupport_introspection_c\n'}
[6.716868] (livox_interfaces) StdoutLine: {'line': b'[100%] Built target livox_interfaces_s__rosidl_typesupport_fastrtps_c\n'}
[6.717393] (livox_interfaces) StdoutLine: {'line': b'[100%] Built target livox_interfaces_s__rosidl_typesupport_c\n'}
[6.722249] (-) TimerEvent: {}
[6.737680] (livox_interfaces) CommandEnded: {'returncode': 0}
[6.738468] (livox_interfaces) JobProgress: {'identifier': 'livox_interfaces', 'progress': 'install'}
[6.748349] (livox_interfaces) Command: {'cmd': ['/usr/bin/cmake', '--install', '/home/uos-robotics/ws_livox/build/livox_interfaces'], 'cwd': '/home/uos-robotics/ws_livox/build/livox_interfaces', 'env': OrderedDict({'GJS_DEBUG_TOPICS': 'JS ERROR;JS LOG', 'XDG_ACTIVATION_TOKEN': 'gnome-shell/터미네이터/3716-0-uos-robotics_TIME57382', 'LESSOPEN': '| /usr/bin/lesspipe %s', 'LANGUAGE': 'ko:en', 'USER': 'uos-robotics', 'LC_TIME': 'ko_KR.UTF-8', 'XDG_SESSION_TYPE': 'x11', 'ROS_APT_SOURCE_VERSION': '1.2.0', 'CLUTTER_DISABLE_MIPMAPPED_TEXT': '1', 'SHLVL': '1', 'LD_LIBRARY_PATH': '/usr/local/cuda-13.0/lib64:/opt/ros/jazzy/opt/rviz_ogre_vendor/lib:/opt/ros/jazzy/lib/aarch64-linux-gnu:/opt/ros/jazzy/opt/gz_math_vendor/lib:/opt/ros/jazzy/opt/gz_utils_vendor/lib:/opt/ros/jazzy/opt/gz_cmake_vendor/lib:/opt/ros/jazzy/lib:/usr/local/cuda-13.0/lib64:', 'HOME': '/home/uos-robotics', 'OLDPWD': '/home/uos-robotics/ws_livox', 'DESKTOP_SESSION': 'ubuntu', 'GIO_LAUNCHED_DESKTOP_FILE': '/usr/share/applications/terminator.desktop', 'ROS_PYTHON_VERSION': '3', 'GNOME_SHELL_SESSION_MODE': 'ubuntu', 'GTK_MODULES': 'gail:atk-bridge', 'LC_MONETARY': 'ko_KR.UTF-8', 'MANAGERPID': '3428', 'SYSTEMD_EXEC_PID': '3716', 'GSM_SKIP_SSH_AGENT_WORKAROUND': 'true', 'DBUS_SESSION_BUS_ADDRESS': 'unix:path=/run/user/1000/bus', 'COLORTERM': 'truecolor', 'TERMINATOR_DBUS_NAME': 'net.tenshu.Terminator23558193cd9818af7fe4d2c2f5bd9d00f', 'GIO_LAUNCHED_DESKTOP_FILE_PID': '4520', 'DEBUGINFOD_URLS': 'https://debuginfod.ubuntu.com', 'IM_CONFIG_PHASE': '1', 'ROS_DISTRO': 'jazzy', 'LOGNAME': 'uos-robotics', 'JOURNAL_STREAM': '8:30590', '_': '/usr/bin/colcon', 'ROS_VERSION': '2', 'XDG_SESSION_CLASS': 'user', 'USERNAME': 'uos-robotics', 'TERM': 'xterm-256color', 'GNOME_DESKTOP_SESSION_ID': 'this-is-deprecated', 'WINDOWPATH': '2', 'PATH': '/usr/local/cuda-13.0/bin:/opt/ros/jazzy/bin:/usr/local/cuda-13.0/bin:/usr/local/sbin:/usr/local/bin:/usr/sbin:/usr/bin:/sbin:/bin:/usr/games:/usr/local/games:/snap/bin:/snap/bin', 'SESSION_MANAGER': 'local/uos-robotics:@/tmp/.ICE-unix/3685,unix/uos-robotics:/tmp/.ICE-unix/3685', 'INVOCATION_ID': 'c46f158d307846e98dc76d57702325c2', 'PAPERSIZE': 'a4', 'XDG_MENU_PREFIX': 'gnome-', 'LC_ADDRESS': 'ko_KR.UTF-8', 'XDG_RUNTIME_DIR': '/run/user/1000', 'DISPLAY': ':1', 'TERMINATOR_DBUS_PATH': '/net/tenshu/Terminator2', 'LANG': 'en_US.UTF-8', 'XDG_CURRENT_DESKTOP': 'ubuntu:GNOME', 'LC_TELEPHONE': 'ko_KR.UTF-8', 'XMODIFIERS': '@im=ibus', 'XDG_SESSION_DESKTOP': 'ubuntu', 'XAUTHORITY': '/run/user/1000/gdm/Xauthority', 'LS_COLORS': 'rs=0:di=01;34:ln=01;36:mh=00:pi=40;33:so=01;35:do=01;35:bd=40;33;01:cd=40;33;01:or=40;31;01:mi=00:su=37;41:sg=30;43:ca=00:tw=30;42:ow=34;42:st=37;44:ex=01;32:*.tar=01;31:*.tgz=01;31:*.arc=01;31:*.arj=01;31:*.taz=01;31:*.lha=01;31:*.lz4=01;31:*.lzh=01;31:*.lzma=01;31:*.tlz=01;31:*.txz=01;31:*.tzo=01;31:*.t7z=01;31:*.zip=01;31:*.z=01;31:*.dz=01;31:*.gz=01;31:*.lrz=01;31:*.lz=01;31:*.lzo=01;31:*.xz=01;31:*.zst=01;31:*.tzst=01;31:*.bz2=01;31:*.bz=01;31:*.tbz=01;31:*.tbz2=01;31:*.tz=01;31:*.deb=01;31:*.rpm=01;31:*.jar=01;31:*.war=01;31:*.ear=01;31:*.sar=01;31:*.rar=01;31:*.alz=01;31:*.ace=01;31:*.zoo=01;31:*.cpio=01;31:*.7z=01;31:*.rz=01;31:*.cab=01;31:*.wim=01;31:*.swm=01;31:*.dwm=01;31:*.esd=01;31:*.avif=01;35:*.jpg=01;35:*.jpeg=01;35:*.mjpg=01;35:*.mjpeg=01;35:*.gif=01;35:*.bmp=01;35:*.pbm=01;35:*.pgm=01;35:*.ppm=01;35:*.tga=01;35:*.xbm=01;35:*.xpm=01;35:*.tif=01;35:*.tiff=01;35:*.png=01;35:*.svg=01;35:*.svgz=01;35:*.mng=01;35:*.pcx=01;35:*.mov=01;35:*.mpg=01;35:*.mpeg=01;35:*.m2v=01;35:*.mkv=01;35:*.webm=01;35:*.webp=01;35:*.ogm=01;35:*.mp4=01;35:*.m4v=01;35:*.mp4v=01;35:*.vob=01;35:*.qt=01;35:*.nuv=01;35:*.wmv=01;35:*.asf=01;35:*.rm=01;35:*.rmvb=01;35:*.flc=01;35:*.avi=01;35:*.fli=01;35:*.flv=01;35:*.gl=01;35:*.dl=01;35:*.xcf=01;35:*.xwd=01;35:*.yuv=01;35:*.cgm=01;35:*.emf=01;35:*.ogv=01;35:*.ogx=01;35:*.aac=00;36:*.au=00;36:*.flac=00;36:*.m4a=00;36:*.mid=00;36:*.midi=00;36:*.mka=00;36:*.mp3=00;36:*.mpc=00;36:*.ogg=00;36:*.ra=00;36:*.wav=00;36:*.oga=00;36:*.opus=00;36:*.spx=00;36:*.xspf=00;36:*~=00;90:*#=00;90:*.bak=00;90:*.crdownload=00;90:*.dpkg-dist=00;90:*.dpkg-new=00;90:*.dpkg-old=00;90:*.dpkg-tmp=00;90:*.old=00;90:*.orig=00;90:*.part=00;90:*.rej=00;90:*.rpmnew=00;90:*.rpmorig=00;90:*.rpmsave=00;90:*.swp=00;90:*.tmp=00;90:*.ucf-dist=00;90:*.ucf-new=00;90:*.ucf-old=00;90:', 'SSH_AUTH_SOCK': '/run/user/1000/keyring/ssh', 'AMENT_PREFIX_PATH': '/opt/ros/jazzy', 'SHELL': '/bin/bash', 'LC_NAME': 'ko_KR.UTF-8', 'TERMINATOR_UUID': 'urn:uuid:9a49d437-4883-4a37-b6ee-ced657ed0a48', 'QT_ACCESSIBILITY': '1', 'GDMSESSION': 'ubuntu', 'LESSCLOSE': '/usr/bin/lesspipe %s %s', 'LC_MEASUREMENT': 'ko_KR.UTF-8', 'GPG_AGENT_INFO': '/run/user/1000/gnupg/S.gpg-agent:0:1', 'GJS_DEBUG_OUTPUT': 'stderr', 'LC_IDENTIFICATION': 'ko_KR.UTF-8', 'ROS_AUTOMATIC_DISCOVERY_RANGE': 'SUBNET', 'QT_IM_MODULE': 'ibus', 'PWD': '/home/uos-robotics/ws_livox/build/livox_interfaces', 'XDG_CONFIG_DIRS': '/etc/xdg/xdg-ubuntu:/etc/xdg', 'XDG_DATA_DIRS': '/usr/share/ubuntu:/usr/share/gnome:/usr/local/share/:/usr/share/:/var/lib/snapd/desktop', 'PYTHONPATH': '/opt/ros/jazzy/lib/python3.12/site-packages', 'LC_NUMERIC': 'ko_KR.UTF-8', 'LC_PAPER': 'ko_KR.UTF-8', 'COLCON': '1', 'VTE_VERSION': '7600', 'CMAKE_PREFIX_PATH': '/opt/ros/jazzy/opt/gz_math_vendor:/opt/ros/jazzy/opt/gz_utils_vendor:/opt/ros/jazzy/opt/gz_cmake_vendor:/opt/ros/jazzy'}), 'shell': False}
[6.759836] (livox_interfaces) StdoutLine: {'line': b'-- Install configuration: ""\n'}
[6.760421] (livox_interfaces) StdoutLine: {'line': b'-- Execute custom install script\n'}
[6.760754] (livox_interfaces) StdoutLine: {'line': b'-- Symlinking: /home/uos-robotics/ws_livox/install/livox_interfaces/share/ament_index/resource_index/rosidl_interfaces/livox_interfaces\n'}
[6.772249] (livox_interfaces) StdoutLine: {'line': b'-- Symlinking: /home/uos-robotics/ws_livox/install/livox_interfaces/share/livox_interfaces/msg/CustomPoint.json\n'}
[6.784087] (livox_interfaces) StdoutLine: {'line': b'-- Symlinking: /home/uos-robotics/ws_livox/install/livox_interfaces/share/livox_interfaces/msg/CustomMsg.json\n'}
[6.795068] (livox_interfaces) StdoutLine: {'line': b'-- Symlinking: /home/uos-robotics/ws_livox/install/livox_interfaces/include/livox_interfaces/livox_interfaces/msg/custom_msg.h\n'}
[6.797502] (livox_sdk_vendor) StdoutLine: {'line': b'[ 97%] \x1b[32m\x1b[1mLinking CXX executable lidar_lvx_sample\x1b[0m\n'}
[6.806663] (livox_interfaces) StdoutLine: {'line': b'-- Symlinking: /home/uos-robotics/ws_livox/install/livox_interfaces/include/livox_interfaces/livox_interfaces/msg/custom_point.h\n'}
[6.817862] (livox_interfaces) StdoutLine: {'line': b'-- Symlinking: /home/uos-robotics/ws_livox/install/livox_interfaces/include/livox_interfaces/livox_interfaces/msg/detail/custom_msg__functions.h\n'}
[6.822305] (-) TimerEvent: {}
[6.826476] (livox_sdk_vendor) StdoutLine: {'line': b'[100%] \x1b[32m\x1b[1mLinking CXX executable hub_lvx_sample\x1b[0m\n'}
[6.831880] (livox_interfaces) StdoutLine: {'line': b'-- Symlinking: /home/uos-robotics/ws_livox/install/livox_interfaces/include/livox_interfaces/livox_interfaces/msg/detail/custom_msg__struct.h\n'}
[6.844474] (livox_interfaces) StdoutLine: {'line': b'-- Symlinking: /home/uos-robotics/ws_livox/install/livox_interfaces/include/livox_interfaces/livox_interfaces/msg/detail/custom_msg__type_support.h\n'}
[6.855563] (livox_interfaces) StdoutLine: {'line': b'-- Symlinking: /home/uos-robotics/ws_livox/install/livox_interfaces/include/livox_interfaces/livox_interfaces/msg/detail/custom_point__functions.h\n'}
[6.866663] (livox_interfaces) StdoutLine: {'line': b'-- Symlinking: /home/uos-robotics/ws_livox/install/livox_interfaces/include/livox_interfaces/livox_interfaces/msg/detail/custom_point__struct.h\n'}
[6.870463] (livox_sdk_vendor) StdoutLine: {'line': b'[100%] Built target lidar_sample_cc\n'}
[6.875193] (livox_sdk_vendor) StdoutLine: {'line': b'[100%] Built target lidar_utc_sync\n'}
[6.876919] (livox_interfaces) StdoutLine: {'line': b'-- Symlinking: /home/uos-robotics/ws_livox/install/livox_interfaces/include/livox_interfaces/livox_interfaces/msg/detail/custom_point__type_support.h\n'}
[6.888251] (livox_interfaces) StdoutLine: {'line': b'-- Symlinking: /home/uos-robotics/ws_livox/install/livox_interfaces/include/livox_interfaces/livox_interfaces/msg/rosidl_generator_c__visibility_control.h\n'}
[6.898744] (livox_sdk_vendor) StdoutLine: {'line': b'[100%] Built target hub_sample_cc\n'}
[6.900536] (livox_interfaces) StdoutLine: {'line': b'-- Symlinking: /home/uos-robotics/ws_livox/install/livox_interfaces/share/livox_interfaces/environment/library_path.sh\n'}
[6.912525] (livox_interfaces) StdoutLine: {'line': b'-- Symlinking: /home/uos-robotics/ws_livox/install/livox_interfaces/share/livox_interfaces/environment/library_path.dsv\n'}
[6.922383] (-) TimerEvent: {}
[6.926458] (livox_interfaces) StdoutLine: {'line': b'-- Symlinking: /home/uos-robotics/ws_livox/install/livox_interfaces/include/livox_interfaces/livox_interfaces/msg/detail/custom_msg__rosidl_typesupport_fastrtps_c.h\n'}
[6.940009] (livox_interfaces) StdoutLine: {'line': b'-- Symlinking: /home/uos-robotics/ws_livox/install/livox_interfaces/include/livox_interfaces/livox_interfaces/msg/detail/custom_point__rosidl_typesupport_fastrtps_c.h\n'}
[6.951007] (livox_interfaces) StdoutLine: {'line': b'-- Symlinking: /home/uos-robotics/ws_livox/install/livox_interfaces/include/livox_interfaces/livox_interfaces/msg/rosidl_typesupport_fastrtps_c__visibility_control.h\n'}
[6.971245] (livox_interfaces) StdoutLine: {'line': b'-- Symlinking: /home/uos-robotics/ws_livox/install/livox_interfaces/include/livox_interfaces/livox_interfaces/msg/custom_msg.hpp\n'}
[6.983930] (livox_interfaces) StdoutLine: {'line': b'-- Symlinking: /home/uos-robotics/ws_livox/install/livox_interfaces/include/livox_interfaces/livox_interfaces/msg/custom_point.hpp\n'}
[6.995856] (livox_interfaces) StdoutLine: {'line': b'-- Symlinking: /home/uos-robotics/ws_livox/install/livox_interfaces/include/livox_interfaces/livox_interfaces/msg/detail/custom_msg__builder.hpp\n'}
[7.006715] (livox_interfaces) StdoutLine: {'line': b'-- Symlinking: /home/uos-robotics/ws_livox/install/livox_interfaces/include/livox_interfaces/livox_interfaces/msg/detail/custom_msg__struct.hpp\n'}
[7.017534] (livox_interfaces) StdoutLine: {'line': b'-- Symlinking: /home/uos-robotics/ws_livox/install/livox_interfaces/include/livox_interfaces/livox_interfaces/msg/detail/custom_msg__traits.hpp\n'}
[7.022462] (-) TimerEvent: {}
[7.025855] (livox_sdk_vendor) StdoutLine: {'line': b'[100%] Built target lidar_lvx_sample\n'}
[7.027463] (livox_interfaces) StdoutLine: {'line': b'-- Symlinking: /home/uos-robotics/ws_livox/install/livox_interfaces/include/livox_interfaces/livox_interfaces/msg/detail/custom_msg__type_support.hpp\n'}
[7.035765] (livox_interfaces) StdoutLine: {'line': b'-- Symlinking: /home/uos-robotics/ws_livox/install/livox_interfaces/include/livox_interfaces/livox_interfaces/msg/detail/custom_point__builder.hpp\n'}
[7.046543] (livox_interfaces) StdoutLine: {'line': b'-- Symlinking: /home/uos-robotics/ws_livox/install/livox_interfaces/include/livox_interfaces/livox_interfaces/msg/detail/custom_point__struct.hpp\n'}
[7.056481] (livox_interfaces) StdoutLine: {'line': b'-- Symlinking: /home/uos-robotics/ws_livox/install/livox_interfaces/include/livox_interfaces/livox_interfaces/msg/detail/custom_point__traits.hpp\n'}
[7.058858] (livox_sdk_vendor) StdoutLine: {'line': b'[100%] Built target hub_lvx_sample\n'}
[7.066241] (livox_interfaces) StdoutLine: {'line': b'-- Symlinking: /home/uos-robotics/ws_livox/install/livox_interfaces/include/livox_interfaces/livox_interfaces/msg/detail/custom_point__type_support.hpp\n'}
[7.076038] (livox_interfaces) StdoutLine: {'line': b'-- Symlinking: /home/uos-robotics/ws_livox/install/livox_interfaces/include/livox_interfaces/livox_interfaces/msg/rosidl_generator_cpp__visibility_control.hpp\n'}
[7.086311] (livox_interfaces) StdoutLine: {'line': b'-- Symlinking: /home/uos-robotics/ws_livox/install/livox_interfaces/include/livox_interfaces/livox_interfaces/msg/detail/custom_msg__rosidl_typesupport_fastrtps_cpp.hpp\n'}
[7.087756] (livox_sdk_vendor) StdoutLine: {'line': b"[ 87%] \x1b[34m\x1b[1mPerforming install step for 'livox-sdk-v2.3.1'\x1b[0m\n"}
[7.096169] (livox_interfaces) StdoutLine: {'line': b'-- Symlinking: /home/uos-robotics/ws_livox/install/livox_interfaces/include/livox_interfaces/livox_interfaces/msg/detail/custom_point__rosidl_typesupport_fastrtps_cpp.hpp\n'}
[7.107031] (livox_interfaces) StdoutLine: {'line': b'-- Symlinking: /home/uos-robotics/ws_livox/install/livox_interfaces/include/livox_interfaces/livox_interfaces/msg/rosidl_typesupport_fastrtps_cpp__visibility_control.h\n'}
[7.119740] (livox_interfaces) StdoutLine: {'line': b'-- Symlinking: /home/uos-robotics/ws_livox/install/livox_interfaces/include/livox_interfaces/livox_interfaces/msg/detail/custom_msg__rosidl_typesupport_introspection_c.h\n'}
[7.122545] (-) TimerEvent: {}
[7.129420] (livox_interfaces) StdoutLine: {'line': b'-- Symlinking: /home/uos-robotics/ws_livox/install/livox_interfaces/include/livox_interfaces/livox_interfaces/msg/detail/custom_point__rosidl_typesupport_introspection_c.h\n'}
[7.139768] (livox_interfaces) StdoutLine: {'line': b'-- Symlinking: /home/uos-robotics/ws_livox/install/livox_interfaces/include/livox_interfaces/livox_interfaces/msg/rosidl_typesupport_introspection_c__visibility_control.h\n'}
[7.149857] (livox_interfaces) StdoutLine: {'line': b'-- Symlinking: /home/uos-robotics/ws_livox/install/livox_interfaces/include/livox_interfaces/livox_interfaces/msg/detail/custom_msg__rosidl_typesupport_introspection_cpp.hpp\n'}
[7.160496] (livox_sdk_vendor) StdoutLine: {'line': b'[ 54%] Built target livox_sdk_static\n'}
[7.160902] (livox_interfaces) StdoutLine: {'line': b'-- Symlinking: /home/uos-robotics/ws_livox/install/livox_interfaces/include/livox_interfaces/livox_interfaces/msg/detail/custom_point__rosidl_typesupport_introspection_cpp.hpp\n'}
[7.170656] (livox_interfaces) StdoutLine: {'line': b'-- Symlinking: /home/uos-robotics/ws_livox/install/livox_interfaces/share/livox_interfaces/environment/pythonpath.sh\n'}
[7.182207] (livox_interfaces) StdoutLine: {'line': b'-- Symlinking: /home/uos-robotics/ws_livox/install/livox_interfaces/share/livox_interfaces/environment/pythonpath.dsv\n'}
[7.183095] (livox_sdk_vendor) StdoutLine: {'line': b'[ 58%] Built target hub_sample\n'}
[7.184132] (livox_sdk_vendor) StdoutLine: {'line': b'[ 64%] Built target lidar_sample_cc\n'}
[7.185404] (livox_sdk_vendor) StdoutLine: {'line': b'[ 68%] Built target lidar_sample\n'}
[7.185564] (livox_sdk_vendor) StdoutLine: {'line': b'[ 75%] Built target lidar_lvx_sample\n'}
[7.185690] (livox_sdk_vendor) StdoutLine: {'line': b'[ 81%] Built target hub_lvx_sample\n'}
[7.185780] (livox_sdk_vendor) StdoutLine: {'line': b'[ 85%] Built target trouble_shooting\n'}
[7.185924] (livox_sdk_vendor) StdoutLine: {'line': b'[ 91%] Built target hub_sample_cc\n'}
[7.188827] (livox_sdk_vendor) StdoutLine: {'line': b'[100%] Built target lidar_utc_sync\n'}
[7.192155] (livox_interfaces) StdoutLine: {'line': b'-- Symlinking: /home/uos-robotics/ws_livox/install/livox_interfaces/lib/python3.12/site-packages/livox_interfaces-0.0.1-py3.12.egg-info/PKG-INFO\n'}
[7.203215] (livox_interfaces) StdoutLine: {'line': b'-- Symlinking: /home/uos-robotics/ws_livox/install/livox_interfaces/lib/python3.12/site-packages/livox_interfaces-0.0.1-py3.12.egg-info/SOURCES.txt\n'}
[7.210412] (livox_sdk_vendor) StdoutLine: {'line': b'\x1b[36mInstall the project...\x1b[0m\n'}
[7.212594] (livox_interfaces) StdoutLine: {'line': b'-- Symlinking: /home/uos-robotics/ws_livox/install/livox_interfaces/lib/python3.12/site-packages/livox_interfaces-0.0.1-py3.12.egg-info/dependency_links.txt\n'}
[7.219495] (livox_sdk_vendor) StdoutLine: {'line': b'-- Install configuration: ""\n'}
[7.219781] (livox_sdk_vendor) StdoutLine: {'line': b'-- Installing: /home/uos-robotics/ws_livox/build/livox_sdk_vendor/livox-sdk_install/lib/liblivox_sdk_static.a\n'}
[7.222614] (-) TimerEvent: {}
[7.223585] (livox_interfaces) StdoutLine: {'line': b'-- Symlinking: /home/uos-robotics/ws_livox/install/livox_interfaces/lib/python3.12/site-packages/livox_interfaces-0.0.1-py3.12.egg-info/top_level.txt\n'}
[7.232442] (livox_sdk_vendor) StdoutLine: {'line': b'-- Installing: /home/uos-robotics/ws_livox/build/livox_sdk_vendor/livox-sdk_install/include/livox_def.h\n'}
[7.232600] (livox_sdk_vendor) StdoutLine: {'line': b'-- Installing: /home/uos-robotics/ws_livox/build/livox_sdk_vendor/livox-sdk_install/include/livox_sdk.h\n'}
[7.234267] (livox_interfaces) StdoutLine: {'line': b'-- Symlinking: /home/uos-robotics/ws_livox/install/livox_interfaces/lib/python3.12/site-packages/livox_interfaces/__init__.py\n'}
[7.244519] (livox_interfaces) StdoutLine: {'line': b'-- Symlinking: /home/uos-robotics/ws_livox/install/livox_interfaces/lib/python3.12/site-packages/livox_interfaces/_livox_interfaces_s.ep.rosidl_typesupport_c.c\n'}
[7.253947] (livox_interfaces) StdoutLine: {'line': b'-- Symlinking: /home/uos-robotics/ws_livox/install/livox_interfaces/lib/python3.12/site-packages/livox_interfaces/_livox_interfaces_s.ep.rosidl_typesupport_fastrtps_c.c\n'}
[7.254953] (livox_sdk_vendor) StdoutLine: {'line': b"[100%] \x1b[34m\x1b[1mCompleted 'livox-sdk-v2.3.1'\x1b[0m\n"}
[7.263913] (livox_interfaces) StdoutLine: {'line': b'-- Symlinking: /home/uos-robotics/ws_livox/install/livox_interfaces/lib/python3.12/site-packages/livox_interfaces/_livox_interfaces_s.ep.rosidl_typesupport_introspection_c.c\n'}
[7.275276] (livox_interfaces) StdoutLine: {'line': b'-- Symlinking: /home/uos-robotics/ws_livox/install/livox_interfaces/lib/python3.12/site-packages/livox_interfaces/livox_interfaces_s__rosidl_typesupport_c.so\n'}
[7.285032] (livox_interfaces) StdoutLine: {'line': b'-- Symlinking: /home/uos-robotics/ws_livox/install/livox_interfaces/lib/python3.12/site-packages/livox_interfaces/livox_interfaces_s__rosidl_typesupport_fastrtps_c.so\n'}
[7.291978] (livox_sdk_vendor) StdoutLine: {'line': b'[100%] Built target livox-sdk-v2.3.1\n'}
[7.295537] (livox_interfaces) StdoutLine: {'line': b'-- Symlinking: /home/uos-robotics/ws_livox/install/livox_interfaces/lib/python3.12/site-packages/livox_interfaces/livox_interfaces_s__rosidl_typesupport_introspection_c.so\n'}
[7.305790] (livox_interfaces) StdoutLine: {'line': b'-- Symlinking: /home/uos-robotics/ws_livox/install/livox_interfaces/lib/python3.12/site-packages/livox_interfaces/msg/__init__.py\n'}
[7.307630] (livox_sdk_vendor) CommandEnded: {'returncode': 0}
[7.308696] (livox_sdk_vendor) JobProgress: {'identifier': 'livox_sdk_vendor', 'progress': 'install'}
[7.309357] (livox_sdk_vendor) Command: {'cmd': ['/usr/bin/cmake', '--install', '/home/uos-robotics/ws_livox/build/livox_sdk_vendor'], 'cwd': '/home/uos-robotics/ws_livox/build/livox_sdk_vendor', 'env': OrderedDict({'GJS_DEBUG_TOPICS': 'JS ERROR;JS LOG', 'XDG_ACTIVATION_TOKEN': 'gnome-shell/터미네이터/3716-0-uos-robotics_TIME57382', 'LESSOPEN': '| /usr/bin/lesspipe %s', 'LANGUAGE': 'ko:en', 'USER': 'uos-robotics', 'LC_TIME': 'ko_KR.UTF-8', 'XDG_SESSION_TYPE': 'x11', 'ROS_APT_SOURCE_VERSION': '1.2.0', 'CLUTTER_DISABLE_MIPMAPPED_TEXT': '1', 'SHLVL': '1', 'LD_LIBRARY_PATH': '/usr/local/cuda-13.0/lib64:/opt/ros/jazzy/opt/rviz_ogre_vendor/lib:/opt/ros/jazzy/lib/aarch64-linux-gnu:/opt/ros/jazzy/opt/gz_math_vendor/lib:/opt/ros/jazzy/opt/gz_utils_vendor/lib:/opt/ros/jazzy/opt/gz_cmake_vendor/lib:/opt/ros/jazzy/lib:/usr/local/cuda-13.0/lib64:', 'HOME': '/home/uos-robotics', 'OLDPWD': '/home/uos-robotics/ws_livox', 'DESKTOP_SESSION': 'ubuntu', 'GIO_LAUNCHED_DESKTOP_FILE': '/usr/share/applications/terminator.desktop', 'ROS_PYTHON_VERSION': '3', 'GNOME_SHELL_SESSION_MODE': 'ubuntu', 'GTK_MODULES': 'gail:atk-bridge', 'LC_MONETARY': 'ko_KR.UTF-8', 'MANAGERPID': '3428', 'SYSTEMD_EXEC_PID': '3716', 'GSM_SKIP_SSH_AGENT_WORKAROUND': 'true', 'DBUS_SESSION_BUS_ADDRESS': 'unix:path=/run/user/1000/bus', 'COLORTERM': 'truecolor', 'TERMINATOR_DBUS_NAME': 'net.tenshu.Terminator23558193cd9818af7fe4d2c2f5bd9d00f', 'GIO_LAUNCHED_DESKTOP_FILE_PID': '4520', 'DEBUGINFOD_URLS': 'https://debuginfod.ubuntu.com', 'IM_CONFIG_PHASE': '1', 'ROS_DISTRO': 'jazzy', 'LOGNAME': 'uos-robotics', 'JOURNAL_STREAM': '8:30590', '_': '/usr/bin/colcon', 'ROS_VERSION': '2', 'XDG_SESSION_CLASS': 'user', 'USERNAME': 'uos-robotics', 'TERM': 'xterm-256color', 'GNOME_DESKTOP_SESSION_ID': 'this-is-deprecated', 'WINDOWPATH': '2', 'PATH': '/usr/local/cuda-13.0/bin:/opt/ros/jazzy/bin:/usr/local/cuda-13.0/bin:/usr/local/sbin:/usr/local/bin:/usr/sbin:/usr/bin:/sbin:/bin:/usr/games:/usr/local/games:/snap/bin:/snap/bin', 'SESSION_MANAGER': 'local/uos-robotics:@/tmp/.ICE-unix/3685,unix/uos-robotics:/tmp/.ICE-unix/3685', 'INVOCATION_ID': 'c46f158d307846e98dc76d57702325c2', 'PAPERSIZE': 'a4', 'XDG_MENU_PREFIX': 'gnome-', 'LC_ADDRESS': 'ko_KR.UTF-8', 'XDG_RUNTIME_DIR': '/run/user/1000', 'DISPLAY': ':1', 'TERMINATOR_DBUS_PATH': '/net/tenshu/Terminator2', 'LANG': 'en_US.UTF-8', 'XDG_CURRENT_DESKTOP': 'ubuntu:GNOME', 'LC_TELEPHONE': 'ko_KR.UTF-8', 'XMODIFIERS': '@im=ibus', 'XDG_SESSION_DESKTOP': 'ubuntu', 'XAUTHORITY': '/run/user/1000/gdm/Xauthority', 'LS_COLORS': 'rs=0:di=01;34:ln=01;36:mh=00:pi=40;33:so=01;35:do=01;35:bd=40;33;01:cd=40;33;01:or=40;31;01:mi=00:su=37;41:sg=30;43:ca=00:tw=30;42:ow=34;42:st=37;44:ex=01;32:*.tar=01;31:*.tgz=01;31:*.arc=01;31:*.arj=01;31:*.taz=01;31:*.lha=01;31:*.lz4=01;31:*.lzh=01;31:*.lzma=01;31:*.tlz=01;31:*.txz=01;31:*.tzo=01;31:*.t7z=01;31:*.zip=01;31:*.z=01;31:*.dz=01;31:*.gz=01;31:*.lrz=01;31:*.lz=01;31:*.lzo=01;31:*.xz=01;31:*.zst=01;31:*.tzst=01;31:*.bz2=01;31:*.bz=01;31:*.tbz=01;31:*.tbz2=01;31:*.tz=01;31:*.deb=01;31:*.rpm=01;31:*.jar=01;31:*.war=01;31:*.ear=01;31:*.sar=01;31:*.rar=01;31:*.alz=01;31:*.ace=01;31:*.zoo=01;31:*.cpio=01;31:*.7z=01;31:*.rz=01;31:*.cab=01;31:*.wim=01;31:*.swm=01;31:*.dwm=01;31:*.esd=01;31:*.avif=01;35:*.jpg=01;35:*.jpeg=01;35:*.mjpg=01;35:*.mjpeg=01;35:*.gif=01;35:*.bmp=01;35:*.pbm=01;35:*.pgm=01;35:*.ppm=01;35:*.tga=01;35:*.xbm=01;35:*.xpm=01;35:*.tif=01;35:*.tiff=01;35:*.png=01;35:*.svg=01;35:*.svgz=01;35:*.mng=01;35:*.pcx=01;35:*.mov=01;35:*.mpg=01;35:*.mpeg=01;35:*.m2v=01;35:*.mkv=01;35:*.webm=01;35:*.webp=01;35:*.ogm=01;35:*.mp4=01;35:*.m4v=01;35:*.mp4v=01;35:*.vob=01;35:*.qt=01;35:*.nuv=01;35:*.wmv=01;35:*.asf=01;35:*.rm=01;35:*.rmvb=01;35:*.flc=01;35:*.avi=01;35:*.fli=01;35:*.flv=01;35:*.gl=01;35:*.dl=01;35:*.xcf=01;35:*.xwd=01;35:*.yuv=01;35:*.cgm=01;35:*.emf=01;35:*.ogv=01;35:*.ogx=01;35:*.aac=00;36:*.au=00;36:*.flac=00;36:*.m4a=00;36:*.mid=00;36:*.midi=00;36:*.mka=00;36:*.mp3=00;36:*.mpc=00;36:*.ogg=00;36:*.ra=00;36:*.wav=00;36:*.oga=00;36:*.opus=00;36:*.spx=00;36:*.xspf=00;36:*~=00;90:*#=00;90:*.bak=00;90:*.crdownload=00;90:*.dpkg-dist=00;90:*.dpkg-new=00;90:*.dpkg-old=00;90:*.dpkg-tmp=00;90:*.old=00;90:*.orig=00;90:*.part=00;90:*.rej=00;90:*.rpmnew=00;90:*.rpmorig=00;90:*.rpmsave=00;90:*.swp=00;90:*.tmp=00;90:*.ucf-dist=00;90:*.ucf-new=00;90:*.ucf-old=00;90:', 'SSH_AUTH_SOCK': '/run/user/1000/keyring/ssh', 'AMENT_PREFIX_PATH': '/opt/ros/jazzy', 'SHELL': '/bin/bash', 'LC_NAME': 'ko_KR.UTF-8', 'TERMINATOR_UUID': 'urn:uuid:9a49d437-4883-4a37-b6ee-ced657ed0a48', 'QT_ACCESSIBILITY': '1', 'GDMSESSION': 'ubuntu', 'LESSCLOSE': '/usr/bin/lesspipe %s %s', 'LC_MEASUREMENT': 'ko_KR.UTF-8', 'GPG_AGENT_INFO': '/run/user/1000/gnupg/S.gpg-agent:0:1', 'GJS_DEBUG_OUTPUT': 'stderr', 'LC_IDENTIFICATION': 'ko_KR.UTF-8', 'ROS_AUTOMATIC_DISCOVERY_RANGE': 'SUBNET', 'QT_IM_MODULE': 'ibus', 'PWD': '/home/uos-robotics/ws_livox/build/livox_sdk_vendor', 'XDG_CONFIG_DIRS': '/etc/xdg/xdg-ubuntu:/etc/xdg', 'XDG_DATA_DIRS': '/usr/share/ubuntu:/usr/share/gnome:/usr/local/share/:/usr/share/:/var/lib/snapd/desktop', 'PYTHONPATH': '/opt/ros/jazzy/lib/python3.12/site-packages', 'LC_NUMERIC': 'ko_KR.UTF-8', 'LC_PAPER': 'ko_KR.UTF-8', 'COLCON': '1', 'VTE_VERSION': '7600', 'CMAKE_PREFIX_PATH': '/opt/ros/jazzy/opt/gz_math_vendor:/opt/ros/jazzy/opt/gz_utils_vendor:/opt/ros/jazzy/opt/gz_cmake_vendor:/opt/ros/jazzy'}), 'shell': False}
[7.315394] (livox_interfaces) StdoutLine: {'line': b'-- Symlinking: /home/uos-robotics/ws_livox/install/livox_interfaces/lib/python3.12/site-packages/livox_interfaces/msg/_custom_msg.py\n'}
[7.317038] (livox_sdk_vendor) StdoutLine: {'line': b'-- Install configuration: ""\n'}
[7.317572] (livox_sdk_vendor) StdoutLine: {'line': b'-- Execute custom install script\n'}
[7.318055] (livox_sdk_vendor) StdoutLine: {'line': b'-- Symlinking: /home/uos-robotics/ws_livox/install/livox_sdk_vendor/include/livox_def.h\n'}
[7.322714] (-) TimerEvent: {}
[7.325925] (livox_interfaces) StdoutLine: {'line': b'-- Symlinking: /home/uos-robotics/ws_livox/install/livox_interfaces/lib/python3.12/site-packages/livox_interfaces/msg/_custom_msg_s.c\n'}
[7.329677] (livox_sdk_vendor) StdoutLine: {'line': b'-- Symlinking: /home/uos-robotics/ws_livox/install/livox_sdk_vendor/include/livox_sdk.h\n'}
[7.335131] (livox_interfaces) StdoutLine: {'line': b'-- Symlinking: /home/uos-robotics/ws_livox/install/livox_interfaces/lib/python3.12/site-packages/livox_interfaces/msg/_custom_point.py\n'}
[7.340158] (livox_sdk_vendor) StdoutLine: {'line': b'-- Symlinking: /home/uos-robotics/ws_livox/install/livox_sdk_vendor/lib/liblivox_sdk_static.a\n'}
[7.345569] (livox_interfaces) StdoutLine: {'line': b'-- Symlinking: /home/uos-robotics/ws_livox/install/livox_interfaces/lib/python3.12/site-packages/livox_interfaces/msg/_custom_point_s.c\n'}
[7.350023] (livox_sdk_vendor) StdoutLine: {'line': b'-- Symlinking: /home/uos-robotics/ws_livox/install/livox_sdk_vendor/share/livox_sdk_vendor/cmake/Modules/Findlivox_sdk.cmake\n'}
[7.355460] (livox_interfaces) StdoutLine: {'line': b'-- Up-to-date symlink: /home/uos-robotics/ws_livox/install/livox_interfaces/lib/python3.12/site-packages/livox_interfaces/livox_interfaces_s__rosidl_typesupport_fastrtps_c.so\n'}
[7.355881] (livox_interfaces) StdoutLine: {'line': b'-- Up-to-date symlink: /home/uos-robotics/ws_livox/install/livox_interfaces/lib/python3.12/site-packages/livox_interfaces/livox_interfaces_s__rosidl_typesupport_introspection_c.so\n'}
[7.356266] (livox_interfaces) StdoutLine: {'line': b'-- Up-to-date symlink: /home/uos-robotics/ws_livox/install/livox_interfaces/lib/python3.12/site-packages/livox_interfaces/livox_interfaces_s__rosidl_typesupport_c.so\n'}
[7.356596] (livox_interfaces) StdoutLine: {'line': b'-- Symlinking: /home/uos-robotics/ws_livox/install/livox_interfaces/share/ament_index/resource_index/rust_packages/livox_interfaces\n'}
[7.359960] (livox_sdk_vendor) StdoutLine: {'line': b'-- Symlinking: /home/uos-robotics/ws_livox/install/livox_sdk_vendor/share/ament_index/resource_index/package_run_dependencies/livox_sdk_vendor\n'}
[7.367947] (livox_interfaces) StdoutLine: {'line': b'-- Symlinking: /home/uos-robotics/ws_livox/install/livox_interfaces/share/livox_interfaces/rust/Cargo.toml\n'}
[7.371134] (livox_sdk_vendor) StdoutLine: {'line': b'-- Symlinking: /home/uos-robotics/ws_livox/install/livox_sdk_vendor/share/ament_index/resource_index/parent_prefix_path/livox_sdk_vendor\n'}
[7.378491] (livox_interfaces) StdoutLine: {'line': b'-- Symlinking: /home/uos-robotics/ws_livox/install/livox_interfaces/share/livox_interfaces/rust/build.rs\n'}
[7.380750] (livox_sdk_vendor) StdoutLine: {'line': b'-- Symlinking: /home/uos-robotics/ws_livox/install/livox_sdk_vendor/share/livox_sdk_vendor/environment/ament_prefix_path.sh\n'}
[7.387728] (livox_interfaces) StdoutLine: {'line': b'-- Symlinking: /home/uos-robotics/ws_livox/install/livox_interfaces/share/livox_interfaces/rust/src/lib.rs\n'}
[7.390624] (livox_sdk_vendor) StdoutLine: {'line': b'-- Symlinking: /home/uos-robotics/ws_livox/install/livox_sdk_vendor/share/livox_sdk_vendor/environment/ament_prefix_path.dsv\n'}
[7.397659] (livox_interfaces) StdoutLine: {'line': b'-- Symlinking: /home/uos-robotics/ws_livox/install/livox_interfaces/share/livox_interfaces/rust/src/msg.rs\n'}
[7.399816] (livox_sdk_vendor) StdoutLine: {'line': b'-- Symlinking: /home/uos-robotics/ws_livox/install/livox_sdk_vendor/share/livox_sdk_vendor/environment/path.sh\n'}
[7.406888] (livox_interfaces) StdoutLine: {'line': b'-- Symlinking: /home/uos-robotics/ws_livox/install/livox_interfaces/share/livox_interfaces/rust/src/msg/rmw.rs\n'}
[7.409498] (livox_sdk_vendor) StdoutLine: {'line': b'-- Symlinking: /home/uos-robotics/ws_livox/install/livox_sdk_vendor/share/livox_sdk_vendor/environment/path.dsv\n'}
[7.416089] (livox_interfaces) StdoutLine: {'line': b'-- Symlinking: /home/uos-robotics/ws_livox/install/livox_interfaces/share/livox_interfaces/msg/CustomPoint.idl\n'}
[7.419620] (livox_sdk_vendor) StdoutLine: {'line': b'-- Symlinking: /home/uos-robotics/ws_livox/install/livox_sdk_vendor/share/livox_sdk_vendor/local_setup.bash\n'}
[7.422780] (-) TimerEvent: {}
[7.426512] (livox_interfaces) StdoutLine: {'line': b'-- Symlinking: /home/uos-robotics/ws_livox/install/livox_interfaces/share/livox_interfaces/msg/CustomMsg.idl\n'}
[7.429559] (livox_sdk_vendor) StdoutLine: {'line': b'-- Symlinking: /home/uos-robotics/ws_livox/install/livox_sdk_vendor/share/livox_sdk_vendor/local_setup.sh\n'}
[7.436153] (livox_interfaces) StdoutLine: {'line': b'-- Symlinking: /home/uos-robotics/ws_livox/install/livox_interfaces/share/livox_interfaces/msg/CustomPoint.msg\n'}
[7.439285] (livox_sdk_vendor) StdoutLine: {'line': b'-- Symlinking: /home/uos-robotics/ws_livox/install/livox_sdk_vendor/share/livox_sdk_vendor/local_setup.zsh\n'}
[7.447214] (livox_interfaces) StdoutLine: {'line': b'-- Symlinking: /home/uos-robotics/ws_livox/install/livox_interfaces/share/livox_interfaces/msg/CustomMsg.msg\n'}
[7.448646] (livox_sdk_vendor) StdoutLine: {'line': b'-- Symlinking: /home/uos-robotics/ws_livox/install/livox_sdk_vendor/share/livox_sdk_vendor/local_setup.dsv\n'}
[7.458342] (livox_sdk_vendor) StdoutLine: {'line': b'-- Symlinking: /home/uos-robotics/ws_livox/install/livox_sdk_vendor/share/livox_sdk_vendor/package.dsv\n'}
[7.458713] (livox_interfaces) StdoutLine: {'line': b'-- Symlinking: /home/uos-robotics/ws_livox/install/livox_interfaces/share/ament_index/resource_index/package_run_dependencies/livox_interfaces\n'}
[7.468381] (livox_interfaces) StdoutLine: {'line': b'-- Symlinking: /home/uos-robotics/ws_livox/install/livox_interfaces/share/ament_index/resource_index/parent_prefix_path/livox_interfaces\n'}
[7.470439] (livox_sdk_vendor) StdoutLine: {'line': b'-- Symlinking: /home/uos-robotics/ws_livox/install/livox_sdk_vendor/share/ament_index/resource_index/packages/livox_sdk_vendor\n'}
[7.478530] (livox_interfaces) StdoutLine: {'line': b'-- Symlinking: /home/uos-robotics/ws_livox/install/livox_interfaces/share/livox_interfaces/environment/ament_prefix_path.sh\n'}
[7.480050] (livox_sdk_vendor) StdoutLine: {'line': b'-- Symlinking: /home/uos-robotics/ws_livox/install/livox_sdk_vendor/share/livox_sdk_vendor/cmake/livox_sdk_vendor-extras.cmake\n'}
[7.488675] (livox_interfaces) StdoutLine: {'line': b'-- Symlinking: /home/uos-robotics/ws_livox/install/livox_interfaces/share/livox_interfaces/environment/ament_prefix_path.dsv\n'}
[7.490978] (livox_sdk_vendor) StdoutLine: {'line': b'-- Symlinking: /home/uos-robotics/ws_livox/install/livox_sdk_vendor/share/livox_sdk_vendor/cmake/livox_sdk_vendorConfig.cmake\n'}
[7.499908] (livox_interfaces) StdoutLine: {'line': b'-- Symlinking: /home/uos-robotics/ws_livox/install/livox_interfaces/share/livox_interfaces/environment/path.sh\n'}
[7.500365] (livox_sdk_vendor) StdoutLine: {'line': b'-- Symlinking: /home/uos-robotics/ws_livox/install/livox_sdk_vendor/share/livox_sdk_vendor/cmake/livox_sdk_vendorConfig-version.cmake\n'}
[7.511153] (livox_sdk_vendor) StdoutLine: {'line': b'-- Symlinking: /home/uos-robotics/ws_livox/install/livox_sdk_vendor/share/livox_sdk_vendor/package.xml\n'}
[7.511451] (livox_interfaces) StdoutLine: {'line': b'-- Symlinking: /home/uos-robotics/ws_livox/install/livox_interfaces/share/livox_interfaces/environment/path.dsv\n'}
[7.521919] (livox_interfaces) StdoutLine: {'line': b'-- Symlinking: /home/uos-robotics/ws_livox/install/livox_interfaces/share/livox_interfaces/local_setup.bash\n'}
[7.522859] (-) TimerEvent: {}
[7.525486] (livox_sdk_vendor) CommandEnded: {'returncode': 0}
[7.534024] (livox_interfaces) StdoutLine: {'line': b'-- Symlinking: /home/uos-robotics/ws_livox/install/livox_interfaces/share/livox_interfaces/local_setup.sh\n'}
[7.544695] (livox_interfaces) StdoutLine: {'line': b'-- Symlinking: /home/uos-robotics/ws_livox/install/livox_interfaces/share/livox_interfaces/local_setup.zsh\n'}
[7.551890] (livox_sdk_vendor) JobEnded: {'identifier': 'livox_sdk_vendor', 'rc': 0}
[7.555991] (livox_interfaces) StdoutLine: {'line': b'-- Symlinking: /home/uos-robotics/ws_livox/install/livox_interfaces/share/livox_interfaces/local_setup.dsv\n'}
[7.565576] (livox_interfaces) StdoutLine: {'line': b'-- Symlinking: /home/uos-robotics/ws_livox/install/livox_interfaces/share/livox_interfaces/package.dsv\n'}
[7.576351] (livox_interfaces) StdoutLine: {'line': b'-- Symlinking: /home/uos-robotics/ws_livox/install/livox_interfaces/share/ament_index/resource_index/packages/livox_interfaces\n'}
[7.587958] (livox_interfaces) StdoutLine: {'line': b'-- Symlinking: /home/uos-robotics/ws_livox/install/livox_interfaces/share/livox_interfaces/cmake/rosidl_cmake-extras.cmake\n'}
[7.598385] (livox_interfaces) StdoutLine: {'line': b'-- Symlinking: /home/uos-robotics/ws_livox/install/livox_interfaces/share/livox_interfaces/cmake/ament_cmake_export_dependencies-extras.cmake\n'}
[7.607880] (livox_interfaces) StdoutLine: {'line': b'-- Symlinking: /home/uos-robotics/ws_livox/install/livox_interfaces/share/livox_interfaces/cmake/ament_cmake_export_include_directories-extras.cmake\n'}
[7.617678] (livox_interfaces) StdoutLine: {'line': b'-- Symlinking: /home/uos-robotics/ws_livox/install/livox_interfaces/share/livox_interfaces/cmake/ament_cmake_export_libraries-extras.cmake\n'}
[7.622931] (-) TimerEvent: {}
[7.627634] (livox_interfaces) StdoutLine: {'line': b'-- Symlinking: /home/uos-robotics/ws_livox/install/livox_interfaces/share/livox_interfaces/cmake/ament_cmake_export_targets-extras.cmake\n'}
[7.639400] (livox_interfaces) StdoutLine: {'line': b'-- Symlinking: /home/uos-robotics/ws_livox/install/livox_interfaces/share/livox_interfaces/cmake/rosidl_cmake_export_typesupport_targets-extras.cmake\n'}
[7.648857] (livox_interfaces) StdoutLine: {'line': b'-- Symlinking: /home/uos-robotics/ws_livox/install/livox_interfaces/share/livox_interfaces/cmake/rosidl_cmake_export_typesupport_libraries-extras.cmake\n'}
[7.659584] (livox_interfaces) StdoutLine: {'line': b'-- Symlinking: /home/uos-robotics/ws_livox/install/livox_interfaces/share/livox_interfaces/cmake/rosidl_cmake_aggregate_target-extras.cmake\n'}
[7.669253] (livox_interfaces) StdoutLine: {'line': b'-- Symlinking: /home/uos-robotics/ws_livox/install/livox_interfaces/share/livox_interfaces/cmake/livox_interfacesConfig.cmake\n'}
[7.679779] (livox_interfaces) StdoutLine: {'line': b'-- Symlinking: /home/uos-robotics/ws_livox/install/livox_interfaces/share/livox_interfaces/cmake/livox_interfacesConfig-version.cmake\n'}
[7.690770] (livox_interfaces) StdoutLine: {'line': b'-- Symlinking: /home/uos-robotics/ws_livox/install/livox_interfaces/share/livox_interfaces/package.xml\n'}
[7.700769] (livox_interfaces) StdoutLine: {'line': b'-- Installing: /home/uos-robotics/ws_livox/install/livox_interfaces/lib/liblivox_interfaces__rosidl_generator_c.so\n'}
[7.701530] (livox_interfaces) StdoutLine: {'line': b'-- Set non-toolchain portion of runtime path of "/home/uos-robotics/ws_livox/install/livox_interfaces/lib/liblivox_interfaces__rosidl_generator_c.so" to ""\n'}
[7.701671] (livox_interfaces) StdoutLine: {'line': b'-- Installing: /home/uos-robotics/ws_livox/install/livox_interfaces/lib/liblivox_interfaces__rosidl_typesupport_fastrtps_c.so\n'}
[7.702251] (livox_interfaces) StdoutLine: {'line': b'-- Set non-toolchain portion of runtime path of "/home/uos-robotics/ws_livox/install/livox_interfaces/lib/liblivox_interfaces__rosidl_typesupport_fastrtps_c.so" to ""\n'}
[7.702392] (livox_interfaces) StdoutLine: {'line': b'-- Installing: /home/uos-robotics/ws_livox/install/livox_interfaces/lib/liblivox_interfaces__rosidl_typesupport_fastrtps_cpp.so\n'}
[7.702948] (livox_interfaces) StdoutLine: {'line': b'-- Set non-toolchain portion of runtime path of "/home/uos-robotics/ws_livox/install/livox_interfaces/lib/liblivox_interfaces__rosidl_typesupport_fastrtps_cpp.so" to ""\n'}
[7.703081] (livox_interfaces) StdoutLine: {'line': b'-- Installing: /home/uos-robotics/ws_livox/install/livox_interfaces/lib/liblivox_interfaces__rosidl_typesupport_introspection_c.so\n'}
[7.703582] (livox_interfaces) StdoutLine: {'line': b'-- Set non-toolchain portion of runtime path of "/home/uos-robotics/ws_livox/install/livox_interfaces/lib/liblivox_interfaces__rosidl_typesupport_introspection_c.so" to ""\n'}
[7.703715] (livox_interfaces) StdoutLine: {'line': b'-- Installing: /home/uos-robotics/ws_livox/install/livox_interfaces/lib/liblivox_interfaces__rosidl_typesupport_c.so\n'}
[7.704191] (livox_interfaces) StdoutLine: {'line': b'-- Set non-toolchain portion of runtime path of "/home/uos-robotics/ws_livox/install/livox_interfaces/lib/liblivox_interfaces__rosidl_typesupport_c.so" to ""\n'}
[7.704323] (livox_interfaces) StdoutLine: {'line': b'-- Installing: /home/uos-robotics/ws_livox/install/livox_interfaces/lib/liblivox_interfaces__rosidl_typesupport_introspection_cpp.so\n'}
[7.705274] (livox_interfaces) StdoutLine: {'line': b'-- Set non-toolchain portion of runtime path of "/home/uos-robotics/ws_livox/install/livox_interfaces/lib/liblivox_interfaces__rosidl_typesupport_introspection_cpp.so" to ""\n'}
[7.705412] (livox_interfaces) StdoutLine: {'line': b'-- Installing: /home/uos-robotics/ws_livox/install/livox_interfaces/lib/liblivox_interfaces__rosidl_typesupport_cpp.so\n'}
[7.705899] (livox_interfaces) StdoutLine: {'line': b'-- Set non-toolchain portion of runtime path of "/home/uos-robotics/ws_livox/install/livox_interfaces/lib/liblivox_interfaces__rosidl_typesupport_cpp.so" to ""\n'}
[7.723006] (-) TimerEvent: {}
[7.746094] (livox_interfaces) StdoutLine: {'line': b"Listing '/home/uos-robotics/ws_livox/install/livox_interfaces/lib/python3.12/site-packages/livox_interfaces'...\n"}
[7.746340] (livox_interfaces) StdoutLine: {'line': b"Compiling '/home/uos-robotics/ws_livox/install/livox_interfaces/lib/python3.12/site-packages/livox_interfaces/__init__.py'...\n"}
[7.746473] (livox_interfaces) StdoutLine: {'line': b"Listing '/home/uos-robotics/ws_livox/install/livox_interfaces/lib/python3.12/site-packages/livox_interfaces/msg'...\n"}
[7.746609] (livox_interfaces) StdoutLine: {'line': b"Compiling '/home/uos-robotics/ws_livox/install/livox_interfaces/lib/python3.12/site-packages/livox_interfaces/msg/__init__.py'...\n"}
[7.746733] (livox_interfaces) StdoutLine: {'line': b"Compiling '/home/uos-robotics/ws_livox/install/livox_interfaces/lib/python3.12/site-packages/livox_interfaces/msg/_custom_msg.py'...\n"}
[7.746876] (livox_interfaces) StdoutLine: {'line': b"Compiling '/home/uos-robotics/ws_livox/install/livox_interfaces/lib/python3.12/site-packages/livox_interfaces/msg/_custom_point.py'...\n"}
[7.752939] (livox_interfaces) StdoutLine: {'line': b'-- Installing: /home/uos-robotics/ws_livox/install/livox_interfaces/lib/liblivox_interfaces__rosidl_generator_py.so\n'}
[7.753621] (livox_interfaces) StdoutLine: {'line': b'-- Set non-toolchain portion of runtime path of "/home/uos-robotics/ws_livox/install/livox_interfaces/lib/liblivox_interfaces__rosidl_generator_py.so" to ""\n'}
[7.753737] (livox_interfaces) StdoutLine: {'line': b'-- Installing: /home/uos-robotics/ws_livox/install/livox_interfaces/share/livox_interfaces/cmake/export_livox_interfaces__rosidl_generator_cExport.cmake\n'}
[7.753965] (livox_interfaces) StdoutLine: {'line': b'-- Installing: /home/uos-robotics/ws_livox/install/livox_interfaces/share/livox_interfaces/cmake/export_livox_interfaces__rosidl_generator_cExport-noconfig.cmake\n'}
[7.754078] (livox_interfaces) StdoutLine: {'line': b'-- Installing: /home/uos-robotics/ws_livox/install/livox_interfaces/share/livox_interfaces/cmake/export_livox_interfaces__rosidl_typesupport_fastrtps_cExport.cmake\n'}
[7.754352] (livox_interfaces) StdoutLine: {'line': b'-- Installing: /home/uos-robotics/ws_livox/install/livox_interfaces/share/livox_interfaces/cmake/export_livox_interfaces__rosidl_typesupport_fastrtps_cExport-noconfig.cmake\n'}
[7.754465] (livox_interfaces) StdoutLine: {'line': b'-- Installing: /home/uos-robotics/ws_livox/install/livox_interfaces/share/livox_interfaces/cmake/export_livox_interfaces__rosidl_generator_cppExport.cmake\n'}
[7.754751] (livox_interfaces) StdoutLine: {'line': b'-- Installing: /home/uos-robotics/ws_livox/install/livox_interfaces/share/livox_interfaces/cmake/export_livox_interfaces__rosidl_typesupport_fastrtps_cppExport.cmake\n'}
[7.754863] (livox_interfaces) StdoutLine: {'line': b'-- Installing: /home/uos-robotics/ws_livox/install/livox_interfaces/share/livox_interfaces/cmake/export_livox_interfaces__rosidl_typesupport_fastrtps_cppExport-noconfig.cmake\n'}
[7.755115] (livox_interfaces) StdoutLine: {'line': b'-- Installing: /home/uos-robotics/ws_livox/install/livox_interfaces/share/livox_interfaces/cmake/livox_interfaces__rosidl_typesupport_introspection_cExport.cmake\n'}
[7.755227] (livox_interfaces) StdoutLine: {'line': b'-- Installing: /home/uos-robotics/ws_livox/install/livox_interfaces/share/livox_interfaces/cmake/livox_interfaces__rosidl_typesupport_introspection_cExport-noconfig.cmake\n'}
[7.755554] (livox_interfaces) StdoutLine: {'line': b'-- Installing: /home/uos-robotics/ws_livox/install/livox_interfaces/share/livox_interfaces/cmake/livox_interfaces__rosidl_typesupport_cExport.cmake\n'}
[7.755682] (livox_interfaces) StdoutLine: {'line': b'-- Installing: /home/uos-robotics/ws_livox/install/livox_interfaces/share/livox_interfaces/cmake/livox_interfaces__rosidl_typesupport_cExport-noconfig.cmake\n'}
[7.755895] (livox_interfaces) StdoutLine: {'line': b'-- Installing: /home/uos-robotics/ws_livox/install/livox_interfaces/share/livox_interfaces/cmake/livox_interfaces__rosidl_typesupport_introspection_cppExport.cmake\n'}
[7.756018] (livox_interfaces) StdoutLine: {'line': b'-- Installing: /home/uos-robotics/ws_livox/install/livox_interfaces/share/livox_interfaces/cmake/livox_interfaces__rosidl_typesupport_introspection_cppExport-noconfig.cmake\n'}
[7.756128] (livox_interfaces) StdoutLine: {'line': b'-- Installing: /home/uos-robotics/ws_livox/install/livox_interfaces/share/livox_interfaces/cmake/livox_interfaces__rosidl_typesupport_cppExport.cmake\n'}
[7.756387] (livox_interfaces) StdoutLine: {'line': b'-- Installing: /home/uos-robotics/ws_livox/install/livox_interfaces/share/livox_interfaces/cmake/livox_interfaces__rosidl_typesupport_cppExport-noconfig.cmake\n'}
[7.756499] (livox_interfaces) StdoutLine: {'line': b'-- Installing: /home/uos-robotics/ws_livox/install/livox_interfaces/share/livox_interfaces/cmake/export_livox_interfaces__rosidl_generator_pyExport.cmake\n'}
[7.756731] (livox_interfaces) StdoutLine: {'line': b'-- Installing: /home/uos-robotics/ws_livox/install/livox_interfaces/share/livox_interfaces/cmake/export_livox_interfaces__rosidl_generator_pyExport-noconfig.cmake\n'}
[7.761694] (livox_interfaces) CommandEnded: {'returncode': 0}
[7.789135] (livox_interfaces) JobEnded: {'identifier': 'livox_interfaces', 'rc': 0}
[7.790640] (livox_ros2_driver) JobStarted: {'identifier': 'livox_ros2_driver'}
[7.802113] (livox_ros2_driver) JobProgress: {'identifier': 'livox_ros2_driver', 'progress': 'cmake'}
[7.802930] (livox_ros2_driver) Command: {'cmd': ['/usr/bin/cmake', '/home/uos-robotics/ws_livox/src/livox_ros2_driver/livox_ros2_driver', '-DAMENT_CMAKE_SYMLINK_INSTALL=1', '-DCMAKE_INSTALL_PREFIX=/home/uos-robotics/ws_livox/install/livox_ros2_driver'], 'cwd': '/home/uos-robotics/ws_livox/build/livox_ros2_driver', 'env': OrderedDict({'GJS_DEBUG_TOPICS': 'JS ERROR;JS LOG', 'XDG_ACTIVATION_TOKEN': 'gnome-shell/터미네이터/3716-0-uos-robotics_TIME57382', 'LESSOPEN': '| /usr/bin/lesspipe %s', 'LANGUAGE': 'ko:en', 'USER': 'uos-robotics', 'LC_TIME': 'ko_KR.UTF-8', 'XDG_SESSION_TYPE': 'x11', 'ROS_APT_SOURCE_VERSION': '1.2.0', 'CLUTTER_DISABLE_MIPMAPPED_TEXT': '1', 'SHLVL': '1', 'LD_LIBRARY_PATH': '/home/uos-robotics/ws_livox/install/livox_interfaces/lib:/usr/local/cuda-13.0/lib64:/opt/ros/jazzy/opt/rviz_ogre_vendor/lib:/opt/ros/jazzy/lib/aarch64-linux-gnu:/opt/ros/jazzy/opt/gz_math_vendor/lib:/opt/ros/jazzy/opt/gz_utils_vendor/lib:/opt/ros/jazzy/opt/gz_cmake_vendor/lib:/opt/ros/jazzy/lib:/usr/local/cuda-13.0/lib64', 'HOME': '/home/uos-robotics', 'OLDPWD': '/home/uos-robotics/ws_livox', 'DESKTOP_SESSION': 'ubuntu', 'GIO_LAUNCHED_DESKTOP_FILE': '/usr/share/applications/terminator.desktop', 'ROS_PYTHON_VERSION': '3', 'GNOME_SHELL_SESSION_MODE': 'ubuntu', 'GTK_MODULES': 'gail:atk-bridge', 'LC_MONETARY': 'ko_KR.UTF-8', 'MANAGERPID': '3428', 'SYSTEMD_EXEC_PID': '3716', 'GSM_SKIP_SSH_AGENT_WORKAROUND': 'true', 'DBUS_SESSION_BUS_ADDRESS': 'unix:path=/run/user/1000/bus', 'COLORTERM': 'truecolor', 'TERMINATOR_DBUS_NAME': 'net.tenshu.Terminator23558193cd9818af7fe4d2c2f5bd9d00f', 'GIO_LAUNCHED_DESKTOP_FILE_PID': '4520', 'DEBUGINFOD_URLS': 'https://debuginfod.ubuntu.com', 'IM_CONFIG_PHASE': '1', 'ROS_DISTRO': 'jazzy', 'LOGNAME': 'uos-robotics', 'JOURNAL_STREAM': '8:30590', '_': '/usr/bin/colcon', 'ROS_VERSION': '2', 'XDG_SESSION_CLASS': 'user', 'USERNAME': 'uos-robotics', 'TERM': 'xterm-256color', 'GNOME_DESKTOP_SESSION_ID': 'this-is-deprecated', 'WINDOWPATH': '2', 'PATH': '/usr/local/cuda-13.0/bin:/opt/ros/jazzy/bin:/usr/local/cuda-13.0/bin:/usr/local/sbin:/usr/local/bin:/usr/sbin:/usr/bin:/sbin:/bin:/usr/games:/usr/local/games:/snap/bin:/snap/bin', 'SESSION_MANAGER': 'local/uos-robotics:@/tmp/.ICE-unix/3685,unix/uos-robotics:/tmp/.ICE-unix/3685', 'INVOCATION_ID': 'c46f158d307846e98dc76d57702325c2', 'PAPERSIZE': 'a4', 'XDG_MENU_PREFIX': 'gnome-', 'LC_ADDRESS': 'ko_KR.UTF-8', 'XDG_RUNTIME_DIR': '/run/user/1000', 'DISPLAY': ':1', 'TERMINATOR_DBUS_PATH': '/net/tenshu/Terminator2', 'LANG': 'en_US.UTF-8', 'XDG_CURRENT_DESKTOP': 'ubuntu:GNOME', 'LC_TELEPHONE': 'ko_KR.UTF-8', 'XMODIFIERS': '@im=ibus', 'XDG_SESSION_DESKTOP': 'ubuntu', 'XAUTHORITY': '/run/user/1000/gdm/Xauthority', 'LS_COLORS': 'rs=0:di=01;34:ln=01;36:mh=00:pi=40;33:so=01;35:do=01;35:bd=40;33;01:cd=40;33;01:or=40;31;01:mi=00:su=37;41:sg=30;43:ca=00:tw=30;42:ow=34;42:st=37;44:ex=01;32:*.tar=01;31:*.tgz=01;31:*.arc=01;31:*.arj=01;31:*.taz=01;31:*.lha=01;31:*.lz4=01;31:*.lzh=01;31:*.lzma=01;31:*.tlz=01;31:*.txz=01;31:*.tzo=01;31:*.t7z=01;31:*.zip=01;31:*.z=01;31:*.dz=01;31:*.gz=01;31:*.lrz=01;31:*.lz=01;31:*.lzo=01;31:*.xz=01;31:*.zst=01;31:*.tzst=01;31:*.bz2=01;31:*.bz=01;31:*.tbz=01;31:*.tbz2=01;31:*.tz=01;31:*.deb=01;31:*.rpm=01;31:*.jar=01;31:*.war=01;31:*.ear=01;31:*.sar=01;31:*.rar=01;31:*.alz=01;31:*.ace=01;31:*.zoo=01;31:*.cpio=01;31:*.7z=01;31:*.rz=01;31:*.cab=01;31:*.wim=01;31:*.swm=01;31:*.dwm=01;31:*.esd=01;31:*.avif=01;35:*.jpg=01;35:*.jpeg=01;35:*.mjpg=01;35:*.mjpeg=01;35:*.gif=01;35:*.bmp=01;35:*.pbm=01;35:*.pgm=01;35:*.ppm=01;35:*.tga=01;35:*.xbm=01;35:*.xpm=01;35:*.tif=01;35:*.tiff=01;35:*.png=01;35:*.svg=01;35:*.svgz=01;35:*.mng=01;35:*.pcx=01;35:*.mov=01;35:*.mpg=01;35:*.mpeg=01;35:*.m2v=01;35:*.mkv=01;35:*.webm=01;35:*.webp=01;35:*.ogm=01;35:*.mp4=01;35:*.m4v=01;35:*.mp4v=01;35:*.vob=01;35:*.qt=01;35:*.nuv=01;35:*.wmv=01;35:*.asf=01;35:*.rm=01;35:*.rmvb=01;35:*.flc=01;35:*.avi=01;35:*.fli=01;35:*.flv=01;35:*.gl=01;35:*.dl=01;35:*.xcf=01;35:*.xwd=01;35:*.yuv=01;35:*.cgm=01;35:*.emf=01;35:*.ogv=01;35:*.ogx=01;35:*.aac=00;36:*.au=00;36:*.flac=00;36:*.m4a=00;36:*.mid=00;36:*.midi=00;36:*.mka=00;36:*.mp3=00;36:*.mpc=00;36:*.ogg=00;36:*.ra=00;36:*.wav=00;36:*.oga=00;36:*.opus=00;36:*.spx=00;36:*.xspf=00;36:*~=00;90:*#=00;90:*.bak=00;90:*.crdownload=00;90:*.dpkg-dist=00;90:*.dpkg-new=00;90:*.dpkg-old=00;90:*.dpkg-tmp=00;90:*.old=00;90:*.orig=00;90:*.part=00;90:*.rej=00;90:*.rpmnew=00;90:*.rpmorig=00;90:*.rpmsave=00;90:*.swp=00;90:*.tmp=00;90:*.ucf-dist=00;90:*.ucf-new=00;90:*.ucf-old=00;90:', 'SSH_AUTH_SOCK': '/run/user/1000/keyring/ssh', 'AMENT_PREFIX_PATH': '/home/uos-robotics/ws_livox/install/livox_sdk_vendor:/home/uos-robotics/ws_livox/install/livox_interfaces:/opt/ros/jazzy', 'SHELL': '/bin/bash', 'LC_NAME': 'ko_KR.UTF-8', 'TERMINATOR_UUID': 'urn:uuid:9a49d437-4883-4a37-b6ee-ced657ed0a48', 'QT_ACCESSIBILITY': '1', 'GDMSESSION': 'ubuntu', 'LESSCLOSE': '/usr/bin/lesspipe %s %s', 'LC_MEASUREMENT': 'ko_KR.UTF-8', 'GPG_AGENT_INFO': '/run/user/1000/gnupg/S.gpg-agent:0:1', 'GJS_DEBUG_OUTPUT': 'stderr', 'LC_IDENTIFICATION': 'ko_KR.UTF-8', 'ROS_AUTOMATIC_DISCOVERY_RANGE': 'SUBNET', 'QT_IM_MODULE': 'ibus', 'PWD': '/home/uos-robotics/ws_livox/build/livox_ros2_driver', 'XDG_CONFIG_DIRS': '/etc/xdg/xdg-ubuntu:/etc/xdg', 'XDG_DATA_DIRS': '/usr/share/ubuntu:/usr/share/gnome:/usr/local/share/:/usr/share/:/var/lib/snapd/desktop', 'PYTHONPATH': '/home/uos-robotics/ws_livox/install/livox_interfaces/lib/python3.12/site-packages:/opt/ros/jazzy/lib/python3.12/site-packages', 'LC_NUMERIC': 'ko_KR.UTF-8', 'LC_PAPER': 'ko_KR.UTF-8', 'COLCON': '1', 'VTE_VERSION': '7600', 'CMAKE_PREFIX_PATH': '/home/uos-robotics/ws_livox/install/livox_sdk_vendor:/home/uos-robotics/ws_livox/install/livox_interfaces:/opt/ros/jazzy/opt/gz_math_vendor:/opt/ros/jazzy/opt/gz_utils_vendor:/opt/ros/jazzy/opt/gz_cmake_vendor:/opt/ros/jazzy'}), 'shell': False}
[7.823097] (-) TimerEvent: {}
[7.865846] (livox_ros2_driver) StdoutLine: {'line': b'-- The C compiler identification is GNU 13.3.0\n'}
[7.923245] (-) TimerEvent: {}
[7.932190] (livox_ros2_driver) StdoutLine: {'line': b'-- The CXX compiler identification is GNU 13.3.0\n'}
[7.954144] (livox_ros2_driver) StdoutLine: {'line': b'-- Detecting C compiler ABI info\n'}
[8.024890] (-) TimerEvent: {}
[8.057225] (livox_ros2_driver) StdoutLine: {'line': b'-- Detecting C compiler ABI info - done\n'}
[8.076879] (livox_ros2_driver) StdoutLine: {'line': b'-- Check for working C compiler: /usr/bin/cc - skipped\n'}
[8.077041] (livox_ros2_driver) StdoutLine: {'line': b'-- Detecting C compile features\n'}
[8.077156] (livox_ros2_driver) StdoutLine: {'line': b'-- Detecting C compile features - done\n'}
[8.092832] (livox_ros2_driver) StdoutLine: {'line': b'-- Detecting CXX compiler ABI info\n'}
[8.124950] (-) TimerEvent: {}
[8.207095] (livox_ros2_driver) StdoutLine: {'line': b'-- Detecting CXX compiler ABI info - done\n'}
[8.224861] (livox_ros2_driver) StdoutLine: {'line': b'-- Check for working CXX compiler: /usr/bin/c++ - skipped\n'}
[8.225022] (-) TimerEvent: {}
[8.225449] (livox_ros2_driver) StdoutLine: {'line': b'-- Detecting CXX compile features\n'}
[8.226363] (livox_ros2_driver) StdoutLine: {'line': b'-- Detecting CXX compile features - done\n'}
[8.228936] (livox_ros2_driver) StdoutLine: {'line': b'-- livox_ros2_driver version: 0.0.1\n'}
[8.231809] (livox_ros2_driver) StdoutLine: {'line': b'-- Found ament_cmake_auto: 2.5.6 (/opt/ros/jazzy/share/ament_cmake_auto/cmake)\n'}
[8.325117] (-) TimerEvent: {}
[8.405794] (livox_ros2_driver) StdoutLine: {'line': b'-- Found Python3: /usr/bin/python3 (found version "3.12.3") found components: Interpreter \n'}
[8.425202] (-) TimerEvent: {}
[8.477883] (livox_ros2_driver) StdoutLine: {'line': b'-- Override CMake install command with custom implementation using symlinks instead of copying resources\n'}
[8.525274] (-) TimerEvent: {}
[8.625473] (-) TimerEvent: {}
[8.672044] (livox_ros2_driver) StdoutLine: {'line': b'-- Found rosidl_generator_c: 4.6.9 (/opt/ros/jazzy/share/rosidl_generator_c/cmake)\n'}
[8.683683] (livox_ros2_driver) StdoutLine: {'line': b'-- Found rosidl_generator_cpp: 4.6.9 (/opt/ros/jazzy/share/rosidl_generator_cpp/cmake)\n'}
[8.697242] (livox_ros2_driver) StdoutLine: {'line': b'-- Using all available rosidl_typesupport_c: rosidl_typesupport_fastrtps_c;rosidl_typesupport_introspection_c\n'}
[8.711002] (livox_ros2_driver) StdoutLine: {'line': b'-- Using all available rosidl_typesupport_cpp: rosidl_typesupport_fastrtps_cpp;rosidl_typesupport_introspection_cpp\n'}
[8.725573] (-) TimerEvent: {}
[8.760694] (livox_ros2_driver) StdoutLine: {'line': b'-- Found rmw_implementation_cmake: 7.3.3 (/opt/ros/jazzy/share/rmw_implementation_cmake/cmake)\n'}
[8.763571] (livox_ros2_driver) StdoutLine: {'line': b'-- Found rmw_fastrtps_cpp: 8.4.4 (/opt/ros/jazzy/share/rmw_fastrtps_cpp/cmake)\n'}
[8.825672] (-) TimerEvent: {}
[8.848557] (livox_ros2_driver) StdoutLine: {'line': b'-- Found OpenSSL: /usr/lib/aarch64-linux-gnu/libcrypto.so (found version "3.0.13")  \n'}
[8.883086] (livox_ros2_driver) StdoutLine: {'line': b'-- Found FastRTPS: /opt/ros/jazzy/include (Required is at least version "2.13") \n'}
[8.919103] (livox_ros2_driver) StdoutLine: {'line': b"-- Using RMW implementation 'rmw_fastrtps_cpp' as default\n"}
[8.925779] (-) TimerEvent: {}
[9.026062] (-) TimerEvent: {}
[9.110727] (livox_ros2_driver) StderrLine: {'line': b'\x1b[33mCMake Warning (dev) at /usr/lib/aarch64-linux-gnu/cmake/pcl/Modules/FindFLANN.cmake:45 (find_package):\n'}
[9.111079] (livox_ros2_driver) StderrLine: {'line': b'  Policy CMP0144 is not set: find_package uses upper-case <PACKAGENAME>_ROOT\n'}
[9.111218] (livox_ros2_driver) StderrLine: {'line': b'  variables.  Run "cmake --help-policy CMP0144" for policy details.  Use the\n'}
[9.111333] (livox_ros2_driver) StderrLine: {'line': b'  cmake_policy command to set the policy and suppress this warning.\n'}
[9.111444] (livox_ros2_driver) StderrLine: {'line': b'\n'}
[9.111549] (livox_ros2_driver) StderrLine: {'line': b'  CMake variable FLANN_ROOT is set to:\n'}
[9.111655] (livox_ros2_driver) StderrLine: {'line': b'\n'}
[9.111755] (livox_ros2_driver) StderrLine: {'line': b'    /usr\n'}
[9.111859] (livox_ros2_driver) StderrLine: {'line': b'\n'}
[9.111960] (livox_ros2_driver) StderrLine: {'line': b'  For compatibility, find_package is ignoring the variable, but code in a\n'}
[9.112066] (livox_ros2_driver) StderrLine: {'line': b'  .cmake module might still use it.\n'}
[9.112169] (livox_ros2_driver) StderrLine: {'line': b'Call Stack (most recent call first):\n'}
[9.112273] (livox_ros2_driver) StderrLine: {'line': b'  /usr/lib/aarch64-linux-gnu/cmake/pcl/PCLConfig.cmake:261 (find_package)\n'}
[9.112381] (livox_ros2_driver) StderrLine: {'line': b'  /usr/lib/aarch64-linux-gnu/cmake/pcl/PCLConfig.cmake:306 (find_flann)\n'}
[9.112493] (livox_ros2_driver) StderrLine: {'line': b'  /usr/lib/aarch64-linux-gnu/cmake/pcl/PCLConfig.cmake:570 (find_external_library)\n'}
[9.112601] (livox_ros2_driver) StderrLine: {'line': b'  /opt/ros/jazzy/share/pcl_conversions/cmake/ament_cmake_export_dependencies-extras.cmake:21 (find_package)\n'}
[9.112706] (livox_ros2_driver) StderrLine: {'line': b'  /opt/ros/jazzy/share/pcl_conversions/cmake/pcl_conversionsConfig.cmake:41 (include)\n'}
[9.113921] (livox_ros2_driver) StderrLine: {'line': b'  /opt/ros/jazzy/share/ament_cmake_auto/cmake/ament_auto_find_build_dependencies.cmake:67 (find_package)\n'}
[9.114092] (livox_ros2_driver) StderrLine: {'line': b'  CMakeLists.txt:30 (ament_auto_find_build_dependencies)\n'}
[9.114155] (livox_ros2_driver) StderrLine: {'line': b'This warning is for project developers.  Use -Wno-dev to suppress it.\n'}
[9.114203] (livox_ros2_driver) StderrLine: {'line': b'\x1b[0m\n'}
[9.114246] (livox_ros2_driver) StdoutLine: {'line': b'-- Found flann version 1.9.2\n'}
[9.126151] (-) TimerEvent: {}
[9.226546] (-) TimerEvent: {}
[9.327058] (-) TimerEvent: {}
[9.428488] (-) TimerEvent: {}
[9.480304] (livox_ros2_driver) StdoutLine: {'line': b'-- Found OpenMP_CXX: -fopenmp (found version "4.5") \n'}
[9.480946] (livox_ros2_driver) StdoutLine: {'line': b'-- Found OpenMP: TRUE (found version "4.5") found components: CXX \n'}
[9.528552] (-) TimerEvent: {}
[9.628889] (-) TimerEvent: {}
[9.729343] (-) TimerEvent: {}
[9.829744] (-) TimerEvent: {}
[9.930103] (-) TimerEvent: {}
[10.030458] (-) TimerEvent: {}
[10.130797] (-) TimerEvent: {}
[10.231177] (-) TimerEvent: {}
[10.331791] (-) TimerEvent: {}
[10.432250] (-) TimerEvent: {}
[10.532669] (-) TimerEvent: {}
[10.633765] (-) TimerEvent: {}
[10.734192] (-) TimerEvent: {}
[10.835584] (-) TimerEvent: {}
[10.935913] (-) TimerEvent: {}
[11.036267] (-) TimerEvent: {}
[11.101736] (livox_ros2_driver) StdoutLine: {'line': b"-- Checking for module 'libusb-1.0'\n"}
[11.124646] (livox_ros2_driver) StdoutLine: {'line': b'--   Found libusb-1.0, version 1.0.27\n'}
[11.136330] (-) TimerEvent: {}
[11.177519] (livox_ros2_driver) StdoutLine: {'line': b'-- Found libusb: /usr/lib/aarch64-linux-gnu/libusb-1.0.so  \n'}
[11.180324] (livox_ros2_driver) StdoutLine: {'line': b'-- OpenNI found (version: 1.5.4.0, include: /usr/include/ni, lib: /usr/lib/libOpenNI.so;libusb::libusb)\n'}
[11.236406] (-) TimerEvent: {}
[11.265275] (livox_ros2_driver) StdoutLine: {'line': b'-- OpenNI2 found (version: 2.2.0.33, include: /usr/include/openni2, lib: /usr/lib/aarch64-linux-gnu/libOpenNI2.so;libusb::libusb)\n'}
[11.268304] (livox_ros2_driver) StdoutLine: {'line': b'-- Could NOT find Pcap (missing: PCAP_LIBRARIES PCAP_INCLUDE_DIRS) \n'}
[11.286705] (livox_ros2_driver) StdoutLine: {'line': b'-- Found ZLIB: /usr/lib/aarch64-linux-gnu/libz.so (found version "1.3")  \n'}
[11.308911] (livox_ros2_driver) StdoutLine: {'line': b'-- Found PNG: /usr/lib/aarch64-linux-gnu/libpng.so (found version "1.6.43") \n'}
[11.336485] (-) TimerEvent: {}
[11.436777] (-) TimerEvent: {}
[11.537215] (-) TimerEvent: {}
[11.637577] (-) TimerEvent: {}
[11.731287] (livox_ros2_driver) StdoutLine: {'line': b'-- OpenNI found (version: 1.5.4.0, include: /usr/include/ni, lib: /usr/lib/libOpenNI.so;libusb::libusb)\n'}
[11.737630] (livox_ros2_driver) StdoutLine: {'line': b'-- OpenNI2 found (version: 2.2.0.33, include: /usr/include/openni2, lib: /usr/lib/aarch64-linux-gnu/libOpenNI2.so;libusb::libusb)\n'}
[11.737716] (-) TimerEvent: {}
[11.838177] (-) TimerEvent: {}
[11.938722] (-) TimerEvent: {}
[12.039143] (-) TimerEvent: {}
[12.117869] (livox_ros2_driver) StdoutLine: {'line': b'-- Found Qhull version 8.0.2\n'}
[12.139253] (-) TimerEvent: {}
[12.239608] (-) TimerEvent: {}
[12.340002] (-) TimerEvent: {}
[12.440454] (-) TimerEvent: {}
[12.516612] (livox_ros2_driver) StdoutLine: {'line': b'-- OpenNI found (version: 1.5.4.0, include: /usr/include/ni, lib: /usr/lib/libOpenNI.so;libusb::libusb)\n'}
[12.540546] (-) TimerEvent: {}
[12.640901] (-) TimerEvent: {}
[12.741354] (-) TimerEvent: {}
[12.841795] (-) TimerEvent: {}
[12.907133] (livox_ros2_driver) StdoutLine: {'line': b'-- Found PCL_COMMON: /usr/lib/aarch64-linux-gnu/libpcl_common.so  \n'}
[12.907983] (livox_ros2_driver) StdoutLine: {'line': b'-- Found PCL_KDTREE: /usr/lib/aarch64-linux-gnu/libpcl_kdtree.so  \n'}
[12.908487] (livox_ros2_driver) StdoutLine: {'line': b'-- Found PCL_OCTREE: /usr/lib/aarch64-linux-gnu/libpcl_octree.so  \n'}
[12.909378] (livox_ros2_driver) StdoutLine: {'line': b'-- Found PCL_SEARCH: /usr/lib/aarch64-linux-gnu/libpcl_search.so  \n'}
[12.909898] (livox_ros2_driver) StdoutLine: {'line': b'-- Found PCL_SAMPLE_CONSENSUS: /usr/lib/aarch64-linux-gnu/libpcl_sample_consensus.so  \n'}
[12.910575] (livox_ros2_driver) StdoutLine: {'line': b'-- Found PCL_FILTERS: /usr/lib/aarch64-linux-gnu/libpcl_filters.so  \n'}
[12.910890] (livox_ros2_driver) StdoutLine: {'line': b'-- Found PCL_2D: /usr/include/pcl-1.14  \n'}
[12.911166] (livox_ros2_driver) StdoutLine: {'line': b'-- Found PCL_GEOMETRY: /usr/include/pcl-1.14  \n'}
[12.911817] (livox_ros2_driver) StdoutLine: {'line': b'-- Found PCL_IO: /usr/lib/aarch64-linux-gnu/libpcl_io.so  \n'}
[12.912550] (livox_ros2_driver) StdoutLine: {'line': b'-- Found PCL_FEATURES: /usr/lib/aarch64-linux-gnu/libpcl_features.so  \n'}
[12.913297] (livox_ros2_driver) StdoutLine: {'line': b'-- Found PCL_ML: /usr/lib/aarch64-linux-gnu/libpcl_ml.so  \n'}
[12.913977] (livox_ros2_driver) StdoutLine: {'line': b'-- Found PCL_SEGMENTATION: /usr/lib/aarch64-linux-gnu/libpcl_segmentation.so  \n'}
[12.914750] (livox_ros2_driver) StdoutLine: {'line': b'-- Found PCL_VISUALIZATION: /usr/lib/aarch64-linux-gnu/libpcl_visualization.so  \n'}
[12.915493] (livox_ros2_driver) StdoutLine: {'line': b'-- Found PCL_SURFACE: /usr/lib/aarch64-linux-gnu/libpcl_surface.so  \n'}
[12.916218] (livox_ros2_driver) StdoutLine: {'line': b'-- Found PCL_REGISTRATION: /usr/lib/aarch64-linux-gnu/libpcl_registration.so  \n'}
[12.916988] (livox_ros2_driver) StdoutLine: {'line': b'-- Found PCL_KEYPOINTS: /usr/lib/aarch64-linux-gnu/libpcl_keypoints.so  \n'}
[12.917742] (livox_ros2_driver) StdoutLine: {'line': b'-- Found PCL_TRACKING: /usr/lib/aarch64-linux-gnu/libpcl_tracking.so  \n'}
[12.918456] (livox_ros2_driver) StdoutLine: {'line': b'-- Found PCL_RECOGNITION: /usr/lib/aarch64-linux-gnu/libpcl_recognition.so  \n'}
[12.919288] (livox_ros2_driver) StdoutLine: {'line': b'-- Found PCL_STEREO: /usr/lib/aarch64-linux-gnu/libpcl_stereo.so  \n'}
[12.919985] (livox_ros2_driver) StdoutLine: {'line': b'-- Found PCL_APPS: /usr/lib/aarch64-linux-gnu/libpcl_apps.so  \n'}
[12.920624] (livox_ros2_driver) StdoutLine: {'line': b'-- Found PCL_IN_HAND_SCANNER: /usr/include/pcl-1.14  \n'}
[12.921312] (livox_ros2_driver) StdoutLine: {'line': b'-- Found PCL_MODELER: /usr/include/pcl-1.14  \n'}
[12.921632] (livox_ros2_driver) StdoutLine: {'line': b'-- Found PCL_POINT_CLOUD_EDITOR: /usr/include/pcl-1.14  \n'}
[12.922047] (livox_ros2_driver) StdoutLine: {'line': b'-- Found PCL_OUTOFCORE: /usr/lib/aarch64-linux-gnu/libpcl_outofcore.so  \n'}
[12.922684] (livox_ros2_driver) StdoutLine: {'line': b'-- Found PCL_PEOPLE: /usr/lib/aarch64-linux-gnu/libpcl_people.so  \n'}
[12.941880] (-) TimerEvent: {}
[12.948037] (livox_ros2_driver) StderrLine: {'line': b'\x1b[33mCMake Warning (dev) at CMakeLists.txt:31 (find_package):\n'}
[12.948249] (livox_ros2_driver) StderrLine: {'line': b'  Policy CMP0074 is not set: find_package uses <PackageName>_ROOT variables.\n'}
[12.948375] (livox_ros2_driver) StderrLine: {'line': b'  Run "cmake --help-policy CMP0074" for policy details.  Use the cmake_policy\n'}
[12.948487] (livox_ros2_driver) StderrLine: {'line': b'  command to set the policy and suppress this warning.\n'}
[12.948597] (livox_ros2_driver) StderrLine: {'line': b'\n'}
[12.948707] (livox_ros2_driver) StderrLine: {'line': b'  CMake variable PCL_ROOT is set to:\n'}
[12.948949] (livox_ros2_driver) StderrLine: {'line': b'\n'}
[12.949062] (livox_ros2_driver) StderrLine: {'line': b'    /usr\n'}
[12.949169] (livox_ros2_driver) StderrLine: {'line': b'\n'}
[12.949273] (livox_ros2_driver) StderrLine: {'line': b'  For compatibility, CMake is ignoring the variable.\n'}
[12.949381] (livox_ros2_driver) StderrLine: {'line': b'This warning is for project developers.  Use -Wno-dev to suppress it.\n'}
[12.949489] (livox_ros2_driver) StderrLine: {'line': b'\x1b[0m\n'}
[12.957840] (livox_ros2_driver) StdoutLine: {'line': b'-- Found livox_sdk: /home/uos-robotics/ws_livox/install/livox_sdk_vendor/include  \n'}
[12.963114] (livox_ros2_driver) StdoutLine: {'line': b'-- Found PkgConfig: /usr/bin/pkg-config (found version "1.8.1") \n'}
[12.964194] (livox_ros2_driver) StdoutLine: {'line': b"-- Checking for module 'apr-1'\n"}
[12.982271] (livox_ros2_driver) StdoutLine: {'line': b'--   Found apr-1, version 1.7.2\n'}
[13.029023] (livox_ros2_driver) StderrLine: {'line': b'\x1b[0m/usr/include/apr-1.0\x1b[0m\n'}
[13.029248] (livox_ros2_driver) StderrLine: {'line': b'\x1b[0mapr-1\x1b[0m\n'}
[13.041999] (-) TimerEvent: {}
[13.049158] (livox_ros2_driver) StdoutLine: {'line': b'-- Found ament_lint_auto: 0.17.5 (/opt/ros/jazzy/share/ament_lint_auto/cmake)\n'}
[13.071675] (livox_ros2_driver) StdoutLine: {'line': b"-- Added test 'copyright' to check source files copyright and LICENSE\n"}
[13.075181] (livox_ros2_driver) StdoutLine: {'line': b"-- Added test 'cppcheck' to perform static code analysis on C / C++ code\n"}
[13.075692] (livox_ros2_driver) StdoutLine: {'line': b'-- Configured cppcheck include dirs: /home/uos-robotics/ws_livox/src/livox_ros2_driver/livox_ros2_driver/common;/home/uos-robotics/ws_livox/src/livox_ros2_driver/livox_ros2_driver/common/rapidjson;/home/uos-robotics/ws_livox/src/livox_ros2_driver/livox_ros2_driver/comon/rapdidxml;/home/uos-robotics/ws_livox/src/livox_ros2_driver/livox_ros2_driver/common/comm;/home/uos-robotics/ws_livox/src/livox_ros2_driver/livox_ros2_driver/timesync;/home/uos-robotics/ws_livox/src/livox_ros2_driver/livox_ros2_driver/timesync/user_uart;/home/uos-robotics/ws_livox/src/livox_ros2_driver/livox_ros2_driver/livox_ros2_driver\n'}
[13.075762] (livox_ros2_driver) StdoutLine: {'line': b'-- Configured cppcheck exclude dirs and/or files: \n'}
[13.079007] (livox_ros2_driver) StdoutLine: {'line': b"-- Added test 'cpplint' to check C / C++ code against the Google style\n"}
[13.079253] (livox_ros2_driver) StdoutLine: {'line': b'-- Configured cpplint exclude dirs and/or files: \n'}
[13.079548] (livox_ros2_driver) StdoutLine: {'line': b"-- Added test 'flake8' to check Python code syntax and style conventions\n"}
[13.079607] (livox_ros2_driver) StdoutLine: {'line': b"-- Configured 'flake8' exclude dirs and/or files: \n"}
[13.080774] (livox_ros2_driver) StdoutLine: {'line': b"-- Added test 'lint_cmake' to check CMake code style\n"}
[13.081249] (livox_ros2_driver) StdoutLine: {'line': b"-- Added test 'pep257' to check Python code against some of the docstring style conventions in PEP 257\n"}
[13.084254] (livox_ros2_driver) StdoutLine: {'line': b"-- Added test 'uncrustify' to check C / C++ code style\n"}
[13.084479] (livox_ros2_driver) StdoutLine: {'line': b'-- Configured uncrustify additional arguments: \n'}
[13.084723] (livox_ros2_driver) StdoutLine: {'line': b"-- Added test 'xmllint' to check XML markup files\n"}
[13.087016] (livox_ros2_driver) StdoutLine: {'line': b'-- Configuring done (5.3s)\n'}
[13.128236] (livox_ros2_driver) StdoutLine: {'line': b'-- Generating done (0.0s)\n'}
[13.135347] (livox_ros2_driver) StdoutLine: {'line': b'-- Build files have been written to: /home/uos-robotics/ws_livox/build/livox_ros2_driver\n'}
[13.142053] (-) TimerEvent: {}
[13.162980] (livox_ros2_driver) CommandEnded: {'returncode': 0}
[13.164177] (livox_ros2_driver) JobProgress: {'identifier': 'livox_ros2_driver', 'progress': 'build'}
[13.165057] (livox_ros2_driver) Command: {'cmd': ['/usr/bin/cmake', '--build', '/home/uos-robotics/ws_livox/build/livox_ros2_driver', '--', '-j14', '-l14'], 'cwd': '/home/uos-robotics/ws_livox/build/livox_ros2_driver', 'env': OrderedDict({'GJS_DEBUG_TOPICS': 'JS ERROR;JS LOG', 'XDG_ACTIVATION_TOKEN': 'gnome-shell/터미네이터/3716-0-uos-robotics_TIME57382', 'LESSOPEN': '| /usr/bin/lesspipe %s', 'LANGUAGE': 'ko:en', 'USER': 'uos-robotics', 'LC_TIME': 'ko_KR.UTF-8', 'XDG_SESSION_TYPE': 'x11', 'ROS_APT_SOURCE_VERSION': '1.2.0', 'CLUTTER_DISABLE_MIPMAPPED_TEXT': '1', 'SHLVL': '1', 'LD_LIBRARY_PATH': '/home/uos-robotics/ws_livox/install/livox_interfaces/lib:/usr/local/cuda-13.0/lib64:/opt/ros/jazzy/opt/rviz_ogre_vendor/lib:/opt/ros/jazzy/lib/aarch64-linux-gnu:/opt/ros/jazzy/opt/gz_math_vendor/lib:/opt/ros/jazzy/opt/gz_utils_vendor/lib:/opt/ros/jazzy/opt/gz_cmake_vendor/lib:/opt/ros/jazzy/lib:/usr/local/cuda-13.0/lib64', 'HOME': '/home/uos-robotics', 'OLDPWD': '/home/uos-robotics/ws_livox', 'DESKTOP_SESSION': 'ubuntu', 'GIO_LAUNCHED_DESKTOP_FILE': '/usr/share/applications/terminator.desktop', 'ROS_PYTHON_VERSION': '3', 'GNOME_SHELL_SESSION_MODE': 'ubuntu', 'GTK_MODULES': 'gail:atk-bridge', 'LC_MONETARY': 'ko_KR.UTF-8', 'MANAGERPID': '3428', 'SYSTEMD_EXEC_PID': '3716', 'GSM_SKIP_SSH_AGENT_WORKAROUND': 'true', 'DBUS_SESSION_BUS_ADDRESS': 'unix:path=/run/user/1000/bus', 'COLORTERM': 'truecolor', 'TERMINATOR_DBUS_NAME': 'net.tenshu.Terminator23558193cd9818af7fe4d2c2f5bd9d00f', 'GIO_LAUNCHED_DESKTOP_FILE_PID': '4520', 'DEBUGINFOD_URLS': 'https://debuginfod.ubuntu.com', 'IM_CONFIG_PHASE': '1', 'ROS_DISTRO': 'jazzy', 'LOGNAME': 'uos-robotics', 'JOURNAL_STREAM': '8:30590', '_': '/usr/bin/colcon', 'ROS_VERSION': '2', 'XDG_SESSION_CLASS': 'user', 'USERNAME': 'uos-robotics', 'TERM': 'xterm-256color', 'GNOME_DESKTOP_SESSION_ID': 'this-is-deprecated', 'WINDOWPATH': '2', 'PATH': '/usr/local/cuda-13.0/bin:/opt/ros/jazzy/bin:/usr/local/cuda-13.0/bin:/usr/local/sbin:/usr/local/bin:/usr/sbin:/usr/bin:/sbin:/bin:/usr/games:/usr/local/games:/snap/bin:/snap/bin', 'SESSION_MANAGER': 'local/uos-robotics:@/tmp/.ICE-unix/3685,unix/uos-robotics:/tmp/.ICE-unix/3685', 'INVOCATION_ID': 'c46f158d307846e98dc76d57702325c2', 'PAPERSIZE': 'a4', 'XDG_MENU_PREFIX': 'gnome-', 'LC_ADDRESS': 'ko_KR.UTF-8', 'XDG_RUNTIME_DIR': '/run/user/1000', 'DISPLAY': ':1', 'TERMINATOR_DBUS_PATH': '/net/tenshu/Terminator2', 'LANG': 'en_US.UTF-8', 'XDG_CURRENT_DESKTOP': 'ubuntu:GNOME', 'LC_TELEPHONE': 'ko_KR.UTF-8', 'XMODIFIERS': '@im=ibus', 'XDG_SESSION_DESKTOP': 'ubuntu', 'XAUTHORITY': '/run/user/1000/gdm/Xauthority', 'LS_COLORS': 'rs=0:di=01;34:ln=01;36:mh=00:pi=40;33:so=01;35:do=01;35:bd=40;33;01:cd=40;33;01:or=40;31;01:mi=00:su=37;41:sg=30;43:ca=00:tw=30;42:ow=34;42:st=37;44:ex=01;32:*.tar=01;31:*.tgz=01;31:*.arc=01;31:*.arj=01;31:*.taz=01;31:*.lha=01;31:*.lz4=01;31:*.lzh=01;31:*.lzma=01;31:*.tlz=01;31:*.txz=01;31:*.tzo=01;31:*.t7z=01;31:*.zip=01;31:*.z=01;31:*.dz=01;31:*.gz=01;31:*.lrz=01;31:*.lz=01;31:*.lzo=01;31:*.xz=01;31:*.zst=01;31:*.tzst=01;31:*.bz2=01;31:*.bz=01;31:*.tbz=01;31:*.tbz2=01;31:*.tz=01;31:*.deb=01;31:*.rpm=01;31:*.jar=01;31:*.war=01;31:*.ear=01;31:*.sar=01;31:*.rar=01;31:*.alz=01;31:*.ace=01;31:*.zoo=01;31:*.cpio=01;31:*.7z=01;31:*.rz=01;31:*.cab=01;31:*.wim=01;31:*.swm=01;31:*.dwm=01;31:*.esd=01;31:*.avif=01;35:*.jpg=01;35:*.jpeg=01;35:*.mjpg=01;35:*.mjpeg=01;35:*.gif=01;35:*.bmp=01;35:*.pbm=01;35:*.pgm=01;35:*.ppm=01;35:*.tga=01;35:*.xbm=01;35:*.xpm=01;35:*.tif=01;35:*.tiff=01;35:*.png=01;35:*.svg=01;35:*.svgz=01;35:*.mng=01;35:*.pcx=01;35:*.mov=01;35:*.mpg=01;35:*.mpeg=01;35:*.m2v=01;35:*.mkv=01;35:*.webm=01;35:*.webp=01;35:*.ogm=01;35:*.mp4=01;35:*.m4v=01;35:*.mp4v=01;35:*.vob=01;35:*.qt=01;35:*.nuv=01;35:*.wmv=01;35:*.asf=01;35:*.rm=01;35:*.rmvb=01;35:*.flc=01;35:*.avi=01;35:*.fli=01;35:*.flv=01;35:*.gl=01;35:*.dl=01;35:*.xcf=01;35:*.xwd=01;35:*.yuv=01;35:*.cgm=01;35:*.emf=01;35:*.ogv=01;35:*.ogx=01;35:*.aac=00;36:*.au=00;36:*.flac=00;36:*.m4a=00;36:*.mid=00;36:*.midi=00;36:*.mka=00;36:*.mp3=00;36:*.mpc=00;36:*.ogg=00;36:*.ra=00;36:*.wav=00;36:*.oga=00;36:*.opus=00;36:*.spx=00;36:*.xspf=00;36:*~=00;90:*#=00;90:*.bak=00;90:*.crdownload=00;90:*.dpkg-dist=00;90:*.dpkg-new=00;90:*.dpkg-old=00;90:*.dpkg-tmp=00;90:*.old=00;90:*.orig=00;90:*.part=00;90:*.rej=00;90:*.rpmnew=00;90:*.rpmorig=00;90:*.rpmsave=00;90:*.swp=00;90:*.tmp=00;90:*.ucf-dist=00;90:*.ucf-new=00;90:*.ucf-old=00;90:', 'SSH_AUTH_SOCK': '/run/user/1000/keyring/ssh', 'AMENT_PREFIX_PATH': '/home/uos-robotics/ws_livox/install/livox_sdk_vendor:/home/uos-robotics/ws_livox/install/livox_interfaces:/opt/ros/jazzy', 'SHELL': '/bin/bash', 'LC_NAME': 'ko_KR.UTF-8', 'TERMINATOR_UUID': 'urn:uuid:9a49d437-4883-4a37-b6ee-ced657ed0a48', 'QT_ACCESSIBILITY': '1', 'GDMSESSION': 'ubuntu', 'LESSCLOSE': '/usr/bin/lesspipe %s %s', 'LC_MEASUREMENT': 'ko_KR.UTF-8', 'GPG_AGENT_INFO': '/run/user/1000/gnupg/S.gpg-agent:0:1', 'GJS_DEBUG_OUTPUT': 'stderr', 'LC_IDENTIFICATION': 'ko_KR.UTF-8', 'ROS_AUTOMATIC_DISCOVERY_RANGE': 'SUBNET', 'QT_IM_MODULE': 'ibus', 'PWD': '/home/uos-robotics/ws_livox/build/livox_ros2_driver', 'XDG_CONFIG_DIRS': '/etc/xdg/xdg-ubuntu:/etc/xdg', 'XDG_DATA_DIRS': '/usr/share/ubuntu:/usr/share/gnome:/usr/local/share/:/usr/share/:/var/lib/snapd/desktop', 'PYTHONPATH': '/home/uos-robotics/ws_livox/install/livox_interfaces/lib/python3.12/site-packages:/opt/ros/jazzy/lib/python3.12/site-packages', 'LC_NUMERIC': 'ko_KR.UTF-8', 'LC_PAPER': 'ko_KR.UTF-8', 'COLCON': '1', 'VTE_VERSION': '7600', 'CMAKE_PREFIX_PATH': '/home/uos-robotics/ws_livox/install/livox_sdk_vendor:/home/uos-robotics/ws_livox/install/livox_interfaces:/opt/ros/jazzy/opt/gz_math_vendor:/opt/ros/jazzy/opt/gz_utils_vendor:/opt/ros/jazzy/opt/gz_cmake_vendor:/opt/ros/jazzy'}), 'shell': False}
[13.229737] (livox_ros2_driver) StdoutLine: {'line': b'[ 12%] \x1b[32mBuilding CXX object CMakeFiles/livox_ros2_driver.dir/livox_ros2_driver/lvx_file.cpp.o\x1b[0m\n'}
[13.230002] (livox_ros2_driver) StdoutLine: {'line': b'[ 12%] \x1b[32mBuilding CXX object CMakeFiles/livox_ros2_driver_node.dir/rclcpp_components/node_main_livox_ros2_driver_node.cpp.o\x1b[0m\n'}
[13.230077] (livox_ros2_driver) StdoutLine: {'line': b'[ 18%] \x1b[32mBuilding CXX object CMakeFiles/livox_ros2_driver.dir/livox_ros2_driver/lds_lvx.cpp.o\x1b[0m\n'}
[13.230131] (livox_ros2_driver) StdoutLine: {'line': b'[ 25%] \x1b[32mBuilding CXX object CMakeFiles/livox_ros2_driver.dir/livox_ros2_driver/lddc.cpp.o\x1b[0m\n'}
[13.230247] (livox_ros2_driver) StdoutLine: {'line': b'[ 31%] \x1b[32mBuilding CXX object CMakeFiles/livox_ros2_driver.dir/livox_ros2_driver/ldq.cpp.o\x1b[0m\n'}
[13.230303] (livox_ros2_driver) StdoutLine: {'line': b'[ 37%] \x1b[32mBuilding CXX object CMakeFiles/livox_ros2_driver.dir/livox_ros2_driver/lds_lidar.cpp.o\x1b[0m\n'}
[13.230349] (livox_ros2_driver) StdoutLine: {'line': b'[ 43%] \x1b[32mBuilding CXX object CMakeFiles/livox_ros2_driver.dir/livox_ros2_driver/lds.cpp.o\x1b[0m\n'}
[13.230394] (livox_ros2_driver) StdoutLine: {'line': b'[ 50%] \x1b[32mBuilding CXX object CMakeFiles/livox_ros2_driver.dir/common/comm/comm_protocol.cpp.o\x1b[0m\n'}
[13.230440] (livox_ros2_driver) StdoutLine: {'line': b'[ 56%] \x1b[32mBuilding CXX object CMakeFiles/livox_ros2_driver.dir/timesync/timesync.cpp.o\x1b[0m\n'}
[13.230486] (livox_ros2_driver) StdoutLine: {'line': b'[ 62%] \x1b[32mBuilding CXX object CMakeFiles/livox_ros2_driver.dir/timesync/user_uart/user_uart.cpp.o\x1b[0m\n'}
[13.230531] (livox_ros2_driver) StdoutLine: {'line': b'[ 75%] \x1b[32mBuilding CXX object CMakeFiles/livox_ros2_driver.dir/livox_ros2_driver/lds_hub.cpp.o\x1b[0m\n'}
[13.230576] (livox_ros2_driver) StdoutLine: {'line': b'[ 75%] \x1b[32mBuilding CXX object CMakeFiles/livox_ros2_driver.dir/livox_ros2_driver/livox_ros2_driver.cpp.o\x1b[0m\n'}
[13.231911] (livox_ros2_driver) StdoutLine: {'line': b'[ 81%] \x1b[32mBuilding CXX object CMakeFiles/livox_ros2_driver.dir/common/comm/sdk_protocol.cpp.o\x1b[0m\n'}
[13.236688] (livox_ros2_driver) StdoutLine: {'line': b'[ 87%] \x1b[32mBuilding CXX object CMakeFiles/livox_ros2_driver.dir/common/comm/gps_protocol.cpp.o\x1b[0m\n'}
[13.243273] (-) TimerEvent: {}
[13.349262] (-) TimerEvent: {}
[13.449683] (-) TimerEvent: {}
[13.551944] (-) TimerEvent: {}
[13.652368] (-) TimerEvent: {}
[13.753333] (-) TimerEvent: {}
[13.853654] (-) TimerEvent: {}
[13.954967] (-) TimerEvent: {}
[14.055263] (-) TimerEvent: {}
[14.155561] (-) TimerEvent: {}
[14.255830] (-) TimerEvent: {}
[14.356057] (-) TimerEvent: {}
[14.456256] (-) TimerEvent: {}
[14.556408] (-) TimerEvent: {}
[14.656556] (-) TimerEvent: {}
[14.756744] (-) TimerEvent: {}
[14.856961] (-) TimerEvent: {}
[14.957210] (-) TimerEvent: {}
[15.057408] (-) TimerEvent: {}
[15.157582] (-) TimerEvent: {}
[15.257731] (-) TimerEvent: {}
[15.357879] (-) TimerEvent: {}
[15.458009] (-) TimerEvent: {}
[15.559011] (-) TimerEvent: {}
[15.659203] (-) TimerEvent: {}
[15.759475] (-) TimerEvent: {}
[15.764601] (livox_ros2_driver) StdoutLine: {'line': b'[ 93%] \x1b[32m\x1b[1mLinking CXX executable livox_ros2_driver_node\x1b[0m\n'}
[15.859595] (-) TimerEvent: {}
[15.877348] (livox_ros2_driver) StdoutLine: {'line': b'[ 93%] Built target livox_ros2_driver_node\n'}
[15.959708] (-) TimerEvent: {}
[16.060074] (-) TimerEvent: {}
[16.160437] (-) TimerEvent: {}
[16.260738] (-) TimerEvent: {}
[16.360979] (-) TimerEvent: {}
[16.461181] (-) TimerEvent: {}
[16.561410] (-) TimerEvent: {}
[16.661725] (-) TimerEvent: {}
[16.761954] (-) TimerEvent: {}
[16.862148] (-) TimerEvent: {}
[16.962316] (-) TimerEvent: {}
[17.062479] (-) TimerEvent: {}
[17.162720] (-) TimerEvent: {}
[17.263130] (-) TimerEvent: {}
[17.363457] (-) TimerEvent: {}
[17.463761] (-) TimerEvent: {}
[17.564032] (-) TimerEvent: {}
[17.664322] (-) TimerEvent: {}
[17.764584] (-) TimerEvent: {}
[17.864822] (-) TimerEvent: {}
[17.965095] (-) TimerEvent: {}
[18.065507] (-) TimerEvent: {}
[18.166073] (-) TimerEvent: {}
[18.268183] (-) TimerEvent: {}
[18.370253] (-) TimerEvent: {}
[18.471894] (-) TimerEvent: {}
[18.572352] (-) TimerEvent: {}
[18.673947] (-) TimerEvent: {}
[18.775569] (-) TimerEvent: {}
[18.877110] (-) TimerEvent: {}
[18.978688] (-) TimerEvent: {}
[19.080071] (-) TimerEvent: {}
[19.181633] (-) TimerEvent: {}
[19.283222] (-) TimerEvent: {}
[19.384820] (-) TimerEvent: {}
[19.486405] (-) TimerEvent: {}
[19.586893] (-) TimerEvent: {}
[19.688486] (-) TimerEvent: {}
[19.790122] (-) TimerEvent: {}
[19.891716] (-) TimerEvent: {}
[19.993310] (-) TimerEvent: {}
[20.094792] (-) TimerEvent: {}
[20.196289] (-) TimerEvent: {}
[20.297621] (-) TimerEvent: {}
[20.399212] (-) TimerEvent: {}
[20.500800] (-) TimerEvent: {}
[20.601130] (-) TimerEvent: {}
[20.702139] (-) TimerEvent: {}
[20.773348] (livox_ros2_driver) StdoutLine: {'line': b'[100%] \x1b[32m\x1b[1mLinking CXX shared library liblivox_ros2_driver.so\x1b[0m\n'}
[20.803053] (-) TimerEvent: {}
[20.903442] (-) TimerEvent: {}
[21.003911] (-) TimerEvent: {}
[21.104378] (-) TimerEvent: {}
[21.205009] (-) TimerEvent: {}
[21.305491] (-) TimerEvent: {}
[21.405982] (-) TimerEvent: {}
[21.457308] (livox_ros2_driver) StdoutLine: {'line': b'[100%] Built target livox_ros2_driver\n'}
[21.472204] (livox_ros2_driver) CommandEnded: {'returncode': 0}
[21.473529] (livox_ros2_driver) JobProgress: {'identifier': 'livox_ros2_driver', 'progress': 'install'}
[21.474735] (livox_ros2_driver) Command: {'cmd': ['/usr/bin/cmake', '--install', '/home/uos-robotics/ws_livox/build/livox_ros2_driver'], 'cwd': '/home/uos-robotics/ws_livox/build/livox_ros2_driver', 'env': OrderedDict({'GJS_DEBUG_TOPICS': 'JS ERROR;JS LOG', 'XDG_ACTIVATION_TOKEN': 'gnome-shell/터미네이터/3716-0-uos-robotics_TIME57382', 'LESSOPEN': '| /usr/bin/lesspipe %s', 'LANGUAGE': 'ko:en', 'USER': 'uos-robotics', 'LC_TIME': 'ko_KR.UTF-8', 'XDG_SESSION_TYPE': 'x11', 'ROS_APT_SOURCE_VERSION': '1.2.0', 'CLUTTER_DISABLE_MIPMAPPED_TEXT': '1', 'SHLVL': '1', 'LD_LIBRARY_PATH': '/home/uos-robotics/ws_livox/install/livox_interfaces/lib:/usr/local/cuda-13.0/lib64:/opt/ros/jazzy/opt/rviz_ogre_vendor/lib:/opt/ros/jazzy/lib/aarch64-linux-gnu:/opt/ros/jazzy/opt/gz_math_vendor/lib:/opt/ros/jazzy/opt/gz_utils_vendor/lib:/opt/ros/jazzy/opt/gz_cmake_vendor/lib:/opt/ros/jazzy/lib:/usr/local/cuda-13.0/lib64', 'HOME': '/home/uos-robotics', 'OLDPWD': '/home/uos-robotics/ws_livox', 'DESKTOP_SESSION': 'ubuntu', 'GIO_LAUNCHED_DESKTOP_FILE': '/usr/share/applications/terminator.desktop', 'ROS_PYTHON_VERSION': '3', 'GNOME_SHELL_SESSION_MODE': 'ubuntu', 'GTK_MODULES': 'gail:atk-bridge', 'LC_MONETARY': 'ko_KR.UTF-8', 'MANAGERPID': '3428', 'SYSTEMD_EXEC_PID': '3716', 'GSM_SKIP_SSH_AGENT_WORKAROUND': 'true', 'DBUS_SESSION_BUS_ADDRESS': 'unix:path=/run/user/1000/bus', 'COLORTERM': 'truecolor', 'TERMINATOR_DBUS_NAME': 'net.tenshu.Terminator23558193cd9818af7fe4d2c2f5bd9d00f', 'GIO_LAUNCHED_DESKTOP_FILE_PID': '4520', 'DEBUGINFOD_URLS': 'https://debuginfod.ubuntu.com', 'IM_CONFIG_PHASE': '1', 'ROS_DISTRO': 'jazzy', 'LOGNAME': 'uos-robotics', 'JOURNAL_STREAM': '8:30590', '_': '/usr/bin/colcon', 'ROS_VERSION': '2', 'XDG_SESSION_CLASS': 'user', 'USERNAME': 'uos-robotics', 'TERM': 'xterm-256color', 'GNOME_DESKTOP_SESSION_ID': 'this-is-deprecated', 'WINDOWPATH': '2', 'PATH': '/usr/local/cuda-13.0/bin:/opt/ros/jazzy/bin:/usr/local/cuda-13.0/bin:/usr/local/sbin:/usr/local/bin:/usr/sbin:/usr/bin:/sbin:/bin:/usr/games:/usr/local/games:/snap/bin:/snap/bin', 'SESSION_MANAGER': 'local/uos-robotics:@/tmp/.ICE-unix/3685,unix/uos-robotics:/tmp/.ICE-unix/3685', 'INVOCATION_ID': 'c46f158d307846e98dc76d57702325c2', 'PAPERSIZE': 'a4', 'XDG_MENU_PREFIX': 'gnome-', 'LC_ADDRESS': 'ko_KR.UTF-8', 'XDG_RUNTIME_DIR': '/run/user/1000', 'DISPLAY': ':1', 'TERMINATOR_DBUS_PATH': '/net/tenshu/Terminator2', 'LANG': 'en_US.UTF-8', 'XDG_CURRENT_DESKTOP': 'ubuntu:GNOME', 'LC_TELEPHONE': 'ko_KR.UTF-8', 'XMODIFIERS': '@im=ibus', 'XDG_SESSION_DESKTOP': 'ubuntu', 'XAUTHORITY': '/run/user/1000/gdm/Xauthority', 'LS_COLORS': 'rs=0:di=01;34:ln=01;36:mh=00:pi=40;33:so=01;35:do=01;35:bd=40;33;01:cd=40;33;01:or=40;31;01:mi=00:su=37;41:sg=30;43:ca=00:tw=30;42:ow=34;42:st=37;44:ex=01;32:*.tar=01;31:*.tgz=01;31:*.arc=01;31:*.arj=01;31:*.taz=01;31:*.lha=01;31:*.lz4=01;31:*.lzh=01;31:*.lzma=01;31:*.tlz=01;31:*.txz=01;31:*.tzo=01;31:*.t7z=01;31:*.zip=01;31:*.z=01;31:*.dz=01;31:*.gz=01;31:*.lrz=01;31:*.lz=01;31:*.lzo=01;31:*.xz=01;31:*.zst=01;31:*.tzst=01;31:*.bz2=01;31:*.bz=01;31:*.tbz=01;31:*.tbz2=01;31:*.tz=01;31:*.deb=01;31:*.rpm=01;31:*.jar=01;31:*.war=01;31:*.ear=01;31:*.sar=01;31:*.rar=01;31:*.alz=01;31:*.ace=01;31:*.zoo=01;31:*.cpio=01;31:*.7z=01;31:*.rz=01;31:*.cab=01;31:*.wim=01;31:*.swm=01;31:*.dwm=01;31:*.esd=01;31:*.avif=01;35:*.jpg=01;35:*.jpeg=01;35:*.mjpg=01;35:*.mjpeg=01;35:*.gif=01;35:*.bmp=01;35:*.pbm=01;35:*.pgm=01;35:*.ppm=01;35:*.tga=01;35:*.xbm=01;35:*.xpm=01;35:*.tif=01;35:*.tiff=01;35:*.png=01;35:*.svg=01;35:*.svgz=01;35:*.mng=01;35:*.pcx=01;35:*.mov=01;35:*.mpg=01;35:*.mpeg=01;35:*.m2v=01;35:*.mkv=01;35:*.webm=01;35:*.webp=01;35:*.ogm=01;35:*.mp4=01;35:*.m4v=01;35:*.mp4v=01;35:*.vob=01;35:*.qt=01;35:*.nuv=01;35:*.wmv=01;35:*.asf=01;35:*.rm=01;35:*.rmvb=01;35:*.flc=01;35:*.avi=01;35:*.fli=01;35:*.flv=01;35:*.gl=01;35:*.dl=01;35:*.xcf=01;35:*.xwd=01;35:*.yuv=01;35:*.cgm=01;35:*.emf=01;35:*.ogv=01;35:*.ogx=01;35:*.aac=00;36:*.au=00;36:*.flac=00;36:*.m4a=00;36:*.mid=00;36:*.midi=00;36:*.mka=00;36:*.mp3=00;36:*.mpc=00;36:*.ogg=00;36:*.ra=00;36:*.wav=00;36:*.oga=00;36:*.opus=00;36:*.spx=00;36:*.xspf=00;36:*~=00;90:*#=00;90:*.bak=00;90:*.crdownload=00;90:*.dpkg-dist=00;90:*.dpkg-new=00;90:*.dpkg-old=00;90:*.dpkg-tmp=00;90:*.old=00;90:*.orig=00;90:*.part=00;90:*.rej=00;90:*.rpmnew=00;90:*.rpmorig=00;90:*.rpmsave=00;90:*.swp=00;90:*.tmp=00;90:*.ucf-dist=00;90:*.ucf-new=00;90:*.ucf-old=00;90:', 'SSH_AUTH_SOCK': '/run/user/1000/keyring/ssh', 'AMENT_PREFIX_PATH': '/home/uos-robotics/ws_livox/install/livox_sdk_vendor:/home/uos-robotics/ws_livox/install/livox_interfaces:/opt/ros/jazzy', 'SHELL': '/bin/bash', 'LC_NAME': 'ko_KR.UTF-8', 'TERMINATOR_UUID': 'urn:uuid:9a49d437-4883-4a37-b6ee-ced657ed0a48', 'QT_ACCESSIBILITY': '1', 'GDMSESSION': 'ubuntu', 'LESSCLOSE': '/usr/bin/lesspipe %s %s', 'LC_MEASUREMENT': 'ko_KR.UTF-8', 'GPG_AGENT_INFO': '/run/user/1000/gnupg/S.gpg-agent:0:1', 'GJS_DEBUG_OUTPUT': 'stderr', 'LC_IDENTIFICATION': 'ko_KR.UTF-8', 'ROS_AUTOMATIC_DISCOVERY_RANGE': 'SUBNET', 'QT_IM_MODULE': 'ibus', 'PWD': '/home/uos-robotics/ws_livox/build/livox_ros2_driver', 'XDG_CONFIG_DIRS': '/etc/xdg/xdg-ubuntu:/etc/xdg', 'XDG_DATA_DIRS': '/usr/share/ubuntu:/usr/share/gnome:/usr/local/share/:/usr/share/:/var/lib/snapd/desktop', 'PYTHONPATH': '/home/uos-robotics/ws_livox/install/livox_interfaces/lib/python3.12/site-packages:/opt/ros/jazzy/lib/python3.12/site-packages', 'LC_NUMERIC': 'ko_KR.UTF-8', 'LC_PAPER': 'ko_KR.UTF-8', 'COLCON': '1', 'VTE_VERSION': '7600', 'CMAKE_PREFIX_PATH': '/home/uos-robotics/ws_livox/install/livox_sdk_vendor:/home/uos-robotics/ws_livox/install/livox_interfaces:/opt/ros/jazzy/opt/gz_math_vendor:/opt/ros/jazzy/opt/gz_utils_vendor:/opt/ros/jazzy/opt/gz_cmake_vendor:/opt/ros/jazzy'}), 'shell': False}
[21.482930] (livox_ros2_driver) StdoutLine: {'line': b'-- Install configuration: ""\n'}
[21.484322] (livox_ros2_driver) StdoutLine: {'line': b'-- Execute custom install script\n'}
[21.484450] (livox_ros2_driver) StdoutLine: {'line': b'-- Symlinking: /home/uos-robotics/ws_livox/install/livox_ros2_driver/lib/livox_ros2_driver/livox_ros2_driver_node\n'}
[21.493027] (livox_ros2_driver) StdoutLine: {'line': b'-- Symlinking: /home/uos-robotics/ws_livox/install/livox_ros2_driver/share/livox_ros2_driver/environment/library_path.sh\n'}
[21.503287] (livox_ros2_driver) StdoutLine: {'line': b'-- Symlinking: /home/uos-robotics/ws_livox/install/livox_ros2_driver/share/livox_ros2_driver/environment/library_path.dsv\n'}
[21.506051] (-) TimerEvent: {}
[21.513448] (livox_ros2_driver) StdoutLine: {'line': b'-- Symlinking: /home/uos-robotics/ws_livox/install/livox_ros2_driver/lib/liblivox_ros2_driver.so\n'}
[21.523086] (livox_ros2_driver) StdoutLine: {'line': b'-- Symlinking: /home/uos-robotics/ws_livox/install/livox_ros2_driver/share/livox_ros2_driver/config/livox_hub.rviz\n'}
[21.534252] (livox_ros2_driver) StdoutLine: {'line': b'-- Symlinking: /home/uos-robotics/ws_livox/install/livox_ros2_driver/share/livox_ros2_driver/config/livox_hub_config.json\n'}
[21.543898] (livox_ros2_driver) StdoutLine: {'line': b'-- Symlinking: /home/uos-robotics/ws_livox/install/livox_ros2_driver/share/livox_ros2_driver/config/livox_lidar.rviz\n'}
[21.553499] (livox_ros2_driver) StdoutLine: {'line': b'-- Symlinking: /home/uos-robotics/ws_livox/install/livox_ros2_driver/share/livox_ros2_driver/config/livox_lidar_config.json\n'}
[21.563541] (livox_ros2_driver) StdoutLine: {'line': b'-- Symlinking: /home/uos-robotics/ws_livox/install/livox_ros2_driver/share/livox_ros2_driver/launch/livox_hub_launch.py\n'}
[21.574731] (livox_ros2_driver) StdoutLine: {'line': b'-- Symlinking: /home/uos-robotics/ws_livox/install/livox_ros2_driver/share/livox_ros2_driver/launch/livox_hub_msg_launch .py\n'}
[21.584736] (livox_ros2_driver) StdoutLine: {'line': b'-- Symlinking: /home/uos-robotics/ws_livox/install/livox_ros2_driver/share/livox_ros2_driver/launch/livox_hub_rviz_launch.py\n'}
[21.594636] (livox_ros2_driver) StdoutLine: {'line': b'-- Symlinking: /home/uos-robotics/ws_livox/install/livox_ros2_driver/share/livox_ros2_driver/launch/livox_lidar_launch.py\n'}
[21.604760] (livox_ros2_driver) StdoutLine: {'line': b'-- Symlinking: /home/uos-robotics/ws_livox/install/livox_ros2_driver/share/livox_ros2_driver/launch/livox_lidar_msg_launch.py\n'}
[21.606122] (-) TimerEvent: {}
[21.614265] (livox_ros2_driver) StdoutLine: {'line': b'-- Symlinking: /home/uos-robotics/ws_livox/install/livox_ros2_driver/share/livox_ros2_driver/launch/livox_lidar_rviz_launch.py\n'}
[21.624586] (livox_ros2_driver) StdoutLine: {'line': b'-- Symlinking: /home/uos-robotics/ws_livox/install/livox_ros2_driver/share/livox_ros2_driver/launch/livox_template_launch.py\n'}
[21.635962] (livox_ros2_driver) StdoutLine: {'line': b'-- Symlinking: /home/uos-robotics/ws_livox/install/livox_ros2_driver/share/ament_index/resource_index/package_run_dependencies/livox_ros2_driver\n'}
[21.646614] (livox_ros2_driver) StdoutLine: {'line': b'-- Symlinking: /home/uos-robotics/ws_livox/install/livox_ros2_driver/share/ament_index/resource_index/parent_prefix_path/livox_ros2_driver\n'}
[21.656001] (livox_ros2_driver) StdoutLine: {'line': b'-- Symlinking: /home/uos-robotics/ws_livox/install/livox_ros2_driver/share/livox_ros2_driver/environment/ament_prefix_path.sh\n'}
[21.667235] (livox_ros2_driver) StdoutLine: {'line': b'-- Symlinking: /home/uos-robotics/ws_livox/install/livox_ros2_driver/share/livox_ros2_driver/environment/ament_prefix_path.dsv\n'}
[21.678471] (livox_ros2_driver) StdoutLine: {'line': b'-- Symlinking: /home/uos-robotics/ws_livox/install/livox_ros2_driver/share/livox_ros2_driver/environment/path.sh\n'}
[21.688199] (livox_ros2_driver) StdoutLine: {'line': b'-- Symlinking: /home/uos-robotics/ws_livox/install/livox_ros2_driver/share/livox_ros2_driver/environment/path.dsv\n'}
[21.697808] (livox_ros2_driver) StdoutLine: {'line': b'-- Symlinking: /home/uos-robotics/ws_livox/install/livox_ros2_driver/share/livox_ros2_driver/local_setup.bash\n'}
[21.706195] (-) TimerEvent: {}
[21.708265] (livox_ros2_driver) StdoutLine: {'line': b'-- Symlinking: /home/uos-robotics/ws_livox/install/livox_ros2_driver/share/livox_ros2_driver/local_setup.sh\n'}
[21.717917] (livox_ros2_driver) StdoutLine: {'line': b'-- Symlinking: /home/uos-robotics/ws_livox/install/livox_ros2_driver/share/livox_ros2_driver/local_setup.zsh\n'}
[21.727303] (livox_ros2_driver) StdoutLine: {'line': b'-- Symlinking: /home/uos-robotics/ws_livox/install/livox_ros2_driver/share/livox_ros2_driver/local_setup.dsv\n'}
[21.736835] (livox_ros2_driver) StdoutLine: {'line': b'-- Symlinking: /home/uos-robotics/ws_livox/install/livox_ros2_driver/share/livox_ros2_driver/package.dsv\n'}
[21.747010] (livox_ros2_driver) StdoutLine: {'line': b'-- Symlinking: /home/uos-robotics/ws_livox/install/livox_ros2_driver/share/ament_index/resource_index/packages/livox_ros2_driver\n'}
[21.756852] (livox_ros2_driver) StdoutLine: {'line': b'-- Symlinking: /home/uos-robotics/ws_livox/install/livox_ros2_driver/share/ament_index/resource_index/rclcpp_components/livox_ros2_driver\n'}
[21.767614] (livox_ros2_driver) StdoutLine: {'line': b'-- Symlinking: /home/uos-robotics/ws_livox/install/livox_ros2_driver/share/livox_ros2_driver/cmake/ament_cmake_export_dependencies-extras.cmake\n'}
[21.776605] (livox_ros2_driver) StdoutLine: {'line': b'-- Symlinking: /home/uos-robotics/ws_livox/install/livox_ros2_driver/share/livox_ros2_driver/cmake/ament_cmake_export_libraries-extras.cmake\n'}
[21.787806] (livox_ros2_driver) StdoutLine: {'line': b'-- Symlinking: /home/uos-robotics/ws_livox/install/livox_ros2_driver/share/livox_ros2_driver/cmake/livox_ros2_driverConfig.cmake\n'}
[21.798813] (livox_ros2_driver) StdoutLine: {'line': b'-- Symlinking: /home/uos-robotics/ws_livox/install/livox_ros2_driver/share/livox_ros2_driver/cmake/livox_ros2_driverConfig-version.cmake\n'}
[21.806263] (-) TimerEvent: {}
[21.808219] (livox_ros2_driver) StdoutLine: {'line': b'-- Symlinking: /home/uos-robotics/ws_livox/install/livox_ros2_driver/share/livox_ros2_driver/package.xml\n'}
[21.821941] (livox_ros2_driver) CommandEnded: {'returncode': 0}
[21.845389] (livox_ros2_driver) JobEnded: {'identifier': 'livox_ros2_driver', 'rc': 0}
[21.846469] (-) EventReactorShutdown: {}
